id,campo,valor_original,valor_canonico,categoria,regla_aplicada,confianza,requiere_revision,nota
CNT-001,id,CNT-001,CNT-001,FREE_TEXT,copy_verbatim,Alta,false,
CNT-001,titulo,Mi gato: tarotista (meme-to-reel),Mi gato: tarotista (meme-to-reel),FREE_TEXT,copy_verbatim,Alta,false,
CNT-001,personaje_principal,@char_USM_universe,@char_USM_universe,FREE_TEXT,copy_verbatim,Alta,false,
CNT-001,personajes_secundarios,,,FREE_TEXT,copy_verbatim,Alta,false,
CNT-001,tipo_contenido,Reel / Meme adaptado,Reel / Meme adaptado,A,exact_enum_match,Alta,false,
CNT-001,plataforma,"Instagram, Facebook, TikTok",Multi,B,multi_combo_to_Multi,Media,false,
CNT-001,objetivo,Reutilizar contenido viral de Facebook a formato Reel vertical,Reutilizar contenido viral de Facebook a formato Reel vertical,FREE_TEXT,copy_verbatim,Alta,false,
CNT-001,hipotesis,,,FREE_TEXT,copy_verbatim,Alta,false,
CNT-001,estado,Reutilizable (pendiente de revisión de continuidad),,C_REAL,,Baja,true,fuera de enum; requiere decision humana (OVERRIDES)
CNT-001,prioridad,Alta,Alta,A,exact_enum_match,Alta,false,
CNT-001,dificultad_produccion,Baja (ya generado en Flow),,C_REAL,,Baja,true,fuera de enum; requiere decision humana (OVERRIDES)
CNT-001,reutilizable,Sí,Sí,A,exact_enum_match,Alta,false,
CNT-001,fecha_ultima_publicacion,"2026-07-29 (generado, no publicado)",2026-07-29,A,iso_date_parse,Alta,false,
CNT-001,fuente,08_Production/Reels/Reel_001.md,08_Production/Reels/Reel_001.md,FREE_TEXT,copy_verbatim,Alta,false,
CNT-001,formato,"9:16, ~9s, 3 shots","9:16, ~9s, 3 shots",FREE_TEXT,copy_verbatim,Alta,false,
CNT-001,categoria,Humor / Meme,Humor / Meme,A,exact_enum_match,Alta,false,
CNT-001,bloqueado_canon,Sí — pendiente revisión de continuidad,Sí,B,bloqueado_flag_strip,Media,false,detalle preservado: pendiente revisión de continuidad
CNT-001,estado_operacion_normalizado,Reuse_Candidate,,C_REAL,,Baja,true,fuera de enum; requiere decision humana (OVERRIDES)
CNT-001,estado_canon_normalizado,Canon_Clear_or_Unverified,Canon_Clear_or_Unverified,A,exact_enum_match,Alta,false,
CNT-001,asset_ref_confirmado,,,FREE_TEXT,copy_verbatim,Alta,false,
CNT-001,asset_ref_candidato,,,FREE_TEXT,copy_verbatim,Alta,false,
CNT-001,reconciliacion_estado,No_Confirmed_Match,No_Confirmed_Match,A,exact_enum_match,Alta,false,
CNT-001,reconciliacion_confianza,None,None,A,exact_enum_match,Alta,false,
CNT-001,reconciliacion_fuente,,,FREE_TEXT,copy_verbatim,Alta,false,
CNT-001,reconciliacion_nota,No se encontró una coincidencia explícita CNT↔260 en el repositorio o en la búsqueda de Drive utilizada para este lote.,No se encontró una coincidencia explícita CNT↔260 en el repositorio o en la búsqueda de Drive utilizada para este lote.,FREE_TEXT,copy_verbatim,Alta,false,
CNT-001,registro_relacionado,,,FREE_TEXT,copy_verbatim,Alta,false,
CNT-001,drive_reference_id,,,FREE_TEXT,copy_verbatim,Alta,false,
CNT-001,meta_publication_id,,,FREE_TEXT,copy_verbatim,Alta,false,
CNT-001,meta_permalink,,,FREE_TEXT,copy_verbatim,Alta,false,
CNT-001,asset_set,,,FREE_TEXT,copy_verbatim,Alta,false,
CNT-001,asset_ref,,,FREE_TEXT,copy_verbatim,Alta,false,
CNT-001,asset_filename,,,FREE_TEXT,copy_verbatim,Alta,false,
CNT-001,drive_id,,,FREE_TEXT,copy_verbatim,Alta,false,
CNT-001,estado_canon,,,FREE_TEXT,copy_verbatim,Alta,false,
CNT-001,estado_produccion,,,FREE_TEXT,copy_verbatim,Alta,false,
CNT-001,estado_publicacion,,,FREE_TEXT,copy_verbatim,Alta,false,
CNT-001,ultima_sincronizacion,,,FREE_TEXT,copy_verbatim,Alta,false,
CNT-001,motivo_revision_normalizado,,,FREE_TEXT,copy_verbatim,Alta,false,
CNT-001,personaje_principal_normalizado,Universe,Universe,FREE_TEXT,copy_verbatim,Alta,false,
CNT-001,personajes_secundarios_normalizados,Ninguno,Ninguno,FREE_TEXT,copy_verbatim,Alta,false,
CNT-001,rol_narrativo,Protagonista,Protagonista,FREE_TEXT,copy_verbatim,Alta,false,
CNT-001,tipo_humor_normalizado,Fandom o referencia,Fandom o referencia,FREE_TEXT,copy_verbatim,Alta,false,
CNT-001,potencial_etiquetado,Medio,Medio,FREE_TEXT,copy_verbatim,Alta,false,
CNT-001,confianza_taxonomia,Alta,Alta,FREE_TEXT,copy_verbatim,Alta,false,
CNT-001,fuente_taxonomia,Inventario + reglas taxonómicas,Inventario + reglas taxonómicas,FREE_TEXT,copy_verbatim,Alta,false,
CNT-001,nota_taxonomia,No sustituye canon; revisar si la confianza es Media o Baja.,No sustituye canon; revisar si la confianza es Media o Baja.,FREE_TEXT,copy_verbatim,Alta,false,
CNT-001,es_historico,,,FREE_TEXT,copy_verbatim,Alta,false,
CNT-002,id,CNT-002,CNT-002,FREE_TEXT,copy_verbatim,Alta,false,
CNT-002,titulo,Wilfred reseña su propio peluche,Wilfred reseña su propio peluche,FREE_TEXT,copy_verbatim,Alta,false,
CNT-002,personaje_principal,@char_USM_wilfred,@char_USM_wilfred,FREE_TEXT,copy_verbatim,Alta,false,
CNT-002,personajes_secundarios,@char_USM_universe,@char_USM_universe,FREE_TEXT,copy_verbatim,Alta,false,
CNT-002,tipo_contenido,Reel / Sección recurrente,Reel / Sección recurrente,A,exact_enum_match,Alta,false,
CNT-002,plataforma,"Instagram, TikTok, YouTube Shorts",Multi,B,multi_combo_to_Multi,Media,false,
CNT-002,objetivo,Lanzar sección recurrente '¿Qué me llegó?' + afiliación Mercado Libre,Lanzar sección recurrente '¿Qué me llegó?' + afiliación Mercado Libre,FREE_TEXT,copy_verbatim,Alta,false,
CNT-002,hipotesis,,,FREE_TEXT,copy_verbatim,Alta,false,
CNT-002,estado,Pendiente de producción,Pendiente de Producción,A,exact_enum_match,Alta,false,
CNT-002,prioridad,Alta,Alta,A,exact_enum_match,Alta,false,
CNT-002,dificultad_produccion,"Media (4 shots, contraste de estilos)",,C_REAL,,Baja,true,fuera de enum; requiere decision humana (OVERRIDES)
CNT-002,reutilizable,Sí (formato recurrente),Sí,B,reutilizable_flag_strip,Media,false,detalle preservado: formato recurrente
CNT-002,fecha_ultima_publicacion,2026-07-30 14:16:47+0000,2026-07-30,A,iso_date_parse,Alta,false,
CNT-002,fuente,08_Production/Reels/Reel_002.md,08_Production/Reels/Reel_002.md,FREE_TEXT,copy_verbatim,Alta,false,
CNT-002,formato,"9:16, ~14s, 4 shots","9:16, ~14s, 4 shots",FREE_TEXT,copy_verbatim,Alta,false,
CNT-002,categoria,Humor / Reseña / Comerciar,Humor / Reseña / Comerciar,A,exact_enum_match,Alta,false,
CNT-002,bloqueado_canon,No,No,A,exact_enum_match,Alta,false,
CNT-002,estado_operacion_normalizado,Production_Pending,Production_Pending,A,exact_enum_match,Alta,false,
CNT-002,estado_canon_normalizado,Canon_Clear_or_Unverified,Canon_Clear_or_Unverified,A,exact_enum_match,Alta,false,
CNT-002,asset_ref_confirmado,,,FREE_TEXT,copy_verbatim,Alta,false,
CNT-002,asset_ref_candidato,,,FREE_TEXT,copy_verbatim,Alta,false,
CNT-002,reconciliacion_estado,Resolved_Production_Set,Resolved_Production_Set,A,exact_enum_match,Alta,false,
CNT-002,reconciliacion_confianza,High,High,A,exact_enum_match,Alta,false,
CNT-002,reconciliacion_fuente,"Meta Graph API post 1036844829507460_122143141185072582; https://www.facebook.com/reel/911880681976378/; Drive candidate set: 1ovw39lQ-DrQ8TFc8Tje_onkown_TTWAZ, 1rbYxyQoaIVLXTioJ-db1_nfDmtzCQbnN, 1cdso5Jm0aTOMcWGSB-_uDQNeOxNBS_P8","Meta Graph API post 1036844829507460_122143141185072582; https://www.facebook.com/reel/911880681976378/; Drive candidate set: 1ovw39lQ-DrQ8TFc8Tje_onkown_TTWAZ, 1rbYxyQoaIVLXTioJ-db1_nfDmtzCQbnN, 1cdso5Jm0aTOMcWGSB-_uDQNeOxNBS_P8",FREE_TEXT,copy_verbatim,Alta,false,
CNT-002,reconciliacion_nota,"El post real de CNT-002 fue identificado en Meta. El análisis shot-by-shot muestra un reel de 17.39 s: gato llevando caja de Mercado Libre, Wilfred abre la caja, aparece el peluche, lo examina y lo abraza. Drive conserva tres videos de producción relacionados, no un archivo 260 único ni necesariamente el render final. Se cierra la excepción a nivel de publicación y conjunto de producción; no se inventa un 260.","El post real de CNT-002 fue identificado en Meta. El análisis shot-by-shot muestra un reel de 17.39 s: gato llevando caja de Mercado Libre, Wilfred abre la caja, aparece el peluche, lo examina y lo abraza. Drive conserva tres videos de producción relacionados, no un archivo 260 único ni necesariamente el render final. Se cierra la excepción a nivel de publicación y conjunto de producción; no se inventa un 260.",FREE_TEXT,copy_verbatim,Alta,false,
CNT-002,registro_relacionado,,,FREE_TEXT,copy_verbatim,Alta,false,
CNT-002,drive_reference_id,,,FREE_TEXT,copy_verbatim,Alta,false,
CNT-002,meta_publication_id,1036844829507460_122143141185072582,1036844829507460_122143141185072582,FREE_TEXT,copy_verbatim,Alta,false,
CNT-002,meta_permalink,https://www.facebook.com/reel/911880681976378/,https://www.facebook.com/reel/911880681976378/,FREE_TEXT,copy_verbatim,Alta,false,
CNT-002,asset_set,Wilfred_holding_plush_toy_202607300618.mp4; Wilfred_holding_plush_unimpressed_202607300634.mp4; Cat_carrying_box_to_Wilfred_202607300636.mp4,Wilfred_holding_plush_toy_202607300618.mp4; Wilfred_holding_plush_unimpressed_202607300634.mp4; Cat_carrying_box_to_Wilfred_202607300636.mp4,FREE_TEXT,copy_verbatim,Alta,false,
CNT-002,asset_ref,,,FREE_TEXT,copy_verbatim,Alta,false,
CNT-002,asset_filename,,,FREE_TEXT,copy_verbatim,Alta,false,
CNT-002,drive_id,,,FREE_TEXT,copy_verbatim,Alta,false,
CNT-002,estado_canon,,,FREE_TEXT,copy_verbatim,Alta,false,
CNT-002,estado_produccion,,,FREE_TEXT,copy_verbatim,Alta,false,
CNT-002,estado_publicacion,,,FREE_TEXT,copy_verbatim,Alta,false,
CNT-002,ultima_sincronizacion,,,FREE_TEXT,copy_verbatim,Alta,false,
CNT-002,motivo_revision_normalizado,,,FREE_TEXT,copy_verbatim,Alta,false,
CNT-002,personaje_principal_normalizado,Universe,Universe,FREE_TEXT,copy_verbatim,Alta,false,
CNT-002,personajes_secundarios_normalizados,Wilfred,Wilfred,FREE_TEXT,copy_verbatim,Alta,false,
CNT-002,rol_narrativo,Dúo o pareja,Dúo o pareja,FREE_TEXT,copy_verbatim,Alta,false,
CNT-002,tipo_humor_normalizado,Fandom o referencia,Fandom o referencia,FREE_TEXT,copy_verbatim,Alta,false,
CNT-002,potencial_etiquetado,Medio,Medio,FREE_TEXT,copy_verbatim,Alta,false,
CNT-002,confianza_taxonomia,Alta,Alta,FREE_TEXT,copy_verbatim,Alta,false,
CNT-002,fuente_taxonomia,Inventario + reglas taxonómicas,Inventario + reglas taxonómicas,FREE_TEXT,copy_verbatim,Alta,false,
CNT-002,nota_taxonomia,No sustituye canon; revisar si la confianza es Media o Baja.,No sustituye canon; revisar si la confianza es Media o Baja.,FREE_TEXT,copy_verbatim,Alta,false,
CNT-002,es_historico,,,FREE_TEXT,copy_verbatim,Alta,false,
CNT-003,id,CNT-003,CNT-003,FREE_TEXT,copy_verbatim,Alta,false,
CNT-003,titulo,Trailer 001 — Universe Sent Me (teaser cinematográfico),Trailer 001 — Universe Sent Me (teaser cinematográfico),FREE_TEXT,copy_verbatim,Alta,false,
CNT-003,personaje_principal,@char_USM_universe,@char_USM_universe,FREE_TEXT,copy_verbatim,Alta,false,
CNT-003,personajes_secundarios,"@char_USM_wilfred, @char_USM_fantasma","@char_USM_wilfred, @char_USM_fantasma",FREE_TEXT,copy_verbatim,Alta,false,
CNT-003,tipo_contenido,Trailer / Teaser,Trailer / Teaser,A,exact_enum_match,Alta,false,
CNT-003,plataforma,"YouTube, Instagram, TikTok, Facebook",Multi,B,multi_combo_to_Multi,Media,false,
CNT-003,objetivo,Teaser de marca del universo narrativo — presentar Resonancia como hilo conductor,Teaser de marca del universo narrativo — presentar Resonancia como hilo conductor,FREE_TEXT,copy_verbatim,Alta,false,
CNT-003,hipotesis,,,FREE_TEXT,copy_verbatim,Alta,false,
CNT-003,estado,Pendiente de producción,Pendiente de Producción,A,exact_enum_match,Alta,false,
CNT-003,prioridad,Alta,Alta,A,exact_enum_match,Alta,false,
CNT-003,dificultad_produccion,"Alta (5 shots, música folk-orquestal, edición)",,C_REAL,,Baja,true,fuera de enum; requiere decision humana (OVERRIDES)
CNT-003,reutilizable,No (pieza única de marca),No,B,reutilizable_flag_strip,Media,false,detalle preservado: pieza única de marca
CNT-003,fecha_ultima_publicacion,No publicado,,B,no_publicado_to_none,Alta,false,No publicado → None (Optional date)
CNT-003,fuente,08_Production/Trailers/Trailer_001.md,08_Production/Trailers/Trailer_001.md,FREE_TEXT,copy_verbatim,Alta,false,
CNT-003,formato,"9:16, ~32s, 5 shots + música","9:16, ~32s, 5 shots + música",FREE_TEXT,copy_verbatim,Alta,false,
CNT-003,categoria,Marca / Narrativa / Resonancia,Marca / Narrativa / Resonancia,A,exact_enum_match,Alta,false,
CNT-003,bloqueado_canon,No,No,A,exact_enum_match,Alta,false,
CNT-003,estado_operacion_normalizado,Production_Pending,Production_Pending,A,exact_enum_match,Alta,false,
CNT-003,estado_canon_normalizado,Canon_Clear_or_Unverified,Canon_Clear_or_Unverified,A,exact_enum_match,Alta,false,
CNT-003,asset_ref_confirmado,,,FREE_TEXT,copy_verbatim,Alta,false,
CNT-003,asset_ref_candidato,,,FREE_TEXT,copy_verbatim,Alta,false,
CNT-003,reconciliacion_estado,No_Confirmed_Match,No_Confirmed_Match,A,exact_enum_match,Alta,false,
CNT-003,reconciliacion_confianza,None,None,A,exact_enum_match,Alta,false,
CNT-003,reconciliacion_fuente,,,FREE_TEXT,copy_verbatim,Alta,false,
CNT-003,reconciliacion_nota,No se encontró una coincidencia explícita CNT↔260 en el repositorio o en la búsqueda de Drive utilizada para este lote.,No se encontró una coincidencia explícita CNT↔260 en el repositorio o en la búsqueda de Drive utilizada para este lote.,FREE_TEXT,copy_verbatim,Alta,false,
CNT-003,registro_relacionado,,,FREE_TEXT,copy_verbatim,Alta,false,
CNT-003,drive_reference_id,,,FREE_TEXT,copy_verbatim,Alta,false,
CNT-003,meta_publication_id,,,FREE_TEXT,copy_verbatim,Alta,false,
CNT-003,meta_permalink,,,FREE_TEXT,copy_verbatim,Alta,false,
CNT-003,asset_set,,,FREE_TEXT,copy_verbatim,Alta,false,
CNT-003,asset_ref,,,FREE_TEXT,copy_verbatim,Alta,false,
CNT-003,asset_filename,,,FREE_TEXT,copy_verbatim,Alta,false,
CNT-003,drive_id,,,FREE_TEXT,copy_verbatim,Alta,false,
CNT-003,estado_canon,,,FREE_TEXT,copy_verbatim,Alta,false,
CNT-003,estado_produccion,,,FREE_TEXT,copy_verbatim,Alta,false,
CNT-003,estado_publicacion,,,FREE_TEXT,copy_verbatim,Alta,false,
CNT-003,ultima_sincronizacion,,,FREE_TEXT,copy_verbatim,Alta,false,
CNT-003,motivo_revision_normalizado,,,FREE_TEXT,copy_verbatim,Alta,false,
CNT-003,personaje_principal_normalizado,Universe,Universe,FREE_TEXT,copy_verbatim,Alta,false,
CNT-003,personajes_secundarios_normalizados,Wilfred;Fantasma,Wilfred;Fantasma,FREE_TEXT,copy_verbatim,Alta,false,
CNT-003,rol_narrativo,Reparto coral,Reparto coral,FREE_TEXT,copy_verbatim,Alta,false,
CNT-003,tipo_humor_normalizado,No determinado,No determinado,FREE_TEXT,copy_verbatim,Alta,false,
CNT-003,potencial_etiquetado,Medio,Medio,FREE_TEXT,copy_verbatim,Alta,false,
CNT-003,confianza_taxonomia,Alta,Alta,FREE_TEXT,copy_verbatim,Alta,false,
CNT-003,fuente_taxonomia,Inventario + reglas taxonómicas,Inventario + reglas taxonómicas,FREE_TEXT,copy_verbatim,Alta,false,
CNT-003,nota_taxonomia,No sustituye canon; revisar si la confianza es Media o Baja.,No sustituye canon; revisar si la confianza es Media o Baja.,FREE_TEXT,copy_verbatim,Alta,false,
CNT-003,es_historico,,,FREE_TEXT,copy_verbatim,Alta,false,
CNT-004,id,CNT-004,CNT-004,FREE_TEXT,copy_verbatim,Alta,false,
CNT-004,titulo,La Búsqueda del Frasco Olvidado (mini-historia serializada),La Búsqueda del Frasco Olvidado (mini-historia serializada),FREE_TEXT,copy_verbatim,Alta,false,
CNT-004,personaje_principal,@char_USM_universe,@char_USM_universe,FREE_TEXT,copy_verbatim,Alta,false,
CNT-004,personajes_secundarios,"@char_USM_wilfred, @char_USM_fantasma, @char_USM_elara","@char_USM_wilfred, @char_USM_fantasma, @char_USM_elara",FREE_TEXT,copy_verbatim,Alta,false,
CNT-004,tipo_contenido,Mini-historia serializada,Mini-historia serializada,A,exact_enum_match,Alta,false,
CNT-004,plataforma,Instagram (carruseles + reels por capítulo),Instagram,B,conditional_to_primary,Media,false,
CNT-004,objetivo,Contenido narrativo serializado que desarrolla el Motor Narrativo,Contenido narrativo serializado que desarrolla el Motor Narrativo,FREE_TEXT,copy_verbatim,Alta,false,
CNT-004,hipotesis,,,FREE_TEXT,copy_verbatim,Alta,false,
CNT-004,estado,Bloqueado,Bloqueado,A,exact_enum_match,Alta,false,
CNT-004,prioridad,Media,Media,A,exact_enum_match,Alta,false,
CNT-004,dificultad_produccion,"Alta (10 capítulos, múltiples formatos)",,C_REAL,,Baja,true,fuera de enum; requiere decision humana (OVERRIDES)
CNT-004,reutilizable,Sí (episodios individuales),Sí,B,reutilizable_flag_strip,Media,false,detalle preservado: episodios individuales
CNT-004,fecha_ultima_publicacion,No publicado,,B,no_publicado_to_none,Alta,false,No publicado → None (Optional date)
CNT-004,fuente,Canon_Contradictions_Report.md,Canon_Contradictions_Report.md,FREE_TEXT,copy_verbatim,Alta,false,
CNT-004,formato,Carruseles + Reels por capítulo,Carruseles + Reels por capítulo,FREE_TEXT,copy_verbatim,Alta,false,
CNT-004,categoria,Narrativa / Serial,,C_REAL,,Baja,true,fuera de enum; requiere decision humana (OVERRIDES)
CNT-004,bloqueado_canon,Sí — 5 contradicciones de canon activas,Sí,B,bloqueado_flag_strip,Media,false,detalle preservado: 5 contradicciones de canon activas
CNT-004,estado_operacion_normalizado,Deferred_Operational,Deferred_Operational,A,exact_enum_match,Alta,false,
CNT-004,estado_canon_normalizado,Canon_Review_Required,Canon_Review_Required,A,exact_enum_match,Alta,false,
CNT-004,asset_ref_confirmado,,,FREE_TEXT,copy_verbatim,Alta,false,
CNT-004,asset_ref_candidato,,,FREE_TEXT,copy_verbatim,Alta,false,
CNT-004,reconciliacion_estado,No_Confirmed_Match,No_Confirmed_Match,A,exact_enum_match,Alta,false,
CNT-004,reconciliacion_confianza,None,None,A,exact_enum_match,Alta,false,
CNT-004,reconciliacion_fuente,,,FREE_TEXT,copy_verbatim,Alta,false,
CNT-004,reconciliacion_nota,No se encontró una coincidencia explícita CNT↔260 en el repositorio o en la búsqueda de Drive utilizada para este lote.,No se encontró una coincidencia explícita CNT↔260 en el repositorio o en la búsqueda de Drive utilizada para este lote.,FREE_TEXT,copy_verbatim,Alta,false,
CNT-004,registro_relacionado,,,FREE_TEXT,copy_verbatim,Alta,false,
CNT-004,drive_reference_id,,,FREE_TEXT,copy_verbatim,Alta,false,
CNT-004,meta_publication_id,,,FREE_TEXT,copy_verbatim,Alta,false,
CNT-004,meta_permalink,,,FREE_TEXT,copy_verbatim,Alta,false,
CNT-004,asset_set,,,FREE_TEXT,copy_verbatim,Alta,false,
CNT-004,asset_ref,,,FREE_TEXT,copy_verbatim,Alta,false,
CNT-004,asset_filename,,,FREE_TEXT,copy_verbatim,Alta,false,
CNT-004,drive_id,,,FREE_TEXT,copy_verbatim,Alta,false,
CNT-004,estado_canon,,,FREE_TEXT,copy_verbatim,Alta,false,
CNT-004,estado_produccion,,,FREE_TEXT,copy_verbatim,Alta,false,
CNT-004,estado_publicacion,,,FREE_TEXT,copy_verbatim,Alta,false,
CNT-004,ultima_sincronizacion,,,FREE_TEXT,copy_verbatim,Alta,false,
CNT-004,motivo_revision_normalizado,,,FREE_TEXT,copy_verbatim,Alta,false,
CNT-004,personaje_principal_normalizado,Universe,Universe,FREE_TEXT,copy_verbatim,Alta,false,
CNT-004,personajes_secundarios_normalizados,Wilfred;Elara;Fantasma,Wilfred;Elara;Fantasma,FREE_TEXT,copy_verbatim,Alta,false,
CNT-004,rol_narrativo,Reparto coral,Reparto coral,FREE_TEXT,copy_verbatim,Alta,false,
CNT-004,tipo_humor_normalizado,No determinado,No determinado,FREE_TEXT,copy_verbatim,Alta,false,
CNT-004,potencial_etiquetado,Medio,Medio,FREE_TEXT,copy_verbatim,Alta,false,
CNT-004,confianza_taxonomia,Alta,Alta,FREE_TEXT,copy_verbatim,Alta,false,
CNT-004,fuente_taxonomia,Inventario + reglas taxonómicas,Inventario + reglas taxonómicas,FREE_TEXT,copy_verbatim,Alta,false,
CNT-004,nota_taxonomia,No sustituye canon; revisar si la confianza es Media o Baja.,No sustituye canon; revisar si la confianza es Media o Baja.,FREE_TEXT,copy_verbatim,Alta,false,
CNT-004,es_historico,,,FREE_TEXT,copy_verbatim,Alta,false,
CNT-005,id,CNT-005,CNT-005,FREE_TEXT,copy_verbatim,Alta,false,
CNT-005,titulo,HB-001: Wilfred existencial vs humorístico,HB-001: Wilfred existencial vs humorístico,FREE_TEXT,copy_verbatim,Alta,false,
CNT-005,personaje_principal,@char_USM_wilfred,@char_USM_wilfred,FREE_TEXT,copy_verbatim,Alta,false,
CNT-005,personajes_secundarios,,,FREE_TEXT,copy_verbatim,Alta,false,
CNT-005,tipo_contenido,Experimento Growth OS,,C_REAL,,Baja,true,fuera de enum; requiere decision humana (OVERRIDES)
CNT-005,plataforma,"Instagram, YouTube Shorts",Multi,B,multi_combo_to_Multi,Media,false,
CNT-005,objetivo,Validar hipótesis de retención por tono en contenido de Wilfred,Validar hipótesis de retención por tono en contenido de Wilfred,FREE_TEXT,copy_verbatim,Alta,false,
CNT-005,hipotesis,Los videos de Wilfred con tono existencial retienen más que los de tono puramente humorístico,Los videos de Wilfred con tono existencial retienen más que los de tono puramente humorístico,FREE_TEXT,copy_verbatim,Alta,false,
CNT-005,estado,Pendiente de aprobación,Pendiente Aprobación Fernando,B,draft_to_pendiente_fernando,Media,false,
CNT-005,prioridad,Media,Media,A,exact_enum_match,Alta,false,
CNT-005,dificultad_produccion,Media (requiere 2 variantes del mismo concepto),,C_REAL,,Baja,true,fuera de enum; requiere decision humana (OVERRIDES)
CNT-005,reutilizable,Sí (diseño de experimento reutilizable),Sí,B,reutilizable_flag_strip,Media,false,detalle preservado: diseño de experimento reutilizable
CNT-005,fecha_ultima_publicacion,No publicado,,B,no_publicado_to_none,Alta,false,No publicado → None (Optional date)
CNT-005,fuente,GrowthOS/Integracion_Growth_OS.md,GrowthOS/Integracion_Growth_OS.md,FREE_TEXT,copy_verbatim,Alta,false,
CNT-005,formato,Reel (2 variantes),Reel (2 variantes),FREE_TEXT,copy_verbatim,Alta,false,
CNT-005,categoria,Experimento / Datos,,C_REAL,,Baja,true,fuera de enum; requiere decision humana (OVERRIDES)
CNT-005,bloqueado_canon,Sí — pendiente aprobación Fernando,Sí,B,bloqueado_flag_strip,Media,false,detalle preservado: pendiente aprobación Fernando
CNT-005,estado_operacion_normalizado,Pending_Approval,,C_REAL,,Baja,true,fuera de enum; requiere decision humana (OVERRIDES)
CNT-005,estado_canon_normalizado,Canon_Clear_or_Unverified,Canon_Clear_or_Unverified,A,exact_enum_match,Alta,false,
CNT-005,asset_ref_confirmado,,,FREE_TEXT,copy_verbatim,Alta,false,
CNT-005,asset_ref_candidato,,,FREE_TEXT,copy_verbatim,Alta,false,
CNT-005,reconciliacion_estado,No_Confirmed_Match,No_Confirmed_Match,A,exact_enum_match,Alta,false,
CNT-005,reconciliacion_confianza,None,None,A,exact_enum_match,Alta,false,
CNT-005,reconciliacion_fuente,,,FREE_TEXT,copy_verbatim,Alta,false,
CNT-005,reconciliacion_nota,No se encontró una coincidencia explícita CNT↔260 en el repositorio o en la búsqueda de Drive utilizada para este lote.,No se encontró una coincidencia explícita CNT↔260 en el repositorio o en la búsqueda de Drive utilizada para este lote.,FREE_TEXT,copy_verbatim,Alta,false,
CNT-005,registro_relacionado,,,FREE_TEXT,copy_verbatim,Alta,false,
CNT-005,drive_reference_id,,,FREE_TEXT,copy_verbatim,Alta,false,
CNT-005,meta_publication_id,,,FREE_TEXT,copy_verbatim,Alta,false,
CNT-005,meta_permalink,,,FREE_TEXT,copy_verbatim,Alta,false,
CNT-005,asset_set,,,FREE_TEXT,copy_verbatim,Alta,false,
CNT-005,asset_ref,,,FREE_TEXT,copy_verbatim,Alta,false,
CNT-005,asset_filename,,,FREE_TEXT,copy_verbatim,Alta,false,
CNT-005,drive_id,,,FREE_TEXT,copy_verbatim,Alta,false,
CNT-005,estado_canon,,,FREE_TEXT,copy_verbatim,Alta,false,
CNT-005,estado_produccion,,,FREE_TEXT,copy_verbatim,Alta,false,
CNT-005,estado_publicacion,,,FREE_TEXT,copy_verbatim,Alta,false,
CNT-005,ultima_sincronizacion,,,FREE_TEXT,copy_verbatim,Alta,false,
CNT-005,motivo_revision_normalizado,,,FREE_TEXT,copy_verbatim,Alta,false,
CNT-005,personaje_principal_normalizado,Wilfred,Wilfred,FREE_TEXT,copy_verbatim,Alta,false,
CNT-005,personajes_secundarios_normalizados,Ninguno,Ninguno,FREE_TEXT,copy_verbatim,Alta,false,
CNT-005,rol_narrativo,Protagonista,Protagonista,FREE_TEXT,copy_verbatim,Alta,false,
CNT-005,tipo_humor_normalizado,Existencial o absurdo,Existencial o absurdo,FREE_TEXT,copy_verbatim,Alta,false,
CNT-005,potencial_etiquetado,Medio,Medio,FREE_TEXT,copy_verbatim,Alta,false,
CNT-005,confianza_taxonomia,Alta,Alta,FREE_TEXT,copy_verbatim,Alta,false,
CNT-005,fuente_taxonomia,Inventario + reglas taxonómicas,Inventario + reglas taxonómicas,FREE_TEXT,copy_verbatim,Alta,false,
CNT-005,nota_taxonomia,No sustituye canon; revisar si la confianza es Media o Baja.,No sustituye canon; revisar si la confianza es Media o Baja.,FREE_TEXT,copy_verbatim,Alta,false,
CNT-005,es_historico,,,FREE_TEXT,copy_verbatim,Alta,false,
CNT-006,id,CNT-006,CNT-006,FREE_TEXT,copy_verbatim,Alta,false,
CNT-006,titulo,Tarot de Universe (contenido evergreen),Tarot de Universe (contenido evergreen),FREE_TEXT,copy_verbatim,Alta,false,
CNT-006,personaje_principal,@char_USM_universe,@char_USM_universe,FREE_TEXT,copy_verbatim,Alta,false,
CNT-006,personajes_secundarios,,,FREE_TEXT,copy_verbatim,Alta,false,
CNT-006,tipo_contenido,Foto / Carrusel / Reel,,C_REAL,,Baja,true,fuera de enum; requiere decision humana (OVERRIDES)
CNT-006,plataforma,"Instagram, Facebook",Multi,B,multi_combo_to_Multi,Media,false,
CNT-006,objetivo,Formato viral establecido — tarot con Universo como protagonista,Formato viral establecido — tarot con Universo como protagonista,FREE_TEXT,copy_verbatim,Alta,false,
CNT-006,hipotesis,El tarot es el activo viral principal del canal,El tarot es el activo viral principal del canal,FREE_TEXT,copy_verbatim,Alta,false,
CNT-006,estado,Reutilizable,,C_REAL,,Baja,true,fuera de enum; requiere decision humana (OVERRIDES)
CNT-006,prioridad,Alta,Alta,A,exact_enum_match,Alta,false,
CNT-006,dificultad_produccion,Baja (formato ya probado),,C_REAL,,Baja,true,fuera de enum; requiere decision humana (OVERRIDES)
CNT-006,reutilizable,Sí,Sí,A,exact_enum_match,Alta,false,
CNT-006,fecha_ultima_publicacion,Histórico en Facebook (viral),,C_REAL,,Baja,true,texto no fecha ISO; requiere decision humana
CNT-006,fuente,Analytics (Fotos: 1.36M vistas),Analytics (Fotos: 1.36M vistas),FREE_TEXT,copy_verbatim,Alta,false,
CNT-006,formato,Foto + Carrusel + Reel,Foto + Carrusel + Reel,FREE_TEXT,copy_verbatim,Alta,false,
CNT-006,categoria,Tarot / Humor / Evergreen,,C_REAL,,Baja,true,fuera de enum; requiere decision humana (OVERRIDES)
CNT-006,bloqueado_canon,No,No,A,exact_enum_match,Alta,false,
CNT-006,estado_operacion_normalizado,Reuse_Candidate,,C_REAL,,Baja,true,fuera de enum; requiere decision humana (OVERRIDES)
CNT-006,estado_canon_normalizado,Canon_Clear_or_Unverified,Canon_Clear_or_Unverified,A,exact_enum_match,Alta,false,
CNT-006,asset_ref_confirmado,,,FREE_TEXT,copy_verbatim,Alta,false,
CNT-006,asset_ref_candidato,,,FREE_TEXT,copy_verbatim,Alta,false,
CNT-006,reconciliacion_estado,No_Confirmed_Match,No_Confirmed_Match,A,exact_enum_match,Alta,false,
CNT-006,reconciliacion_confianza,None,None,A,exact_enum_match,Alta,false,
CNT-006,reconciliacion_fuente,,,FREE_TEXT,copy_verbatim,Alta,false,
CNT-006,reconciliacion_nota,No se encontró una coincidencia explícita CNT↔260 en el repositorio o en la búsqueda de Drive utilizada para este lote.,No se encontró una coincidencia explícita CNT↔260 en el repositorio o en la búsqueda de Drive utilizada para este lote.,FREE_TEXT,copy_verbatim,Alta,false,
CNT-006,registro_relacionado,,,FREE_TEXT,copy_verbatim,Alta,false,
CNT-006,drive_reference_id,,,FREE_TEXT,copy_verbatim,Alta,false,
CNT-006,meta_publication_id,,,FREE_TEXT,copy_verbatim,Alta,false,
CNT-006,meta_permalink,,,FREE_TEXT,copy_verbatim,Alta,false,
CNT-006,asset_set,,,FREE_TEXT,copy_verbatim,Alta,false,
CNT-006,asset_ref,,,FREE_TEXT,copy_verbatim,Alta,false,
CNT-006,asset_filename,,,FREE_TEXT,copy_verbatim,Alta,false,
CNT-006,drive_id,,,FREE_TEXT,copy_verbatim,Alta,false,
CNT-006,estado_canon,,,FREE_TEXT,copy_verbatim,Alta,false,
CNT-006,estado_produccion,,,FREE_TEXT,copy_verbatim,Alta,false,
CNT-006,estado_publicacion,,,FREE_TEXT,copy_verbatim,Alta,false,
CNT-006,ultima_sincronizacion,,,FREE_TEXT,copy_verbatim,Alta,false,
CNT-006,motivo_revision_normalizado,,,FREE_TEXT,copy_verbatim,Alta,false,
CNT-006,personaje_principal_normalizado,Universe,Universe,FREE_TEXT,copy_verbatim,Alta,false,
CNT-006,personajes_secundarios_normalizados,Ninguno,Ninguno,FREE_TEXT,copy_verbatim,Alta,false,
CNT-006,rol_narrativo,Protagonista,Protagonista,FREE_TEXT,copy_verbatim,Alta,false,
CNT-006,tipo_humor_normalizado,Fandom o referencia,Fandom o referencia,FREE_TEXT,copy_verbatim,Alta,false,
CNT-006,potencial_etiquetado,Alto,Alto,FREE_TEXT,copy_verbatim,Alta,false,
CNT-006,confianza_taxonomia,Alta,Alta,FREE_TEXT,copy_verbatim,Alta,false,
CNT-006,fuente_taxonomia,Inventario + reglas taxonómicas,Inventario + reglas taxonómicas,FREE_TEXT,copy_verbatim,Alta,false,
CNT-006,nota_taxonomia,No sustituye canon; revisar si la confianza es Media o Baja.,No sustituye canon; revisar si la confianza es Media o Baja.,FREE_TEXT,copy_verbatim,Alta,false,
CNT-006,es_historico,,,FREE_TEXT,copy_verbatim,Alta,false,
CNT-007,id,CNT-007,CNT-007,FREE_TEXT,copy_verbatim,Alta,false,
CNT-007,titulo,Wilfred — sabiduría del bosque (contenido filosófico),Wilfred — sabiduría del bosque (contenido filosófico),FREE_TEXT,copy_verbatim,Alta,false,
CNT-007,personaje_principal,@char_USM_wilfred,@char_USM_wilfred,FREE_TEXT,copy_verbatim,Alta,false,
CNT-007,personajes_secundarios,,,FREE_TEXT,copy_verbatim,Alta,false,
CNT-007,tipo_contenido,Foto / Reel / Frase,,C_REAL,,Baja,true,fuera de enum; requiere decision humana (OVERRIDES)
CNT-007,plataforma,"Instagram, Facebook",Multi,B,multi_combo_to_Multi,Media,false,
CNT-007,objetivo,Posicionar a Wilfred como voz filosófica seca del universo,Posicionar a Wilfred como voz filosófica seca del universo,FREE_TEXT,copy_verbatim,Alta,false,
CNT-007,hipotesis,,,FREE_TEXT,copy_verbatim,Alta,false,
CNT-007,estado,Idea,Idea,A,exact_enum_match,Alta,false,
CNT-007,prioridad,Media,Media,A,exact_enum_match,Alta,false,
CNT-007,dificultad_produccion,Baja,Baja,A,exact_enum_match,Alta,false,
CNT-007,reutilizable,Sí,Sí,A,exact_enum_match,Alta,false,
CNT-007,fecha_ultima_publicacion,No publicado,,B,no_publicado_to_none,Alta,false,No publicado → None (Optional date)
CNT-007,fuente,Canon — Personajes/Wilfred,Canon — Personajes/Wilfred,FREE_TEXT,copy_verbatim,Alta,false,
CNT-007,formato,Foto / Reel / Frase,Foto / Reel / Frase,FREE_TEXT,copy_verbatim,Alta,false,
CNT-007,categoria,Filosofía / Humor seco,,C_REAL,,Baja,true,fuera de enum; requiere decision humana (OVERRIDES)
CNT-007,bloqueado_canon,No,No,A,exact_enum_match,Alta,false,
CNT-007,estado_operacion_normalizado,Idea,Idea,A,exact_enum_match,Alta,false,
CNT-007,estado_canon_normalizado,Canon_Clear_or_Unverified,Canon_Clear_or_Unverified,A,exact_enum_match,Alta,false,
CNT-007,asset_ref_confirmado,,,FREE_TEXT,copy_verbatim,Alta,false,
CNT-007,asset_ref_candidato,,,FREE_TEXT,copy_verbatim,Alta,false,
CNT-007,reconciliacion_estado,No_Confirmed_Match,No_Confirmed_Match,A,exact_enum_match,Alta,false,
CNT-007,reconciliacion_confianza,None,None,A,exact_enum_match,Alta,false,
CNT-007,reconciliacion_fuente,,,FREE_TEXT,copy_verbatim,Alta,false,
CNT-007,reconciliacion_nota,No se encontró una coincidencia explícita CNT↔260 en el repositorio o en la búsqueda de Drive utilizada para este lote.,No se encontró una coincidencia explícita CNT↔260 en el repositorio o en la búsqueda de Drive utilizada para este lote.,FREE_TEXT,copy_verbatim,Alta,false,
CNT-007,registro_relacionado,,,FREE_TEXT,copy_verbatim,Alta,false,
CNT-007,drive_reference_id,,,FREE_TEXT,copy_verbatim,Alta,false,
CNT-007,meta_publication_id,,,FREE_TEXT,copy_verbatim,Alta,false,
CNT-007,meta_permalink,,,FREE_TEXT,copy_verbatim,Alta,false,
CNT-007,asset_set,,,FREE_TEXT,copy_verbatim,Alta,false,
CNT-007,asset_ref,,,FREE_TEXT,copy_verbatim,Alta,false,
CNT-007,asset_filename,,,FREE_TEXT,copy_verbatim,Alta,false,
CNT-007,drive_id,,,FREE_TEXT,copy_verbatim,Alta,false,
CNT-007,estado_canon,,,FREE_TEXT,copy_verbatim,Alta,false,
CNT-007,estado_produccion,,,FREE_TEXT,copy_verbatim,Alta,false,
CNT-007,estado_publicacion,,,FREE_TEXT,copy_verbatim,Alta,false,
CNT-007,ultima_sincronizacion,,,FREE_TEXT,copy_verbatim,Alta,false,
CNT-007,motivo_revision_normalizado,,,FREE_TEXT,copy_verbatim,Alta,false,
CNT-007,personaje_principal_normalizado,Wilfred,Wilfred,FREE_TEXT,copy_verbatim,Alta,false,
CNT-007,personajes_secundarios_normalizados,Ninguno,Ninguno,FREE_TEXT,copy_verbatim,Alta,false,
CNT-007,rol_narrativo,Protagonista,Protagonista,FREE_TEXT,copy_verbatim,Alta,false,
CNT-007,tipo_humor_normalizado,Existencial o absurdo,Existencial o absurdo,FREE_TEXT,copy_verbatim,Alta,false,
CNT-007,potencial_etiquetado,Medio,Medio,FREE_TEXT,copy_verbatim,Alta,false,
CNT-007,confianza_taxonomia,Alta,Alta,FREE_TEXT,copy_verbatim,Alta,false,
CNT-007,fuente_taxonomia,Inventario + reglas taxonómicas,Inventario + reglas taxonómicas,FREE_TEXT,copy_verbatim,Alta,false,
CNT-007,nota_taxonomia,No sustituye canon; revisar si la confianza es Media o Baja.,No sustituye canon; revisar si la confianza es Media o Baja.,FREE_TEXT,copy_verbatim,Alta,false,
CNT-007,es_historico,,,FREE_TEXT,copy_verbatim,Alta,false,
CNT-008,id,CNT-008,CNT-008,FREE_TEXT,copy_verbatim,Alta,false,
CNT-008,titulo,Elara — cartas mágicas y astrología,Elara — cartas mágicas y astrología,FREE_TEXT,copy_verbatim,Alta,false,
CNT-008,personaje_principal,@char_USM_elara,@char_USM_elara,FREE_TEXT,copy_verbatim,Alta,false,
CNT-008,personajes_secundarios,,,FREE_TEXT,copy_verbatim,Alta,false,
CNT-008,tipo_contenido,Foto / Reel / Carrusel,,C_REAL,,Baja,true,fuera de enum; requiere decision humana (OVERRIDES)
CNT-008,plataforma,"Instagram, TikTok",Multi,B,multi_combo_to_Multi,Media,false,
CNT-008,objetivo,"Desarrollar identidad diferenciada de Elara (no tarot, sino astrología/naturaleza)","Desarrollar identidad diferenciada de Elara (no tarot, sino astrología/naturaleza)",FREE_TEXT,copy_verbatim,Alta,false,
CNT-008,hipotesis,,,FREE_TEXT,copy_verbatim,Alta,false,
CNT-008,estado,Idea,Idea,A,exact_enum_match,Alta,false,
CNT-008,prioridad,Media,Media,A,exact_enum_match,Alta,false,
CNT-008,dificultad_produccion,Media (nuevo personaje activo),,C_REAL,,Baja,true,fuera de enum; requiere decision humana (OVERRIDES)
CNT-008,reutilizable,Sí,Sí,A,exact_enum_match,Alta,false,
CNT-008,fecha_ultima_publicacion,No publicado,,B,no_publicado_to_none,Alta,false,No publicado → None (Optional date)
CNT-008,fuente,Canon — Personajes/Elara,Canon — Personajes/Elara,FREE_TEXT,copy_verbatim,Alta,false,
CNT-008,formato,Foto / Reel / Carrusel,Foto / Reel / Carrusel,FREE_TEXT,copy_verbatim,Alta,false,
CNT-008,categoria,Astrología / Naturaleza / Mística,,C_REAL,,Baja,true,fuera de enum; requiere decision humana (OVERRIDES)
CNT-008,bloqueado_canon,No (pero cuidado: no duplicar rol de tarot de Universe),No,B,bloqueado_flag_strip,Media,false,detalle preservado: pero cuidado: no duplicar rol de tarot de Universe
CNT-008,estado_operacion_normalizado,Idea,Idea,A,exact_enum_match,Alta,false,
CNT-008,estado_canon_normalizado,Canon_Constrained,Canon_Constrained,A,exact_enum_match,Alta,false,
CNT-008,asset_ref_confirmado,,,FREE_TEXT,copy_verbatim,Alta,false,
CNT-008,asset_ref_candidato,,,FREE_TEXT,copy_verbatim,Alta,false,
CNT-008,reconciliacion_estado,No_Confirmed_Match,No_Confirmed_Match,A,exact_enum_match,Alta,false,
CNT-008,reconciliacion_confianza,None,None,A,exact_enum_match,Alta,false,
CNT-008,reconciliacion_fuente,,,FREE_TEXT,copy_verbatim,Alta,false,
CNT-008,reconciliacion_nota,No se encontró una coincidencia explícita CNT↔260 en el repositorio o en la búsqueda de Drive utilizada para este lote.,No se encontró una coincidencia explícita CNT↔260 en el repositorio o en la búsqueda de Drive utilizada para este lote.,FREE_TEXT,copy_verbatim,Alta,false,
CNT-008,registro_relacionado,,,FREE_TEXT,copy_verbatim,Alta,false,
CNT-008,drive_reference_id,,,FREE_TEXT,copy_verbatim,Alta,false,
CNT-008,meta_publication_id,,,FREE_TEXT,copy_verbatim,Alta,false,
CNT-008,meta_permalink,,,FREE_TEXT,copy_verbatim,Alta,false,
CNT-008,asset_set,,,FREE_TEXT,copy_verbatim,Alta,false,
CNT-008,asset_ref,,,FREE_TEXT,copy_verbatim,Alta,false,
CNT-008,asset_filename,,,FREE_TEXT,copy_verbatim,Alta,false,
CNT-008,drive_id,,,FREE_TEXT,copy_verbatim,Alta,false,
CNT-008,estado_canon,,,FREE_TEXT,copy_verbatim,Alta,false,
CNT-008,estado_produccion,,,FREE_TEXT,copy_verbatim,Alta,false,
CNT-008,estado_publicacion,,,FREE_TEXT,copy_verbatim,Alta,false,
CNT-008,ultima_sincronizacion,,,FREE_TEXT,copy_verbatim,Alta,false,
CNT-008,motivo_revision_normalizado,,,FREE_TEXT,copy_verbatim,Alta,false,
CNT-008,personaje_principal_normalizado,Elara,Elara,FREE_TEXT,copy_verbatim,Alta,false,
CNT-008,personajes_secundarios_normalizados,Ninguno,Ninguno,FREE_TEXT,copy_verbatim,Alta,false,
CNT-008,rol_narrativo,Protagonista,Protagonista,FREE_TEXT,copy_verbatim,Alta,false,
CNT-008,tipo_humor_normalizado,Fandom o referencia,Fandom o referencia,FREE_TEXT,copy_verbatim,Alta,false,
CNT-008,potencial_etiquetado,Bajo,Bajo,FREE_TEXT,copy_verbatim,Alta,false,
CNT-008,confianza_taxonomia,Alta,Alta,FREE_TEXT,copy_verbatim,Alta,false,
CNT-008,fuente_taxonomia,Inventario + reglas taxonómicas,Inventario + reglas taxonómicas,FREE_TEXT,copy_verbatim,Alta,false,
CNT-008,nota_taxonomia,No sustituye canon; revisar si la confianza es Media o Baja.,No sustituye canon; revisar si la confianza es Media o Baja.,FREE_TEXT,copy_verbatim,Alta,false,
CNT-008,es_historico,,,FREE_TEXT,copy_verbatim,Alta,false,
CNT-009,id,CNT-009,CNT-009,FREE_TEXT,copy_verbatim,Alta,false,
CNT-009,titulo,Payaso — humor absurdo / Silvio,Payaso — humor absurdo / Silvio,FREE_TEXT,copy_verbatim,Alta,false,
CNT-009,personaje_principal,@char_USM_payaso,@char_USM_payaso,FREE_TEXT,copy_verbatim,Alta,false,
CNT-009,personajes_secundarios,,,FREE_TEXT,copy_verbatim,Alta,false,
CNT-009,tipo_contenido,Reel / Meme / Frase,,C_REAL,,Baja,true,fuera de enum; requiere decision humana (OVERRIDES)
CNT-009,plataforma,"Instagram, TikTok, Facebook",Multi,B,multi_combo_to_Multi,Media,false,
CNT-009,objetivo,Activar al Payaso como vehículo de humor absurdo,Activar al Payaso como vehículo de humor absurdo,FREE_TEXT,copy_verbatim,Alta,false,
CNT-009,hipotesis,,,FREE_TEXT,copy_verbatim,Alta,false,
CNT-009,estado,Idea,Idea,A,exact_enum_match,Alta,false,
CNT-009,prioridad,Baja,Baja,A,exact_enum_match,Alta,false,
CNT-009,dificultad_produccion,Baja,Baja,A,exact_enum_match,Alta,false,
CNT-009,reutilizable,Sí,Sí,A,exact_enum_match,Alta,false,
CNT-009,fecha_ultima_publicacion,No publicado,,B,no_publicado_to_none,Alta,false,No publicado → None (Optional date)
CNT-009,fuente,Canon — Personajes/Payaso,Canon — Personajes/Payaso,FREE_TEXT,copy_verbatim,Alta,false,
CNT-009,formato,Reel / Meme / Frase,Reel / Meme / Frase,FREE_TEXT,copy_verbatim,Alta,false,
CNT-009,categoria,Humor absurdo,,C_REAL,,Baja,true,fuera de enum; requiere decision humana (OVERRIDES)
CNT-009,bloqueado_canon,Sí — nombre 'Silvio' no confirmado por Fernando,Sí,B,bloqueado_flag_strip,Media,false,detalle preservado: nombre 'Silvio' no confirmado por Fernando
CNT-009,estado_operacion_normalizado,Idea,Idea,A,exact_enum_match,Alta,false,
CNT-009,estado_canon_normalizado,Canon_Clear_or_Unverified,Canon_Clear_or_Unverified,A,exact_enum_match,Alta,false,
CNT-009,asset_ref_confirmado,,,FREE_TEXT,copy_verbatim,Alta,false,
CNT-009,asset_ref_candidato,,,FREE_TEXT,copy_verbatim,Alta,false,
CNT-009,reconciliacion_estado,No_Confirmed_Match,No_Confirmed_Match,A,exact_enum_match,Alta,false,
CNT-009,reconciliacion_confianza,None,None,A,exact_enum_match,Alta,false,
CNT-009,reconciliacion_fuente,,,FREE_TEXT,copy_verbatim,Alta,false,
CNT-009,reconciliacion_nota,No se encontró una coincidencia explícita CNT↔260 en el repositorio o en la búsqueda de Drive utilizada para este lote.,No se encontró una coincidencia explícita CNT↔260 en el repositorio o en la búsqueda de Drive utilizada para este lote.,FREE_TEXT,copy_verbatim,Alta,false,
CNT-009,registro_relacionado,,,FREE_TEXT,copy_verbatim,Alta,false,
CNT-009,drive_reference_id,,,FREE_TEXT,copy_verbatim,Alta,false,
CNT-009,meta_publication_id,,,FREE_TEXT,copy_verbatim,Alta,false,
CNT-009,meta_permalink,,,FREE_TEXT,copy_verbatim,Alta,false,
CNT-009,asset_set,,,FREE_TEXT,copy_verbatim,Alta,false,
CNT-009,asset_ref,,,FREE_TEXT,copy_verbatim,Alta,false,
CNT-009,asset_filename,,,FREE_TEXT,copy_verbatim,Alta,false,
CNT-009,drive_id,,,FREE_TEXT,copy_verbatim,Alta,false,
CNT-009,estado_canon,,,FREE_TEXT,copy_verbatim,Alta,false,
CNT-009,estado_produccion,,,FREE_TEXT,copy_verbatim,Alta,false,
CNT-009,estado_publicacion,,,FREE_TEXT,copy_verbatim,Alta,false,
CNT-009,ultima_sincronizacion,,,FREE_TEXT,copy_verbatim,Alta,false,
CNT-009,motivo_revision_normalizado,,,FREE_TEXT,copy_verbatim,Alta,false,
CNT-009,personaje_principal_normalizado,No identificado,No identificado,FREE_TEXT,copy_verbatim,Alta,false,
CNT-009,personajes_secundarios_normalizados,Ninguno,Ninguno,FREE_TEXT,copy_verbatim,Alta,false,
CNT-009,rol_narrativo,No determinado,No determinado,FREE_TEXT,copy_verbatim,Alta,false,
CNT-009,tipo_humor_normalizado,No determinado,No determinado,FREE_TEXT,copy_verbatim,Alta,false,
CNT-009,potencial_etiquetado,Medio,Medio,FREE_TEXT,copy_verbatim,Alta,false,
CNT-009,confianza_taxonomia,Baja,Baja,FREE_TEXT,copy_verbatim,Alta,false,
CNT-009,fuente_taxonomia,Inventario + reglas taxonómicas,Inventario + reglas taxonómicas,FREE_TEXT,copy_verbatim,Alta,false,
CNT-009,nota_taxonomia,No sustituye canon; revisar si la confianza es Media o Baja.,No sustituye canon; revisar si la confianza es Media o Baja.,FREE_TEXT,copy_verbatim,Alta,false,
CNT-009,es_historico,,,FREE_TEXT,copy_verbatim,Alta,false,
CNT-010,id,CNT-010,CNT-010,FREE_TEXT,copy_verbatim,Alta,false,
CNT-010,titulo,Ganso — contenido,Ganso — contenido,FREE_TEXT,copy_verbatim,Alta,false,
CNT-010,personaje_principal,@char_USM_ganso,@char_USM_ganso,FREE_TEXT,copy_verbatim,Alta,false,
CNT-010,personajes_secundarios,,,FREE_TEXT,copy_verbatim,Alta,false,
CNT-010,tipo_contenido,Reel / Foto / Frase,,C_REAL,,Baja,true,fuera de enum; requiere decision humana (OVERRIDES)
CNT-010,plataforma,"Instagram, Facebook",Multi,B,multi_combo_to_Multi,Media,false,
CNT-010,objetivo,Desarrollar identidad de contenido para el Ganso,Desarrollar identidad de contenido para el Ganso,FREE_TEXT,copy_verbatim,Alta,false,
CNT-010,hipotesis,,,FREE_TEXT,copy_verbatim,Alta,false,
CNT-010,estado,Idea,Idea,A,exact_enum_match,Alta,false,
CNT-010,prioridad,Baja,Baja,A,exact_enum_match,Alta,false,
CNT-010,dificultad_produccion,"Media (personaje secundario, aún sin ficha visual)",,C_REAL,,Baja,true,fuera de enum; requiere decision humana (OVERRIDES)
CNT-010,reutilizable,Sí,Sí,A,exact_enum_match,Alta,false,
CNT-010,fecha_ultima_publicacion,No publicado,,B,no_publicado_to_none,Alta,false,No publicado → None (Optional date)
CNT-010,fuente,Canon — Personajes/Ganso,Canon — Personajes/Ganso,FREE_TEXT,copy_verbatim,Alta,false,
CNT-010,formato,Reel / Foto / Frase,Reel / Foto / Frase,FREE_TEXT,copy_verbatim,Alta,false,
CNT-010,categoria,Humor / Absurdo,,C_REAL,,Baja,true,fuera de enum; requiere decision humana (OVERRIDES)
CNT-010,bloqueado_canon,No (pero ficha visual aún no aprobada),No,B,bloqueado_flag_strip,Media,false,detalle preservado: pero ficha visual aún no aprobada
CNT-010,estado_operacion_normalizado,Idea,Idea,A,exact_enum_match,Alta,false,
CNT-010,estado_canon_normalizado,Canon_Clear_or_Unverified,Canon_Clear_or_Unverified,A,exact_enum_match,Alta,false,
CNT-010,asset_ref_confirmado,,,FREE_TEXT,copy_verbatim,Alta,false,
CNT-010,asset_ref_candidato,,,FREE_TEXT,copy_verbatim,Alta,false,
CNT-010,reconciliacion_estado,No_Confirmed_Match,No_Confirmed_Match,A,exact_enum_match,Alta,false,
CNT-010,reconciliacion_confianza,None,None,A,exact_enum_match,Alta,false,
CNT-010,reconciliacion_fuente,,,FREE_TEXT,copy_verbatim,Alta,false,
CNT-010,reconciliacion_nota,No se encontró una coincidencia explícita CNT↔260 en el repositorio o en la búsqueda de Drive utilizada para este lote.,No se encontró una coincidencia explícita CNT↔260 en el repositorio o en la búsqueda de Drive utilizada para este lote.,FREE_TEXT,copy_verbatim,Alta,false,
CNT-010,registro_relacionado,,,FREE_TEXT,copy_verbatim,Alta,false,
CNT-010,drive_reference_id,,,FREE_TEXT,copy_verbatim,Alta,false,
CNT-010,meta_publication_id,,,FREE_TEXT,copy_verbatim,Alta,false,
CNT-010,meta_permalink,,,FREE_TEXT,copy_verbatim,Alta,false,
CNT-010,asset_set,,,FREE_TEXT,copy_verbatim,Alta,false,
CNT-010,asset_ref,,,FREE_TEXT,copy_verbatim,Alta,false,
CNT-010,asset_filename,,,FREE_TEXT,copy_verbatim,Alta,false,
CNT-010,drive_id,,,FREE_TEXT,copy_verbatim,Alta,false,
CNT-010,estado_canon,,,FREE_TEXT,copy_verbatim,Alta,false,
CNT-010,estado_produccion,,,FREE_TEXT,copy_verbatim,Alta,false,
CNT-010,estado_publicacion,,,FREE_TEXT,copy_verbatim,Alta,false,
CNT-010,ultima_sincronizacion,,,FREE_TEXT,copy_verbatim,Alta,false,
CNT-010,motivo_revision_normalizado,,,FREE_TEXT,copy_verbatim,Alta,false,
CNT-010,personaje_principal_normalizado,Ganso,Ganso,FREE_TEXT,copy_verbatim,Alta,false,
CNT-010,personajes_secundarios_normalizados,Ninguno,Ninguno,FREE_TEXT,copy_verbatim,Alta,false,
CNT-010,rol_narrativo,Protagonista,Protagonista,FREE_TEXT,copy_verbatim,Alta,false,
CNT-010,tipo_humor_normalizado,No determinado,No determinado,FREE_TEXT,copy_verbatim,Alta,false,
CNT-010,potencial_etiquetado,Medio,Medio,FREE_TEXT,copy_verbatim,Alta,false,
CNT-010,confianza_taxonomia,Alta,Alta,FREE_TEXT,copy_verbatim,Alta,false,
CNT-010,fuente_taxonomia,Inventario + reglas taxonómicas,Inventario + reglas taxonómicas,FREE_TEXT,copy_verbatim,Alta,false,
CNT-010,nota_taxonomia,No sustituye canon; revisar si la confianza es Media o Baja.,No sustituye canon; revisar si la confianza es Media o Baja.,FREE_TEXT,copy_verbatim,Alta,false,
CNT-010,es_historico,,,FREE_TEXT,copy_verbatim,Alta,false,
CNT-011,id,CNT-011,CNT-011,FREE_TEXT,copy_verbatim,Alta,false,
CNT-011,titulo,Kiri (Hada) — contenido mágico,Kiri (Hada) — contenido mágico,FREE_TEXT,copy_verbatim,Alta,false,
CNT-011,personaje_principal,@char_USM_hada,@char_USM_hada,FREE_TEXT,copy_verbatim,Alta,false,
CNT-011,personajes_secundarios,,,FREE_TEXT,copy_verbatim,Alta,false,
CNT-011,tipo_contenido,Reel / Foto,,C_REAL,,Baja,true,fuera de enum; requiere decision humana (OVERRIDES)
CNT-011,plataforma,"Instagram, TikTok",Multi,B,multi_combo_to_Multi,Media,false,
CNT-011,objetivo,Activar a la Hada como vehículo de magia y naturaleza,Activar a la Hada como vehículo de magia y naturaleza,FREE_TEXT,copy_verbatim,Alta,false,
CNT-011,hipotesis,,,FREE_TEXT,copy_verbatim,Alta,false,
CNT-011,estado,Idea,Idea,A,exact_enum_match,Alta,false,
CNT-011,prioridad,Baja,Baja,A,exact_enum_match,Alta,false,
CNT-011,dificultad_produccion,"Alta (personaje nuevo, sin ficha visual)",,C_REAL,,Baja,true,fuera de enum; requiere decision humana (OVERRIDES)
CNT-011,reutilizable,Sí,Sí,A,exact_enum_match,Alta,false,
CNT-011,fecha_ultima_publicacion,No publicado,,B,no_publicado_to_none,Alta,false,No publicado → None (Optional date)
CNT-011,fuente,Canon — Personajes/Hada,Canon — Personajes/Hada,FREE_TEXT,copy_verbatim,Alta,false,
CNT-011,formato,Reel / Foto,Reel / Foto,FREE_TEXT,copy_verbatim,Alta,false,
CNT-011,categoria,Magia / Naturaleza,,C_REAL,,Baja,true,fuera de enum; requiere decision humana (OVERRIDES)
CNT-011,bloqueado_canon,No (pero ficha visual aún no aprobada),No,B,bloqueado_flag_strip,Media,false,detalle preservado: pero ficha visual aún no aprobada
CNT-011,estado_operacion_normalizado,Idea,Idea,A,exact_enum_match,Alta,false,
CNT-011,estado_canon_normalizado,Canon_Clear_or_Unverified,Canon_Clear_or_Unverified,A,exact_enum_match,Alta,false,
CNT-011,asset_ref_confirmado,,,FREE_TEXT,copy_verbatim,Alta,false,
CNT-011,asset_ref_candidato,,,FREE_TEXT,copy_verbatim,Alta,false,
CNT-011,reconciliacion_estado,No_Confirmed_Match,No_Confirmed_Match,A,exact_enum_match,Alta,false,
CNT-011,reconciliacion_confianza,None,None,A,exact_enum_match,Alta,false,
CNT-011,reconciliacion_fuente,,,FREE_TEXT,copy_verbatim,Alta,false,
CNT-011,reconciliacion_nota,No se encontró una coincidencia explícita CNT↔260 en el repositorio o en la búsqueda de Drive utilizada para este lote.,No se encontró una coincidencia explícita CNT↔260 en el repositorio o en la búsqueda de Drive utilizada para este lote.,FREE_TEXT,copy_verbatim,Alta,false,
CNT-011,registro_relacionado,,,FREE_TEXT,copy_verbatim,Alta,false,
CNT-011,drive_reference_id,,,FREE_TEXT,copy_verbatim,Alta,false,
CNT-011,meta_publication_id,,,FREE_TEXT,copy_verbatim,Alta,false,
CNT-011,meta_permalink,,,FREE_TEXT,copy_verbatim,Alta,false,
CNT-011,asset_set,,,FREE_TEXT,copy_verbatim,Alta,false,
CNT-011,asset_ref,,,FREE_TEXT,copy_verbatim,Alta,false,
CNT-011,asset_filename,,,FREE_TEXT,copy_verbatim,Alta,false,
CNT-011,drive_id,,,FREE_TEXT,copy_verbatim,Alta,false,
CNT-011,estado_canon,,,FREE_TEXT,copy_verbatim,Alta,false,
CNT-011,estado_produccion,,,FREE_TEXT,copy_verbatim,Alta,false,
CNT-011,estado_publicacion,,,FREE_TEXT,copy_verbatim,Alta,false,
CNT-011,ultima_sincronizacion,,,FREE_TEXT,copy_verbatim,Alta,false,
CNT-011,motivo_revision_normalizado,,,FREE_TEXT,copy_verbatim,Alta,false,
CNT-011,personaje_principal_normalizado,No identificado,No identificado,FREE_TEXT,copy_verbatim,Alta,false,
CNT-011,personajes_secundarios_normalizados,Ninguno,Ninguno,FREE_TEXT,copy_verbatim,Alta,false,
CNT-011,rol_narrativo,No determinado,No determinado,FREE_TEXT,copy_verbatim,Alta,false,
CNT-011,tipo_humor_normalizado,No determinado,No determinado,FREE_TEXT,copy_verbatim,Alta,false,
CNT-011,potencial_etiquetado,Bajo,Bajo,FREE_TEXT,copy_verbatim,Alta,false,
CNT-011,confianza_taxonomia,Baja,Baja,FREE_TEXT,copy_verbatim,Alta,false,
CNT-011,fuente_taxonomia,Inventario + reglas taxonómicas,Inventario + reglas taxonómicas,FREE_TEXT,copy_verbatim,Alta,false,
CNT-011,nota_taxonomia,No sustituye canon; revisar si la confianza es Media o Baja.,No sustituye canon; revisar si la confianza es Media o Baja.,FREE_TEXT,copy_verbatim,Alta,false,
CNT-011,es_historico,,,FREE_TEXT,copy_verbatim,Alta,false,
CNT-012,id,CNT-012,CNT-012,FREE_TEXT,copy_verbatim,Alta,false,
CNT-012,titulo,Evan — contenido,Evan — contenido,FREE_TEXT,copy_verbatim,Alta,false,
CNT-012,personaje_principal,@char_USM_evan,@char_USM_evan,FREE_TEXT,copy_verbatim,Alta,false,
CNT-012,personajes_secundarios,,,FREE_TEXT,copy_verbatim,Alta,false,
CNT-012,tipo_contenido,Reel / Foto,,C_REAL,,Baja,true,fuera de enum; requiere decision humana (OVERRIDES)
CNT-012,plataforma,Instagram,Instagram,A,exact_enum_match,Alta,false,
CNT-012,objetivo,Desarrollar identidad de contenido para Evan,Desarrollar identidad de contenido para Evan,FREE_TEXT,copy_verbatim,Alta,false,
CNT-012,hipotesis,,,FREE_TEXT,copy_verbatim,Alta,false,
CNT-012,estado,Idea,Idea,A,exact_enum_match,Alta,false,
CNT-012,prioridad,Baja,Baja,A,exact_enum_match,Alta,false,
CNT-012,dificultad_produccion,Alta (personaje secundario sin ficha visual),,C_REAL,,Baja,true,fuera de enum; requiere decision humana (OVERRIDES)
CNT-012,reutilizable,Sí,Sí,A,exact_enum_match,Alta,false,
CNT-012,fecha_ultima_publicacion,No publicado,,B,no_publicado_to_none,Alta,false,No publicado → None (Optional date)
CNT-012,fuente,Canon — Personajes/Evan,Canon — Personajes/Evan,FREE_TEXT,copy_verbatim,Alta,false,
CNT-012,formato,Reel / Foto,Reel / Foto,FREE_TEXT,copy_verbatim,Alta,false,
CNT-012,categoria,Humor / Interacción,,C_REAL,,Baja,true,fuera de enum; requiere decision humana (OVERRIDES)
CNT-012,bloqueado_canon,No (pero ficha visual aún no aprobada),No,B,bloqueado_flag_strip,Media,false,detalle preservado: pero ficha visual aún no aprobada
CNT-012,estado_operacion_normalizado,Idea,Idea,A,exact_enum_match,Alta,false,
CNT-012,estado_canon_normalizado,Canon_Clear_or_Unverified,Canon_Clear_or_Unverified,A,exact_enum_match,Alta,false,
CNT-012,asset_ref_confirmado,,,FREE_TEXT,copy_verbatim,Alta,false,
CNT-012,asset_ref_candidato,,,FREE_TEXT,copy_verbatim,Alta,false,
CNT-012,reconciliacion_estado,No_Confirmed_Match,No_Confirmed_Match,A,exact_enum_match,Alta,false,
CNT-012,reconciliacion_confianza,None,None,A,exact_enum_match,Alta,false,
CNT-012,reconciliacion_fuente,,,FREE_TEXT,copy_verbatim,Alta,false,
CNT-012,reconciliacion_nota,No se encontró una coincidencia explícita CNT↔260 en el repositorio o en la búsqueda de Drive utilizada para este lote.,No se encontró una coincidencia explícita CNT↔260 en el repositorio o en la búsqueda de Drive utilizada para este lote.,FREE_TEXT,copy_verbatim,Alta,false,
CNT-012,registro_relacionado,,,FREE_TEXT,copy_verbatim,Alta,false,
CNT-012,drive_reference_id,,,FREE_TEXT,copy_verbatim,Alta,false,
CNT-012,meta_publication_id,,,FREE_TEXT,copy_verbatim,Alta,false,
CNT-012,meta_permalink,,,FREE_TEXT,copy_verbatim,Alta,false,
CNT-012,asset_set,,,FREE_TEXT,copy_verbatim,Alta,false,
CNT-012,asset_ref,,,FREE_TEXT,copy_verbatim,Alta,false,
CNT-012,asset_filename,,,FREE_TEXT,copy_verbatim,Alta,false,
CNT-012,drive_id,,,FREE_TEXT,copy_verbatim,Alta,false,
CNT-012,estado_canon,,,FREE_TEXT,copy_verbatim,Alta,false,
CNT-012,estado_produccion,,,FREE_TEXT,copy_verbatim,Alta,false,
CNT-012,estado_publicacion,,,FREE_TEXT,copy_verbatim,Alta,false,
CNT-012,ultima_sincronizacion,,,FREE_TEXT,copy_verbatim,Alta,false,
CNT-012,motivo_revision_normalizado,,,FREE_TEXT,copy_verbatim,Alta,false,
CNT-012,personaje_principal_normalizado,Evan,Evan,FREE_TEXT,copy_verbatim,Alta,false,
CNT-012,personajes_secundarios_normalizados,Ninguno,Ninguno,FREE_TEXT,copy_verbatim,Alta,false,
CNT-012,rol_narrativo,Protagonista,Protagonista,FREE_TEXT,copy_verbatim,Alta,false,
CNT-012,tipo_humor_normalizado,Relatable cotidiano,Relatable cotidiano,FREE_TEXT,copy_verbatim,Alta,false,
CNT-012,potencial_etiquetado,Medio,Medio,FREE_TEXT,copy_verbatim,Alta,false,
CNT-012,confianza_taxonomia,Alta,Alta,FREE_TEXT,copy_verbatim,Alta,false,
CNT-012,fuente_taxonomia,Inventario + reglas taxonómicas,Inventario + reglas taxonómicas,FREE_TEXT,copy_verbatim,Alta,false,
CNT-012,nota_taxonomia,No sustituye canon; revisar si la confianza es Media o Baja.,No sustituye canon; revisar si la confianza es Media o Baja.,FREE_TEXT,copy_verbatim,Alta,false,
CNT-012,es_historico,,,FREE_TEXT,copy_verbatim,Alta,false,
CNT-013,id,CNT-013,CNT-013,FREE_TEXT,copy_verbatim,Alta,false,
CNT-013,titulo,Maeve (Chica del Suéter) — contenido emocional,Maeve (Chica del Suéter) — contenido emocional,FREE_TEXT,copy_verbatim,Alta,false,
CNT-013,personaje_principal,@char_USM_maeve,@char_USM_maeve,FREE_TEXT,copy_verbatim,Alta,false,
CNT-013,personajes_secundarios,,,FREE_TEXT,copy_verbatim,Alta,false,
CNT-013,tipo_contenido,Reel / Foto,,C_REAL,,Baja,true,fuera de enum; requiere decision humana (OVERRIDES)
CNT-013,plataforma,Instagram,Instagram,A,exact_enum_match,Alta,false,
CNT-013,objetivo,Activar territorio emocional de la Chica del Suéter,Activar territorio emocional de la Chica del Suéter,FREE_TEXT,copy_verbatim,Alta,false,
CNT-013,hipotesis,,,FREE_TEXT,copy_verbatim,Alta,false,
CNT-013,estado,Idea,Idea,A,exact_enum_match,Alta,false,
CNT-013,prioridad,Baja,Baja,A,exact_enum_match,Alta,false,
CNT-013,dificultad_produccion,Alta (personaje secundario sin ficha visual),,C_REAL,,Baja,true,fuera de enum; requiere decision humana (OVERRIDES)
CNT-013,reutilizable,Sí,Sí,A,exact_enum_match,Alta,false,
CNT-013,fecha_ultima_publicacion,No publicado,,B,no_publicado_to_none,Alta,false,No publicado → None (Optional date)
CNT-013,fuente,Canon — Personajes/Maeve,Canon — Personajes/Maeve,FREE_TEXT,copy_verbatim,Alta,false,
CNT-013,formato,Reel / Foto,Reel / Foto,FREE_TEXT,copy_verbatim,Alta,false,
CNT-013,categoria,Emoción / Vulnerabilidad,,C_REAL,,Baja,true,fuera de enum; requiere decision humana (OVERRIDES)
CNT-013,bloqueado_canon,No (pero ficha visual aún no aprobada),No,B,bloqueado_flag_strip,Media,false,detalle preservado: pero ficha visual aún no aprobada
CNT-013,estado_operacion_normalizado,Idea,Idea,A,exact_enum_match,Alta,false,
CNT-013,estado_canon_normalizado,Canon_Clear_or_Unverified,Canon_Clear_or_Unverified,A,exact_enum_match,Alta,false,
CNT-013,asset_ref_confirmado,,,FREE_TEXT,copy_verbatim,Alta,false,
CNT-013,asset_ref_candidato,,,FREE_TEXT,copy_verbatim,Alta,false,
CNT-013,reconciliacion_estado,No_Confirmed_Match,No_Confirmed_Match,A,exact_enum_match,Alta,false,
CNT-013,reconciliacion_confianza,None,None,A,exact_enum_match,Alta,false,
CNT-013,reconciliacion_fuente,,,FREE_TEXT,copy_verbatim,Alta,false,
CNT-013,reconciliacion_nota,No se encontró una coincidencia explícita CNT↔260 en el repositorio o en la búsqueda de Drive utilizada para este lote.,No se encontró una coincidencia explícita CNT↔260 en el repositorio o en la búsqueda de Drive utilizada para este lote.,FREE_TEXT,copy_verbatim,Alta,false,
CNT-013,registro_relacionado,,,FREE_TEXT,copy_verbatim,Alta,false,
CNT-013,drive_reference_id,,,FREE_TEXT,copy_verbatim,Alta,false,
CNT-013,meta_publication_id,,,FREE_TEXT,copy_verbatim,Alta,false,
CNT-013,meta_permalink,,,FREE_TEXT,copy_verbatim,Alta,false,
CNT-013,asset_set,,,FREE_TEXT,copy_verbatim,Alta,false,
CNT-013,asset_ref,,,FREE_TEXT,copy_verbatim,Alta,false,
CNT-013,asset_filename,,,FREE_TEXT,copy_verbatim,Alta,false,
CNT-013,drive_id,,,FREE_TEXT,copy_verbatim,Alta,false,
CNT-013,estado_canon,,,FREE_TEXT,copy_verbatim,Alta,false,
CNT-013,estado_produccion,,,FREE_TEXT,copy_verbatim,Alta,false,
CNT-013,estado_publicacion,,,FREE_TEXT,copy_verbatim,Alta,false,
CNT-013,ultima_sincronizacion,,,FREE_TEXT,copy_verbatim,Alta,false,
CNT-013,motivo_revision_normalizado,,,FREE_TEXT,copy_verbatim,Alta,false,
CNT-013,personaje_principal_normalizado,Maeve,Maeve,FREE_TEXT,copy_verbatim,Alta,false,
CNT-013,personajes_secundarios_normalizados,Ninguno,Ninguno,FREE_TEXT,copy_verbatim,Alta,false,
CNT-013,rol_narrativo,Protagonista,Protagonista,FREE_TEXT,copy_verbatim,Alta,false,
CNT-013,tipo_humor_normalizado,No determinado,No determinado,FREE_TEXT,copy_verbatim,Alta,false,
CNT-013,potencial_etiquetado,Bajo,Bajo,FREE_TEXT,copy_verbatim,Alta,false,
CNT-013,confianza_taxonomia,Alta,Alta,FREE_TEXT,copy_verbatim,Alta,false,
CNT-013,fuente_taxonomia,Inventario + reglas taxonómicas,Inventario + reglas taxonómicas,FREE_TEXT,copy_verbatim,Alta,false,
CNT-013,nota_taxonomia,No sustituye canon; revisar si la confianza es Media o Baja.,No sustituye canon; revisar si la confianza es Media o Baja.,FREE_TEXT,copy_verbatim,Alta,false,
CNT-013,es_historico,,,FREE_TEXT,copy_verbatim,Alta,false,
CNT-014,id,CNT-014,CNT-014,FREE_TEXT,copy_verbatim,Alta,false,
CNT-014,titulo,Kael (Chico de los Pantalones) — contenido,Kael (Chico de los Pantalones) — contenido,FREE_TEXT,copy_verbatim,Alta,false,
CNT-014,personaje_principal,@char_USM_kael,@char_USM_kael,FREE_TEXT,copy_verbatim,Alta,false,
CNT-014,personajes_secundarios,,,FREE_TEXT,copy_verbatim,Alta,false,
CNT-014,tipo_contenido,Reel / Foto,,C_REAL,,Baja,true,fuera de enum; requiere decision humana (OVERRIDES)
CNT-014,plataforma,Instagram,Instagram,A,exact_enum_match,Alta,false,
CNT-014,objetivo,Desarrollar identidad de contenido,Desarrollar identidad de contenido,FREE_TEXT,copy_verbatim,Alta,false,
CNT-014,hipotesis,,,FREE_TEXT,copy_verbatim,Alta,false,
CNT-014,estado,Idea,Idea,A,exact_enum_match,Alta,false,
CNT-014,prioridad,Baja,Baja,A,exact_enum_match,Alta,false,
CNT-014,dificultad_produccion,Alta (personaje secundario sin ficha visual),,C_REAL,,Baja,true,fuera de enum; requiere decision humana (OVERRIDES)
CNT-014,reutilizable,Sí,Sí,A,exact_enum_match,Alta,false,
CNT-014,fecha_ultima_publicacion,No publicado,,B,no_publicado_to_none,Alta,false,No publicado → None (Optional date)
CNT-014,fuente,Canon — Personajes/Kael,Canon — Personajes/Kael,FREE_TEXT,copy_verbatim,Alta,false,
CNT-014,formato,Reel / Foto,Reel / Foto,FREE_TEXT,copy_verbatim,Alta,false,
CNT-014,categoria,Humor / Interacción,,C_REAL,,Baja,true,fuera de enum; requiere decision humana (OVERRIDES)
CNT-014,bloqueado_canon,No (pero ficha visual aún no aprobada),No,B,bloqueado_flag_strip,Media,false,detalle preservado: pero ficha visual aún no aprobada
CNT-014,estado_operacion_normalizado,Idea,Idea,A,exact_enum_match,Alta,false,
CNT-014,estado_canon_normalizado,Canon_Clear_or_Unverified,Canon_Clear_or_Unverified,A,exact_enum_match,Alta,false,
CNT-014,asset_ref_confirmado,,,FREE_TEXT,copy_verbatim,Alta,false,
CNT-014,asset_ref_candidato,,,FREE_TEXT,copy_verbatim,Alta,false,
CNT-014,reconciliacion_estado,No_Confirmed_Match,No_Confirmed_Match,A,exact_enum_match,Alta,false,
CNT-014,reconciliacion_confianza,None,None,A,exact_enum_match,Alta,false,
CNT-014,reconciliacion_fuente,,,FREE_TEXT,copy_verbatim,Alta,false,
CNT-014,reconciliacion_nota,No se encontró una coincidencia explícita CNT↔260 en el repositorio o en la búsqueda de Drive utilizada para este lote.,No se encontró una coincidencia explícita CNT↔260 en el repositorio o en la búsqueda de Drive utilizada para este lote.,FREE_TEXT,copy_verbatim,Alta,false,
CNT-014,registro_relacionado,,,FREE_TEXT,copy_verbatim,Alta,false,
CNT-014,drive_reference_id,,,FREE_TEXT,copy_verbatim,Alta,false,
CNT-014,meta_publication_id,,,FREE_TEXT,copy_verbatim,Alta,false,
CNT-014,meta_permalink,,,FREE_TEXT,copy_verbatim,Alta,false,
CNT-014,asset_set,,,FREE_TEXT,copy_verbatim,Alta,false,
CNT-014,asset_ref,,,FREE_TEXT,copy_verbatim,Alta,false,
CNT-014,asset_filename,,,FREE_TEXT,copy_verbatim,Alta,false,
CNT-014,drive_id,,,FREE_TEXT,copy_verbatim,Alta,false,
CNT-014,estado_canon,,,FREE_TEXT,copy_verbatim,Alta,false,
CNT-014,estado_produccion,,,FREE_TEXT,copy_verbatim,Alta,false,
CNT-014,estado_publicacion,,,FREE_TEXT,copy_verbatim,Alta,false,
CNT-014,ultima_sincronizacion,,,FREE_TEXT,copy_verbatim,Alta,false,
CNT-014,motivo_revision_normalizado,,,FREE_TEXT,copy_verbatim,Alta,false,
CNT-014,personaje_principal_normalizado,Kael,Kael,FREE_TEXT,copy_verbatim,Alta,false,
CNT-014,personajes_secundarios_normalizados,Ninguno,Ninguno,FREE_TEXT,copy_verbatim,Alta,false,
CNT-014,rol_narrativo,Protagonista,Protagonista,FREE_TEXT,copy_verbatim,Alta,false,
CNT-014,tipo_humor_normalizado,Relatable cotidiano,Relatable cotidiano,FREE_TEXT,copy_verbatim,Alta,false,
CNT-014,potencial_etiquetado,Medio,Medio,FREE_TEXT,copy_verbatim,Alta,false,
CNT-014,confianza_taxonomia,Alta,Alta,FREE_TEXT,copy_verbatim,Alta,false,
CNT-014,fuente_taxonomia,Inventario + reglas taxonómicas,Inventario + reglas taxonómicas,FREE_TEXT,copy_verbatim,Alta,false,
CNT-014,nota_taxonomia,No sustituye canon; revisar si la confianza es Media o Baja.,No sustituye canon; revisar si la confianza es Media o Baja.,FREE_TEXT,copy_verbatim,Alta,false,
CNT-014,es_historico,,,FREE_TEXT,copy_verbatim,Alta,false,
CNT-015,id,CNT-015,CNT-015,FREE_TEXT,copy_verbatim,Alta,false,
CNT-015,titulo,Fantasma — contenido contemplativo,Fantasma — contenido contemplativo,FREE_TEXT,copy_verbatim,Alta,false,
CNT-015,personaje_principal,@char_USM_fantasma,@char_USM_fantasma,FREE_TEXT,copy_verbatim,Alta,false,
CNT-015,personajes_secundarios,,,FREE_TEXT,copy_verbatim,Alta,false,
CNT-015,tipo_contenido,Reel / Foto / Frase,,C_REAL,,Baja,true,fuera de enum; requiere decision humana (OVERRIDES)
CNT-015,plataforma,"Instagram, TikTok",Multi,B,multi_combo_to_Multi,Media,false,
CNT-015,objetivo,Usar la inmovilidad del Fantasma como recurso narrativo,Usar la inmovilidad del Fantasma como recurso narrativo,FREE_TEXT,copy_verbatim,Alta,false,
CNT-015,hipotesis,,,FREE_TEXT,copy_verbatim,Alta,false,
CNT-015,estado,Idea,Idea,A,exact_enum_match,Alta,false,
CNT-015,prioridad,Media,Media,A,exact_enum_match,Alta,false,
CNT-015,dificultad_produccion,Media (ficha visual aprobada),,C_REAL,,Baja,true,fuera de enum; requiere decision humana (OVERRIDES)
CNT-015,reutilizable,Sí,Sí,A,exact_enum_match,Alta,false,
CNT-015,fecha_ultima_publicacion,No publicado,,B,no_publicado_to_none,Alta,false,No publicado → None (Optional date)
CNT-015,fuente,Canon — Personajes/Fantasma,Canon — Personajes/Fantasma,FREE_TEXT,copy_verbatim,Alta,false,
CNT-015,formato,Reel / Foto / Frase,Reel / Foto / Frase,FREE_TEXT,copy_verbatim,Alta,false,
CNT-015,categoria,Contemplación / Existencial,,C_REAL,,Baja,true,fuera de enum; requiere decision humana (OVERRIDES)
CNT-015,bloqueado_canon,Sí — Fantasma no puede intervenir activamente,Sí,B,bloqueado_flag_strip,Media,false,detalle preservado: Fantasma no puede intervenir activamente
CNT-015,estado_operacion_normalizado,Idea,Idea,A,exact_enum_match,Alta,false,
CNT-015,estado_canon_normalizado,Canon_Constrained,Canon_Constrained,A,exact_enum_match,Alta,false,
CNT-015,asset_ref_confirmado,,,FREE_TEXT,copy_verbatim,Alta,false,
CNT-015,asset_ref_candidato,,,FREE_TEXT,copy_verbatim,Alta,false,
CNT-015,reconciliacion_estado,No_Confirmed_Match,No_Confirmed_Match,A,exact_enum_match,Alta,false,
CNT-015,reconciliacion_confianza,None,None,A,exact_enum_match,Alta,false,
CNT-015,reconciliacion_fuente,,,FREE_TEXT,copy_verbatim,Alta,false,
CNT-015,reconciliacion_nota,No se encontró una coincidencia explícita CNT↔260 en el repositorio o en la búsqueda de Drive utilizada para este lote.,No se encontró una coincidencia explícita CNT↔260 en el repositorio o en la búsqueda de Drive utilizada para este lote.,FREE_TEXT,copy_verbatim,Alta,false,
CNT-015,registro_relacionado,,,FREE_TEXT,copy_verbatim,Alta,false,
CNT-015,drive_reference_id,,,FREE_TEXT,copy_verbatim,Alta,false,
CNT-015,meta_publication_id,,,FREE_TEXT,copy_verbatim,Alta,false,
CNT-015,meta_permalink,,,FREE_TEXT,copy_verbatim,Alta,false,
CNT-015,asset_set,,,FREE_TEXT,copy_verbatim,Alta,false,
CNT-015,asset_ref,,,FREE_TEXT,copy_verbatim,Alta,false,
CNT-015,asset_filename,,,FREE_TEXT,copy_verbatim,Alta,false,
CNT-015,drive_id,,,FREE_TEXT,copy_verbatim,Alta,false,
CNT-015,estado_canon,,,FREE_TEXT,copy_verbatim,Alta,false,
CNT-015,estado_produccion,,,FREE_TEXT,copy_verbatim,Alta,false,
CNT-015,estado_publicacion,,,FREE_TEXT,copy_verbatim,Alta,false,
CNT-015,ultima_sincronizacion,,,FREE_TEXT,copy_verbatim,Alta,false,
CNT-015,motivo_revision_normalizado,,,FREE_TEXT,copy_verbatim,Alta,false,
CNT-015,personaje_principal_normalizado,Fantasma,Fantasma,FREE_TEXT,copy_verbatim,Alta,false,
CNT-015,personajes_secundarios_normalizados,Ninguno,Ninguno,FREE_TEXT,copy_verbatim,Alta,false,
CNT-015,rol_narrativo,Protagonista,Protagonista,FREE_TEXT,copy_verbatim,Alta,false,
CNT-015,tipo_humor_normalizado,Existencial o absurdo,Existencial o absurdo,FREE_TEXT,copy_verbatim,Alta,false,
CNT-015,potencial_etiquetado,Bajo,Bajo,FREE_TEXT,copy_verbatim,Alta,false,
CNT-015,confianza_taxonomia,Alta,Alta,FREE_TEXT,copy_verbatim,Alta,false,
CNT-015,fuente_taxonomia,Inventario + reglas taxonómicas,Inventario + reglas taxonómicas,FREE_TEXT,copy_verbatim,Alta,false,
CNT-015,nota_taxonomia,No sustituye canon; revisar si la confianza es Media o Baja.,No sustituye canon; revisar si la confianza es Media o Baja.,FREE_TEXT,copy_verbatim,Alta,false,
CNT-015,es_historico,,,FREE_TEXT,copy_verbatim,Alta,false,
CNT-016,id,CNT-016,CNT-016,FREE_TEXT,copy_verbatim,Alta,false,
CNT-016,titulo,Filosofía — Principios como contenido (Principio 0 al 8),Filosofía — Principios como contenido (Principio 0 al 8),FREE_TEXT,copy_verbatim,Alta,false,
CNT-016,personaje_principal,Variable,Variable,FREE_TEXT,copy_verbatim,Alta,false,
CNT-016,personajes_secundarios,Variable,Variable,FREE_TEXT,copy_verbatim,Alta,false,
CNT-016,tipo_contenido,Foto / Carrusel / Frase / Reel,,C_REAL,,Baja,true,fuera de enum; requiere decision humana (OVERRIDES)
CNT-016,plataforma,"Instagram, Facebook",Multi,B,multi_combo_to_Multi,Media,false,
CNT-016,objetivo,Convertir los 9 principios filosóficos en contenido editorial,Convertir los 9 principios filosóficos en contenido editorial,FREE_TEXT,copy_verbatim,Alta,false,
CNT-016,hipotesis,,,FREE_TEXT,copy_verbatim,Alta,false,
CNT-016,estado,Idea,Idea,A,exact_enum_match,Alta,false,
CNT-016,prioridad,Media,Media,A,exact_enum_match,Alta,false,
CNT-016,dificultad_produccion,Media,Media,A,exact_enum_match,Alta,false,
CNT-016,reutilizable,Sí,Sí,A,exact_enum_match,Alta,false,
CNT-016,fecha_ultima_publicacion,No publicado,,B,no_publicado_to_none,Alta,false,No publicado → None (Optional date)
CNT-016,fuente,Canon — 03 Filosofía,Canon — 03 Filosofía,FREE_TEXT,copy_verbatim,Alta,false,
CNT-016,formato,Foto / Carrusel / Frase / Reel,Foto / Carrusel / Frase / Reel,FREE_TEXT,copy_verbatim,Alta,false,
CNT-016,categoria,Filosofía / Educación,,C_REAL,,Baja,true,fuera de enum; requiere decision humana (OVERRIDES)
CNT-016,bloqueado_canon,No,No,A,exact_enum_match,Alta,false,
CNT-016,estado_operacion_normalizado,Idea,Idea,A,exact_enum_match,Alta,false,
CNT-016,estado_canon_normalizado,Canon_Clear_or_Unverified,Canon_Clear_or_Unverified,A,exact_enum_match,Alta,false,
CNT-016,asset_ref_confirmado,,,FREE_TEXT,copy_verbatim,Alta,false,
CNT-016,asset_ref_candidato,,,FREE_TEXT,copy_verbatim,Alta,false,
CNT-016,reconciliacion_estado,No_Confirmed_Match,No_Confirmed_Match,A,exact_enum_match,Alta,false,
CNT-016,reconciliacion_confianza,None,None,A,exact_enum_match,Alta,false,
CNT-016,reconciliacion_fuente,,,FREE_TEXT,copy_verbatim,Alta,false,
CNT-016,reconciliacion_nota,No se encontró una coincidencia explícita CNT↔260 en el repositorio o en la búsqueda de Drive utilizada para este lote.,No se encontró una coincidencia explícita CNT↔260 en el repositorio o en la búsqueda de Drive utilizada para este lote.,FREE_TEXT,copy_verbatim,Alta,false,
CNT-016,registro_relacionado,,,FREE_TEXT,copy_verbatim,Alta,false,
CNT-016,drive_reference_id,,,FREE_TEXT,copy_verbatim,Alta,false,
CNT-016,meta_publication_id,,,FREE_TEXT,copy_verbatim,Alta,false,
CNT-016,meta_permalink,,,FREE_TEXT,copy_verbatim,Alta,false,
CNT-016,asset_set,,,FREE_TEXT,copy_verbatim,Alta,false,
CNT-016,asset_ref,,,FREE_TEXT,copy_verbatim,Alta,false,
CNT-016,asset_filename,,,FREE_TEXT,copy_verbatim,Alta,false,
CNT-016,drive_id,,,FREE_TEXT,copy_verbatim,Alta,false,
CNT-016,estado_canon,,,FREE_TEXT,copy_verbatim,Alta,false,
CNT-016,estado_produccion,,,FREE_TEXT,copy_verbatim,Alta,false,
CNT-016,estado_publicacion,,,FREE_TEXT,copy_verbatim,Alta,false,
CNT-016,ultima_sincronizacion,,,FREE_TEXT,copy_verbatim,Alta,false,
CNT-016,motivo_revision_normalizado,,,FREE_TEXT,copy_verbatim,Alta,false,
CNT-016,personaje_principal_normalizado,No identificado,No identificado,FREE_TEXT,copy_verbatim,Alta,false,
CNT-016,personajes_secundarios_normalizados,Ninguno,Ninguno,FREE_TEXT,copy_verbatim,Alta,false,
CNT-016,rol_narrativo,No determinado,No determinado,FREE_TEXT,copy_verbatim,Alta,false,
CNT-016,tipo_humor_normalizado,Existencial o absurdo,Existencial o absurdo,FREE_TEXT,copy_verbatim,Alta,false,
CNT-016,potencial_etiquetado,Bajo,Bajo,FREE_TEXT,copy_verbatim,Alta,false,
CNT-016,confianza_taxonomia,Media,Media,FREE_TEXT,copy_verbatim,Alta,false,
CNT-016,fuente_taxonomia,Inventario + reglas taxonómicas,Inventario + reglas taxonómicas,FREE_TEXT,copy_verbatim,Alta,false,
CNT-016,nota_taxonomia,No sustituye canon; revisar si la confianza es Media o Baja.,No sustituye canon; revisar si la confianza es Media o Baja.,FREE_TEXT,copy_verbatim,Alta,false,
CNT-016,es_historico,,,FREE_TEXT,copy_verbatim,Alta,false,
CNT-017,id,CNT-017,CNT-017,FREE_TEXT,copy_verbatim,Alta,false,
CNT-017,titulo,El Bosque — contenido ambiental,El Bosque — contenido ambiental,FREE_TEXT,copy_verbatim,Alta,false,
CNT-017,personaje_principal,@char_USM_wilfred,@char_USM_wilfred,FREE_TEXT,copy_verbatim,Alta,false,
CNT-017,personajes_secundarios,,,FREE_TEXT,copy_verbatim,Alta,false,
CNT-017,tipo_contenido,Foto / Reel,,C_REAL,,Baja,true,fuera de enum; requiere decision humana (OVERRIDES)
CNT-017,plataforma,"Instagram, Facebook",Multi,B,multi_combo_to_Multi,Media,false,
CNT-017,objetivo,Usar El Bosque como escenario recurrente y atmosférico,Usar El Bosque como escenario recurrente y atmosférico,FREE_TEXT,copy_verbatim,Alta,false,
CNT-017,hipotesis,,,FREE_TEXT,copy_verbatim,Alta,false,
CNT-017,estado,Idea,Idea,A,exact_enum_match,Alta,false,
CNT-017,prioridad,Baja,Baja,A,exact_enum_match,Alta,false,
CNT-017,dificultad_produccion,Media,Media,A,exact_enum_match,Alta,false,
CNT-017,reutilizable,Sí,Sí,A,exact_enum_match,Alta,false,
CNT-017,fecha_ultima_publicacion,No publicado,,B,no_publicado_to_none,Alta,false,No publicado → None (Optional date)
CNT-017,fuente,Canon — Lugares/El Bosque,Canon — Lugares/El Bosque,FREE_TEXT,copy_verbatim,Alta,false,
CNT-017,formato,Foto / Reel,Foto / Reel,FREE_TEXT,copy_verbatim,Alta,false,
CNT-017,categoria,Ambiental / Narrativa,,C_REAL,,Baja,true,fuera de enum; requiere decision humana (OVERRIDES)
CNT-017,bloqueado_canon,No,No,A,exact_enum_match,Alta,false,
CNT-017,estado_operacion_normalizado,Idea,Idea,A,exact_enum_match,Alta,false,
CNT-017,estado_canon_normalizado,Canon_Clear_or_Unverified,Canon_Clear_or_Unverified,A,exact_enum_match,Alta,false,
CNT-017,asset_ref_confirmado,,,FREE_TEXT,copy_verbatim,Alta,false,
CNT-017,asset_ref_candidato,,,FREE_TEXT,copy_verbatim,Alta,false,
CNT-017,reconciliacion_estado,No_Confirmed_Match,No_Confirmed_Match,A,exact_enum_match,Alta,false,
CNT-017,reconciliacion_confianza,None,None,A,exact_enum_match,Alta,false,
CNT-017,reconciliacion_fuente,,,FREE_TEXT,copy_verbatim,Alta,false,
CNT-017,reconciliacion_nota,No se encontró una coincidencia explícita CNT↔260 en el repositorio o en la búsqueda de Drive utilizada para este lote.,No se encontró una coincidencia explícita CNT↔260 en el repositorio o en la búsqueda de Drive utilizada para este lote.,FREE_TEXT,copy_verbatim,Alta,false,
CNT-017,registro_relacionado,,,FREE_TEXT,copy_verbatim,Alta,false,
CNT-017,drive_reference_id,,,FREE_TEXT,copy_verbatim,Alta,false,
CNT-017,meta_publication_id,,,FREE_TEXT,copy_verbatim,Alta,false,
CNT-017,meta_permalink,,,FREE_TEXT,copy_verbatim,Alta,false,
CNT-017,asset_set,,,FREE_TEXT,copy_verbatim,Alta,false,
CNT-017,asset_ref,,,FREE_TEXT,copy_verbatim,Alta,false,
CNT-017,asset_filename,,,FREE_TEXT,copy_verbatim,Alta,false,
CNT-017,drive_id,,,FREE_TEXT,copy_verbatim,Alta,false,
CNT-017,estado_canon,,,FREE_TEXT,copy_verbatim,Alta,false,
CNT-017,estado_produccion,,,FREE_TEXT,copy_verbatim,Alta,false,
CNT-017,estado_publicacion,,,FREE_TEXT,copy_verbatim,Alta,false,
CNT-017,ultima_sincronizacion,,,FREE_TEXT,copy_verbatim,Alta,false,
CNT-017,motivo_revision_normalizado,,,FREE_TEXT,copy_verbatim,Alta,false,
CNT-017,personaje_principal_normalizado,Wilfred,Wilfred,FREE_TEXT,copy_verbatim,Alta,false,
CNT-017,personajes_secundarios_normalizados,Ninguno,Ninguno,FREE_TEXT,copy_verbatim,Alta,false,
CNT-017,rol_narrativo,Protagonista,Protagonista,FREE_TEXT,copy_verbatim,Alta,false,
CNT-017,tipo_humor_normalizado,No determinado,No determinado,FREE_TEXT,copy_verbatim,Alta,false,
CNT-017,potencial_etiquetado,Bajo,Bajo,FREE_TEXT,copy_verbatim,Alta,false,
CNT-017,confianza_taxonomia,Alta,Alta,FREE_TEXT,copy_verbatim,Alta,false,
CNT-017,fuente_taxonomia,Inventario + reglas taxonómicas,Inventario + reglas taxonómicas,FREE_TEXT,copy_verbatim,Alta,false,
CNT-017,nota_taxonomia,No sustituye canon; revisar si la confianza es Media o Baja.,No sustituye canon; revisar si la confianza es Media o Baja.,FREE_TEXT,copy_verbatim,Alta,false,
CNT-017,es_historico,,,FREE_TEXT,copy_verbatim,Alta,false,
CNT-018,id,CNT-018,CNT-018,FREE_TEXT,copy_verbatim,Alta,false,
CNT-018,titulo,Mar de Nubes — contenido contemplativo,Mar de Nubes — contenido contemplativo,FREE_TEXT,copy_verbatim,Alta,false,
CNT-018,personaje_principal,@char_USM_fantasma,@char_USM_fantasma,FREE_TEXT,copy_verbatim,Alta,false,
CNT-018,personajes_secundarios,,,FREE_TEXT,copy_verbatim,Alta,false,
CNT-018,tipo_contenido,Reel / Foto,,C_REAL,,Baja,true,fuera de enum; requiere decision humana (OVERRIDES)
CNT-018,plataforma,"Instagram, TikTok",Multi,B,multi_combo_to_Multi,Media,false,
CNT-018,objetivo,Usar Mar de Nubes como espacio de profundidad y Resonancia,Usar Mar de Nubes como espacio de profundidad y Resonancia,FREE_TEXT,copy_verbatim,Alta,false,
CNT-018,hipotesis,,,FREE_TEXT,copy_verbatim,Alta,false,
CNT-018,estado,Idea,Idea,A,exact_enum_match,Alta,false,
CNT-018,prioridad,Baja,Baja,A,exact_enum_match,Alta,false,
CNT-018,dificultad_produccion,Media,Media,A,exact_enum_match,Alta,false,
CNT-018,reutilizable,Sí,Sí,A,exact_enum_match,Alta,false,
CNT-018,fecha_ultima_publicacion,No publicado,,B,no_publicado_to_none,Alta,false,No publicado → None (Optional date)
CNT-018,fuente,Canon — Lugares/Mar de Nubes,Canon — Lugares/Mar de Nubes,FREE_TEXT,copy_verbatim,Alta,false,
CNT-018,formato,Reel / Foto,Reel / Foto,FREE_TEXT,copy_verbatim,Alta,false,
CNT-018,categoria,Contemplación / Resonancia,,C_REAL,,Baja,true,fuera de enum; requiere decision humana (OVERRIDES)
CNT-018,bloqueado_canon,No,No,A,exact_enum_match,Alta,false,
CNT-018,estado_operacion_normalizado,Idea,Idea,A,exact_enum_match,Alta,false,
CNT-018,estado_canon_normalizado,Canon_Clear_or_Unverified,Canon_Clear_or_Unverified,A,exact_enum_match,Alta,false,
CNT-018,asset_ref_confirmado,,,FREE_TEXT,copy_verbatim,Alta,false,
CNT-018,asset_ref_candidato,,,FREE_TEXT,copy_verbatim,Alta,false,
CNT-018,reconciliacion_estado,No_Confirmed_Match,No_Confirmed_Match,A,exact_enum_match,Alta,false,
CNT-018,reconciliacion_confianza,None,None,A,exact_enum_match,Alta,false,
CNT-018,reconciliacion_fuente,,,FREE_TEXT,copy_verbatim,Alta,false,
CNT-018,reconciliacion_nota,No se encontró una coincidencia explícita CNT↔260 en el repositorio o en la búsqueda de Drive utilizada para este lote.,No se encontró una coincidencia explícita CNT↔260 en el repositorio o en la búsqueda de Drive utilizada para este lote.,FREE_TEXT,copy_verbatim,Alta,false,
CNT-018,registro_relacionado,,,FREE_TEXT,copy_verbatim,Alta,false,
CNT-018,drive_reference_id,,,FREE_TEXT,copy_verbatim,Alta,false,
CNT-018,meta_publication_id,,,FREE_TEXT,copy_verbatim,Alta,false,
CNT-018,meta_permalink,,,FREE_TEXT,copy_verbatim,Alta,false,
CNT-018,asset_set,,,FREE_TEXT,copy_verbatim,Alta,false,
CNT-018,asset_ref,,,FREE_TEXT,copy_verbatim,Alta,false,
CNT-018,asset_filename,,,FREE_TEXT,copy_verbatim,Alta,false,
CNT-018,drive_id,,,FREE_TEXT,copy_verbatim,Alta,false,
CNT-018,estado_canon,,,FREE_TEXT,copy_verbatim,Alta,false,
CNT-018,estado_produccion,,,FREE_TEXT,copy_verbatim,Alta,false,
CNT-018,estado_publicacion,,,FREE_TEXT,copy_verbatim,Alta,false,
CNT-018,ultima_sincronizacion,,,FREE_TEXT,copy_verbatim,Alta,false,
CNT-018,motivo_revision_normalizado,,,FREE_TEXT,copy_verbatim,Alta,false,
CNT-018,personaje_principal_normalizado,Fantasma,Fantasma,FREE_TEXT,copy_verbatim,Alta,false,
CNT-018,personajes_secundarios_normalizados,Ninguno,Ninguno,FREE_TEXT,copy_verbatim,Alta,false,
CNT-018,rol_narrativo,Protagonista,Protagonista,FREE_TEXT,copy_verbatim,Alta,false,
CNT-018,tipo_humor_normalizado,No determinado,No determinado,FREE_TEXT,copy_verbatim,Alta,false,
CNT-018,potencial_etiquetado,Bajo,Bajo,FREE_TEXT,copy_verbatim,Alta,false,
CNT-018,confianza_taxonomia,Alta,Alta,FREE_TEXT,copy_verbatim,Alta,false,
CNT-018,fuente_taxonomia,Inventario + reglas taxonómicas,Inventario + reglas taxonómicas,FREE_TEXT,copy_verbatim,Alta,false,
CNT-018,nota_taxonomia,No sustituye canon; revisar si la confianza es Media o Baja.,No sustituye canon; revisar si la confianza es Media o Baja.,FREE_TEXT,copy_verbatim,Alta,false,
CNT-018,es_historico,,,FREE_TEXT,copy_verbatim,Alta,false,
CNT-019,id,CNT-019,CNT-019,FREE_TEXT,copy_verbatim,Alta,false,
CNT-019,titulo,La Plaza del Mercado — contenido de interacción,La Plaza del Mercado — contenido de interacción,FREE_TEXT,copy_verbatim,Alta,false,
CNT-019,personaje_principal,Variable,Variable,FREE_TEXT,copy_verbatim,Alta,false,
CNT-019,personajes_secundarios,Variable,Variable,FREE_TEXT,copy_verbatim,Alta,false,
CNT-019,tipo_contenido,Reel / Carrusel,,C_REAL,,Baja,true,fuera de enum; requiere decision humana (OVERRIDES)
CNT-019,plataforma,"Instagram, Facebook",Multi,B,multi_combo_to_Multi,Media,false,
CNT-019,objetivo,Usar la Plaza como escenario de encuentros entre personajes,Usar la Plaza como escenario de encuentros entre personajes,FREE_TEXT,copy_verbatim,Alta,false,
CNT-019,hipotesis,,,FREE_TEXT,copy_verbatim,Alta,false,
CNT-019,estado,Idea,Idea,A,exact_enum_match,Alta,false,
CNT-019,prioridad,Baja,Baja,A,exact_enum_match,Alta,false,
CNT-019,dificultad_produccion,Alta (sin fichas visuales de personajes),,C_REAL,,Baja,true,fuera de enum; requiere decision humana (OVERRIDES)
CNT-019,reutilizable,Sí,Sí,A,exact_enum_match,Alta,false,
CNT-019,fecha_ultima_publicacion,No publicado,,B,no_publicado_to_none,Alta,false,No publicado → None (Optional date)
CNT-019,fuente,Canon — Lugares/La Plaza del Mercado,Canon — Lugares/La Plaza del Mercado,FREE_TEXT,copy_verbatim,Alta,false,
CNT-019,formato,Reel / Carrusel,Reel / Carrusel,FREE_TEXT,copy_verbatim,Alta,false,
CNT-019,categoria,Interacción / Humor,,C_REAL,,Baja,true,fuera de enum; requiere decision humana (OVERRIDES)
CNT-019,bloqueado_canon,No,No,A,exact_enum_match,Alta,false,
CNT-019,estado_operacion_normalizado,Idea,Idea,A,exact_enum_match,Alta,false,
CNT-019,estado_canon_normalizado,Canon_Clear_or_Unverified,Canon_Clear_or_Unverified,A,exact_enum_match,Alta,false,
CNT-019,asset_ref_confirmado,,,FREE_TEXT,copy_verbatim,Alta,false,
CNT-019,asset_ref_candidato,,,FREE_TEXT,copy_verbatim,Alta,false,
CNT-019,reconciliacion_estado,No_Confirmed_Match,No_Confirmed_Match,A,exact_enum_match,Alta,false,
CNT-019,reconciliacion_confianza,None,None,A,exact_enum_match,Alta,false,
CNT-019,reconciliacion_fuente,,,FREE_TEXT,copy_verbatim,Alta,false,
CNT-019,reconciliacion_nota,No se encontró una coincidencia explícita CNT↔260 en el repositorio o en la búsqueda de Drive utilizada para este lote.,No se encontró una coincidencia explícita CNT↔260 en el repositorio o en la búsqueda de Drive utilizada para este lote.,FREE_TEXT,copy_verbatim,Alta,false,
CNT-019,registro_relacionado,,,FREE_TEXT,copy_verbatim,Alta,false,
CNT-019,drive_reference_id,,,FREE_TEXT,copy_verbatim,Alta,false,
CNT-019,meta_publication_id,,,FREE_TEXT,copy_verbatim,Alta,false,
CNT-019,meta_permalink,,,FREE_TEXT,copy_verbatim,Alta,false,
CNT-019,asset_set,,,FREE_TEXT,copy_verbatim,Alta,false,
CNT-019,asset_ref,,,FREE_TEXT,copy_verbatim,Alta,false,
CNT-019,asset_filename,,,FREE_TEXT,copy_verbatim,Alta,false,
CNT-019,drive_id,,,FREE_TEXT,copy_verbatim,Alta,false,
CNT-019,estado_canon,,,FREE_TEXT,copy_verbatim,Alta,false,
CNT-019,estado_produccion,,,FREE_TEXT,copy_verbatim,Alta,false,
CNT-019,estado_publicacion,,,FREE_TEXT,copy_verbatim,Alta,false,
CNT-019,ultima_sincronizacion,,,FREE_TEXT,copy_verbatim,Alta,false,
CNT-019,motivo_revision_normalizado,,,FREE_TEXT,copy_verbatim,Alta,false,
CNT-019,personaje_principal_normalizado,No identificado,No identificado,FREE_TEXT,copy_verbatim,Alta,false,
CNT-019,personajes_secundarios_normalizados,Ninguno,Ninguno,FREE_TEXT,copy_verbatim,Alta,false,
CNT-019,rol_narrativo,No determinado,No determinado,FREE_TEXT,copy_verbatim,Alta,false,
CNT-019,tipo_humor_normalizado,Relatable cotidiano;Fandom o referencia,Relatable cotidiano;Fandom o referencia,FREE_TEXT,copy_verbatim,Alta,false,
CNT-019,potencial_etiquetado,Medio,Medio,FREE_TEXT,copy_verbatim,Alta,false,
CNT-019,confianza_taxonomia,Media,Media,FREE_TEXT,copy_verbatim,Alta,false,
CNT-019,fuente_taxonomia,Inventario + reglas taxonómicas,Inventario + reglas taxonómicas,FREE_TEXT,copy_verbatim,Alta,false,
CNT-019,nota_taxonomia,No sustituye canon; revisar si la confianza es Media o Baja.,No sustituye canon; revisar si la confianza es Media o Baja.,FREE_TEXT,copy_verbatim,Alta,false,
CNT-019,es_historico,,,FREE_TEXT,copy_verbatim,Alta,false,
CNT-020,id,CNT-020,CNT-020,FREE_TEXT,copy_verbatim,Alta,false,
CNT-020,titulo,Jardines Eternos — contenido visual,Jardines Eternos — contenido visual,FREE_TEXT,copy_verbatim,Alta,false,
CNT-020,personaje_principal,Variable,Variable,FREE_TEXT,copy_verbatim,Alta,false,
CNT-020,personajes_secundarios,,,FREE_TEXT,copy_verbatim,Alta,false,
CNT-020,tipo_contenido,Reel / Foto,,C_REAL,,Baja,true,fuera de enum; requiere decision humana (OVERRIDES)
CNT-020,plataforma,Instagram,Instagram,A,exact_enum_match,Alta,false,
CNT-020,objetivo,Usar los Jardines Eternos como escenario de belleza y contemplación,Usar los Jardines Eternos como escenario de belleza y contemplación,FREE_TEXT,copy_verbatim,Alta,false,
CNT-020,hipotesis,,,FREE_TEXT,copy_verbatim,Alta,false,
CNT-020,estado,Idea,Idea,A,exact_enum_match,Alta,false,
CNT-020,prioridad,Baja,Baja,A,exact_enum_match,Alta,false,
CNT-020,dificultad_produccion,Alta (sin fichas visuales),,C_REAL,,Baja,true,fuera de enum; requiere decision humana (OVERRIDES)
CNT-020,reutilizable,Sí,Sí,A,exact_enum_match,Alta,false,
CNT-020,fecha_ultima_publicacion,No publicado,,B,no_publicado_to_none,Alta,false,No publicado → None (Optional date)
CNT-020,fuente,Canon — Lugares/Jardines Eternos,Canon — Lugares/Jardines Eternos,FREE_TEXT,copy_verbatim,Alta,false,
CNT-020,formato,Reel / Foto,Reel / Foto,FREE_TEXT,copy_verbatim,Alta,false,
CNT-020,categoria,Visual / Contemplación,,C_REAL,,Baja,true,fuera de enum; requiere decision humana (OVERRIDES)
CNT-020,bloqueado_canon,No,No,A,exact_enum_match,Alta,false,
CNT-020,estado_operacion_normalizado,Idea,Idea,A,exact_enum_match,Alta,false,
CNT-020,estado_canon_normalizado,Canon_Clear_or_Unverified,Canon_Clear_or_Unverified,A,exact_enum_match,Alta,false,
CNT-020,asset_ref_confirmado,,,FREE_TEXT,copy_verbatim,Alta,false,
CNT-020,asset_ref_candidato,,,FREE_TEXT,copy_verbatim,Alta,false,
CNT-020,reconciliacion_estado,No_Confirmed_Match,No_Confirmed_Match,A,exact_enum_match,Alta,false,
CNT-020,reconciliacion_confianza,None,None,A,exact_enum_match,Alta,false,
CNT-020,reconciliacion_fuente,,,FREE_TEXT,copy_verbatim,Alta,false,
CNT-020,reconciliacion_nota,No se encontró una coincidencia explícita CNT↔260 en el repositorio o en la búsqueda de Drive utilizada para este lote.,No se encontró una coincidencia explícita CNT↔260 en el repositorio o en la búsqueda de Drive utilizada para este lote.,FREE_TEXT,copy_verbatim,Alta,false,
CNT-020,registro_relacionado,,,FREE_TEXT,copy_verbatim,Alta,false,
CNT-020,drive_reference_id,,,FREE_TEXT,copy_verbatim,Alta,false,
CNT-020,meta_publication_id,,,FREE_TEXT,copy_verbatim,Alta,false,
CNT-020,meta_permalink,,,FREE_TEXT,copy_verbatim,Alta,false,
CNT-020,asset_set,,,FREE_TEXT,copy_verbatim,Alta,false,
CNT-020,asset_ref,,,FREE_TEXT,copy_verbatim,Alta,false,
CNT-020,asset_filename,,,FREE_TEXT,copy_verbatim,Alta,false,
CNT-020,drive_id,,,FREE_TEXT,copy_verbatim,Alta,false,
CNT-020,estado_canon,,,FREE_TEXT,copy_verbatim,Alta,false,
CNT-020,estado_produccion,,,FREE_TEXT,copy_verbatim,Alta,false,
CNT-020,estado_publicacion,,,FREE_TEXT,copy_verbatim,Alta,false,
CNT-020,ultima_sincronizacion,,,FREE_TEXT,copy_verbatim,Alta,false,
CNT-020,motivo_revision_normalizado,,,FREE_TEXT,copy_verbatim,Alta,false,
CNT-020,personaje_principal_normalizado,No identificado,No identificado,FREE_TEXT,copy_verbatim,Alta,false,
CNT-020,personajes_secundarios_normalizados,Ninguno,Ninguno,FREE_TEXT,copy_verbatim,Alta,false,
CNT-020,rol_narrativo,No determinado,No determinado,FREE_TEXT,copy_verbatim,Alta,false,
CNT-020,tipo_humor_normalizado,No determinado,No determinado,FREE_TEXT,copy_verbatim,Alta,false,
CNT-020,potencial_etiquetado,Bajo,Bajo,FREE_TEXT,copy_verbatim,Alta,false,
CNT-020,confianza_taxonomia,Baja,Baja,FREE_TEXT,copy_verbatim,Alta,false,
CNT-020,fuente_taxonomia,Inventario + reglas taxonómicas,Inventario + reglas taxonómicas,FREE_TEXT,copy_verbatim,Alta,false,
CNT-020,nota_taxonomia,No sustituye canon; revisar si la confianza es Media o Baja.,No sustituye canon; revisar si la confianza es Media o Baja.,FREE_TEXT,copy_verbatim,Alta,false,
CNT-020,es_historico,,,FREE_TEXT,copy_verbatim,Alta,false,
CNT-021,id,CNT-021,CNT-021,FREE_TEXT,copy_verbatim,Alta,false,
CNT-021,titulo,Behind the scenes — pipeline de producción IA,Behind the scenes — pipeline de producción IA,FREE_TEXT,copy_verbatim,Alta,false,
CNT-021,personaje_principal,N/A (meta),N/A (meta),FREE_TEXT,copy_verbatim,Alta,false,
CNT-021,personajes_secundarios,,,FREE_TEXT,copy_verbatim,Alta,false,
CNT-021,tipo_contenido,Reel / Carrusel,,C_REAL,,Baja,true,fuera de enum; requiere decision humana (OVERRIDES)
CNT-021,plataforma,"Instagram, TikTok, YouTube Shorts",Multi,B,multi_combo_to_Multi,Media,false,
CNT-021,objetivo,Mostrar el proceso creativo detrás del universo — meta-contenido educativo,Mostrar el proceso creativo detrás del universo — meta-contenido educativo,FREE_TEXT,copy_verbatim,Alta,false,
CNT-021,hipotesis,,,FREE_TEXT,copy_verbatim,Alta,false,
CNT-021,estado,Idea,Idea,A,exact_enum_match,Alta,false,
CNT-021,prioridad,Media,Media,A,exact_enum_match,Alta,false,
CNT-021,dificultad_produccion,Baja,Baja,A,exact_enum_match,Alta,false,
CNT-021,reutilizable,Sí,Sí,A,exact_enum_match,Alta,false,
CNT-021,fecha_ultima_publicacion,No publicado,,B,no_publicado_to_none,Alta,false,No publicado → None (Optional date)
CNT-021,fuente,Perfil del usuario (AI filmmaking),Perfil del usuario (AI filmmaking),FREE_TEXT,copy_verbatim,Alta,false,
CNT-021,formato,Reel / Carrusel,Reel / Carrusel,FREE_TEXT,copy_verbatim,Alta,false,
CNT-021,categoria,Behind the scenes / Educación,,C_REAL,,Baja,true,fuera de enum; requiere decision humana (OVERRIDES)
CNT-021,bloqueado_canon,No,No,A,exact_enum_match,Alta,false,
CNT-021,estado_operacion_normalizado,Idea,Idea,A,exact_enum_match,Alta,false,
CNT-021,estado_canon_normalizado,Canon_Clear_or_Unverified,Canon_Clear_or_Unverified,A,exact_enum_match,Alta,false,
CNT-021,asset_ref_confirmado,,,FREE_TEXT,copy_verbatim,Alta,false,
CNT-021,asset_ref_candidato,,,FREE_TEXT,copy_verbatim,Alta,false,
CNT-021,reconciliacion_estado,No_Confirmed_Match,No_Confirmed_Match,A,exact_enum_match,Alta,false,
CNT-021,reconciliacion_confianza,None,None,A,exact_enum_match,Alta,false,
CNT-021,reconciliacion_fuente,,,FREE_TEXT,copy_verbatim,Alta,false,
CNT-021,reconciliacion_nota,No se encontró una coincidencia explícita CNT↔260 en el repositorio o en la búsqueda de Drive utilizada para este lote.,No se encontró una coincidencia explícita CNT↔260 en el repositorio o en la búsqueda de Drive utilizada para este lote.,FREE_TEXT,copy_verbatim,Alta,false,
CNT-021,registro_relacionado,,,FREE_TEXT,copy_verbatim,Alta,false,
CNT-021,drive_reference_id,,,FREE_TEXT,copy_verbatim,Alta,false,
CNT-021,meta_publication_id,,,FREE_TEXT,copy_verbatim,Alta,false,
CNT-021,meta_permalink,,,FREE_TEXT,copy_verbatim,Alta,false,
CNT-021,asset_set,,,FREE_TEXT,copy_verbatim,Alta,false,
CNT-021,asset_ref,,,FREE_TEXT,copy_verbatim,Alta,false,
CNT-021,asset_filename,,,FREE_TEXT,copy_verbatim,Alta,false,
CNT-021,drive_id,,,FREE_TEXT,copy_verbatim,Alta,false,
CNT-021,estado_canon,,,FREE_TEXT,copy_verbatim,Alta,false,
CNT-021,estado_produccion,,,FREE_TEXT,copy_verbatim,Alta,false,
CNT-021,estado_publicacion,,,FREE_TEXT,copy_verbatim,Alta,false,
CNT-021,ultima_sincronizacion,,,FREE_TEXT,copy_verbatim,Alta,false,
CNT-021,motivo_revision_normalizado,,,FREE_TEXT,copy_verbatim,Alta,false,
CNT-021,personaje_principal_normalizado,No identificado,No identificado,FREE_TEXT,copy_verbatim,Alta,false,
CNT-021,personajes_secundarios_normalizados,Ninguno,Ninguno,FREE_TEXT,copy_verbatim,Alta,false,
CNT-021,rol_narrativo,No determinado,No determinado,FREE_TEXT,copy_verbatim,Alta,false,
CNT-021,tipo_humor_normalizado,No determinado,No determinado,FREE_TEXT,copy_verbatim,Alta,false,
CNT-021,potencial_etiquetado,Bajo,Bajo,FREE_TEXT,copy_verbatim,Alta,false,
CNT-021,confianza_taxonomia,Baja,Baja,FREE_TEXT,copy_verbatim,Alta,false,
CNT-021,fuente_taxonomia,Inventario + reglas taxonómicas,Inventario + reglas taxonómicas,FREE_TEXT,copy_verbatim,Alta,false,
CNT-021,nota_taxonomia,No sustituye canon; revisar si la confianza es Media o Baja.,No sustituye canon; revisar si la confianza es Media o Baja.,FREE_TEXT,copy_verbatim,Alta,false,
CNT-021,es_historico,,,FREE_TEXT,copy_verbatim,Alta,false,
CNT-022,id,CNT-022,CNT-022,FREE_TEXT,copy_verbatim,Alta,false,
CNT-022,titulo,Cosmogonía — contenido narrativo visual,Cosmogonía — contenido narrativo visual,FREE_TEXT,copy_verbatim,Alta,false,
CNT-022,personaje_principal,Variable,Variable,FREE_TEXT,copy_verbatim,Alta,false,
CNT-022,personajes_secundarios,,,FREE_TEXT,copy_verbatim,Alta,false,
CNT-022,tipo_contenido,Reel / Carrusel,,C_REAL,,Baja,true,fuera de enum; requiere decision humana (OVERRIDES)
CNT-022,plataforma,"Instagram, TikTok",Multi,B,multi_combo_to_Multi,Media,false,
CNT-022,objetivo,"Comunicar visualmente las capas de la Cosmogonía (origen de la magia, resonancia)","Comunicar visualmente las capas de la Cosmogonía (origen de la magia, resonancia)",FREE_TEXT,copy_verbatim,Alta,false,
CNT-022,hipotesis,,,FREE_TEXT,copy_verbatim,Alta,false,
CNT-022,estado,Idea,Idea,A,exact_enum_match,Alta,false,
CNT-022,prioridad,Baja,Baja,A,exact_enum_match,Alta,false,
CNT-022,dificultad_produccion,"Alta (capas 2, 4, 5 aún pendientes)",,C_REAL,,Baja,true,fuera de enum; requiere decision humana (OVERRIDES)
CNT-022,reutilizable,Sí,Sí,A,exact_enum_match,Alta,false,
CNT-022,fecha_ultima_publicacion,No publicado,,B,no_publicado_to_none,Alta,false,No publicado → None (Optional date)
CNT-022,fuente,Canon — 04 Cosmogonía,Canon — 04 Cosmogonía,FREE_TEXT,copy_verbatim,Alta,false,
CNT-022,formato,Reel / Carrusel,Reel / Carrusel,FREE_TEXT,copy_verbatim,Alta,false,
CNT-022,categoria,Narrativa / Lore,,C_REAL,,Baja,true,fuera de enum; requiere decision humana (OVERRIDES)
CNT-022,bloqueado_canon,"Parcial — Capas 2, 4, 5 pendientes",,C_REAL,,Baja,true,fuera de enum; requiere decision humana (OVERRIDES)
CNT-022,estado_operacion_normalizado,Idea,Idea,A,exact_enum_match,Alta,false,
CNT-022,estado_canon_normalizado,Canon_Partial,Canon_Partial,A,exact_enum_match,Alta,false,
CNT-022,asset_ref_confirmado,,,FREE_TEXT,copy_verbatim,Alta,false,
CNT-022,asset_ref_candidato,,,FREE_TEXT,copy_verbatim,Alta,false,
CNT-022,reconciliacion_estado,No_Confirmed_Match,No_Confirmed_Match,A,exact_enum_match,Alta,false,
CNT-022,reconciliacion_confianza,None,None,A,exact_enum_match,Alta,false,
CNT-022,reconciliacion_fuente,,,FREE_TEXT,copy_verbatim,Alta,false,
CNT-022,reconciliacion_nota,No se encontró una coincidencia explícita CNT↔260 en el repositorio o en la búsqueda de Drive utilizada para este lote.,No se encontró una coincidencia explícita CNT↔260 en el repositorio o en la búsqueda de Drive utilizada para este lote.,FREE_TEXT,copy_verbatim,Alta,false,
CNT-022,registro_relacionado,,,FREE_TEXT,copy_verbatim,Alta,false,
CNT-022,drive_reference_id,,,FREE_TEXT,copy_verbatim,Alta,false,
CNT-022,meta_publication_id,,,FREE_TEXT,copy_verbatim,Alta,false,
CNT-022,meta_permalink,,,FREE_TEXT,copy_verbatim,Alta,false,
CNT-022,asset_set,,,FREE_TEXT,copy_verbatim,Alta,false,
CNT-022,asset_ref,,,FREE_TEXT,copy_verbatim,Alta,false,
CNT-022,asset_filename,,,FREE_TEXT,copy_verbatim,Alta,false,
CNT-022,drive_id,,,FREE_TEXT,copy_verbatim,Alta,false,
CNT-022,estado_canon,,,FREE_TEXT,copy_verbatim,Alta,false,
CNT-022,estado_produccion,,,FREE_TEXT,copy_verbatim,Alta,false,
CNT-022,estado_publicacion,,,FREE_TEXT,copy_verbatim,Alta,false,
CNT-022,ultima_sincronizacion,,,FREE_TEXT,copy_verbatim,Alta,false,
CNT-022,motivo_revision_normalizado,,,FREE_TEXT,copy_verbatim,Alta,false,
CNT-022,personaje_principal_normalizado,No identificado,No identificado,FREE_TEXT,copy_verbatim,Alta,false,
CNT-022,personajes_secundarios_normalizados,Ninguno,Ninguno,FREE_TEXT,copy_verbatim,Alta,false,
CNT-022,rol_narrativo,No determinado,No determinado,FREE_TEXT,copy_verbatim,Alta,false,
CNT-022,tipo_humor_normalizado,No determinado,No determinado,FREE_TEXT,copy_verbatim,Alta,false,
CNT-022,potencial_etiquetado,Bajo,Bajo,FREE_TEXT,copy_verbatim,Alta,false,
CNT-022,confianza_taxonomia,Baja,Baja,FREE_TEXT,copy_verbatim,Alta,false,
CNT-022,fuente_taxonomia,Inventario + reglas taxonómicas,Inventario + reglas taxonómicas,FREE_TEXT,copy_verbatim,Alta,false,
CNT-022,nota_taxonomia,No sustituye canon; revisar si la confianza es Media o Baja.,No sustituye canon; revisar si la confianza es Media o Baja.,FREE_TEXT,copy_verbatim,Alta,false,
CNT-022,es_historico,,,FREE_TEXT,copy_verbatim,Alta,false,
CNT-023,id,CNT-023,CNT-023,FREE_TEXT,copy_verbatim,Alta,false,
CNT-023,titulo,Sección recurrente '¿Qué me llegó?' (formato afiliación),Sección recurrente '¿Qué me llegó?' (formato afiliación),FREE_TEXT,copy_verbatim,Alta,false,
CNT-023,personaje_principal,Rotativo,Rotativo,FREE_TEXT,copy_verbatim,Alta,false,
CNT-023,personajes_secundarios,@char_USM_universe,@char_USM_universe,FREE_TEXT,copy_verbatim,Alta,false,
CNT-023,tipo_contenido,Reel recurrente,,C_REAL,,Baja,true,fuera de enum; requiere decision humana (OVERRIDES)
CNT-023,plataforma,"Facebook, Instagram, TikTok, YouTube Shorts",Multi,B,multi_combo_to_Multi,Media,false,
CNT-023,objetivo,Formato monetizable con afiliación de Mercado Libre,Formato monetizable con afiliación de Mercado Libre,FREE_TEXT,copy_verbatim,Alta,false,
CNT-023,hipotesis,,,FREE_TEXT,copy_verbatim,Alta,false,
CNT-023,estado,"Publicado (Facebook, 08-Ago-2026)",Publicado,A,exact_enum_match,Alta,false,
CNT-023,prioridad,Alta,Alta,A,exact_enum_match,Alta,false,
CNT-023,dificultad_produccion,Baja (formato repetible),,C_REAL,,Baja,true,fuera de enum; requiere decision humana (OVERRIDES)
CNT-023,reutilizable,Sí (formato),Sí,B,reutilizable_flag_strip,Media,false,detalle preservado: formato
CNT-023,fecha_ultima_publicacion,2026-08-08 19:19:54-06:00,2026-08-08,A,iso_date_parse,Alta,false,
CNT-023,fuente,08_Production/Reels/Reel_002.md,08_Production/Reels/Reel_002.md,FREE_TEXT,copy_verbatim,Alta,false,
CNT-023,formato,"Reel ~14s, 4 shots","Reel ~14s, 4 shots",FREE_TEXT,copy_verbatim,Alta,false,
CNT-023,categoria,Comerciar / Afiliación / Humor,,C_REAL,,Baja,true,fuera de enum; requiere decision humana (OVERRIDES)
CNT-023,bloqueado_canon,No,No,A,exact_enum_match,Alta,false,
CNT-023,estado_operacion_normalizado,Published,,C_REAL,,Baja,true,fuera de enum; requiere decision humana (OVERRIDES)
CNT-023,estado_canon_normalizado,Canon_Clear_or_Unverified,Canon_Clear_or_Unverified,A,exact_enum_match,Alta,false,
CNT-023,asset_ref_confirmado,,,FREE_TEXT,copy_verbatim,Alta,false,
CNT-023,asset_ref_candidato,,,FREE_TEXT,copy_verbatim,Alta,false,
CNT-023,reconciliacion_estado,Resolved_Asset_Set,,C_REAL,,Baja,true,fuera de enum; requiere decision humana (OVERRIDES)
CNT-023,reconciliacion_confianza,High,High,A,exact_enum_match,Alta,false,
CNT-023,reconciliacion_fuente,Meta Graph API Page feed; user-provided URL https://www.facebook.com/reel/1067337609170026/; Drive folder 17YADGnZxhtQP-Jd60x9TZqGBchWmMU9n,Meta Graph API Page feed; user-provided URL https://www.facebook.com/reel/1067337609170026/; Drive folder 17YADGnZxhtQP-Jd60x9TZqGBchWmMU9n,FREE_TEXT,copy_verbatim,Alta,false,
CNT-023,reconciliacion_nota,Publicación confirmada: el post de Meta corresponde al episodio 2 de ¿Qué me llegó? y utiliza Elara/Lámpara de Luna. El episodio tiene 7 assets de producción en Drive; no se asigna 260 individual.,Publicación confirmada: el post de Meta corresponde al episodio 2 de ¿Qué me llegó? y utiliza Elara/Lámpara de Luna. El episodio tiene 7 assets de producción en Drive; no se asigna 260 individual.,FREE_TEXT,copy_verbatim,Alta,false,
CNT-023,registro_relacionado,CNT-002,CNT-002,FREE_TEXT,copy_verbatim,Alta,false,
CNT-023,drive_reference_id,17YADGnZxhtQP-Jd60x9TZqGBchWmMU9n,17YADGnZxhtQP-Jd60x9TZqGBchWmMU9n,FREE_TEXT,copy_verbatim,Alta,false,
CNT-023,meta_publication_id,1036844829507460_122147352825072582,1036844829507460_122147352825072582,FREE_TEXT,copy_verbatim,Alta,false,
CNT-023,meta_permalink,https://www.facebook.com/reel/1067337609170026/,https://www.facebook.com/reel/1067337609170026/,FREE_TEXT,copy_verbatim,Alta,false,
CNT-023,asset_set,Cat_delivers_package_to_witch_202608081911.mp4; Cat_delivers_package_to_woman_202608081951.jpeg; Cat_walking_with_package_1080p_202608081939.mp4; Char_Elara_opening_package_202608081909.mp4; Generar_video_de_secuencia_imagenes_202608081917.mp4; Generar_video_de_secuencia_imagenes_202608081922.mp4; Generar_video_de_secuencia_imagenes_202608081928.mp4,Cat_delivers_package_to_witch_202608081911.mp4; Cat_delivers_package_to_woman_202608081951.jpeg; Cat_walking_with_package_1080p_202608081939.mp4; Char_Elara_opening_package_202608081909.mp4; Generar_video_de_secuencia_imagenes_202608081917.mp4; Generar_video_de_secuencia_imagenes_202608081922.mp4; Generar_video_de_secuencia_imagenes_202608081928.mp4,FREE_TEXT,copy_verbatim,Alta,false,
CNT-023,asset_ref,,,FREE_TEXT,copy_verbatim,Alta,false,
CNT-023,asset_filename,,,FREE_TEXT,copy_verbatim,Alta,false,
CNT-023,drive_id,,,FREE_TEXT,copy_verbatim,Alta,false,
CNT-023,estado_canon,,,FREE_TEXT,copy_verbatim,Alta,false,
CNT-023,estado_produccion,,,FREE_TEXT,copy_verbatim,Alta,false,
CNT-023,estado_publicacion,,,FREE_TEXT,copy_verbatim,Alta,false,
CNT-023,ultima_sincronizacion,,,FREE_TEXT,copy_verbatim,Alta,false,
CNT-023,motivo_revision_normalizado,,,FREE_TEXT,copy_verbatim,Alta,false,
CNT-023,personaje_principal_normalizado,Universe,Universe,FREE_TEXT,copy_verbatim,Alta,false,
CNT-023,personajes_secundarios_normalizados,Ninguno,Ninguno,FREE_TEXT,copy_verbatim,Alta,false,
CNT-023,rol_narrativo,Protagonista,Protagonista,FREE_TEXT,copy_verbatim,Alta,false,
CNT-023,tipo_humor_normalizado,Fandom o referencia,Fandom o referencia,FREE_TEXT,copy_verbatim,Alta,false,
CNT-023,potencial_etiquetado,Medio,Medio,FREE_TEXT,copy_verbatim,Alta,false,
CNT-023,confianza_taxonomia,Alta,Alta,FREE_TEXT,copy_verbatim,Alta,false,
CNT-023,fuente_taxonomia,Inventario + reglas taxonómicas,Inventario + reglas taxonómicas,FREE_TEXT,copy_verbatim,Alta,false,
CNT-023,nota_taxonomia,No sustituye canon; revisar si la confianza es Media o Baja.,No sustituye canon; revisar si la confianza es Media o Baja.,FREE_TEXT,copy_verbatim,Alta,false,
CNT-023,es_historico,,,FREE_TEXT,copy_verbatim,Alta,false,
CNT-024,id,CNT-024,CNT-024,FREE_TEXT,copy_verbatim,Alta,false,
CNT-024,titulo,Frase del día — personaje + principio filosófico,Frase del día — personaje + principio filosófico,FREE_TEXT,copy_verbatim,Alta,false,
CNT-024,personaje_principal,Rotativo,Rotativo,FREE_TEXT,copy_verbatim,Alta,false,
CNT-024,personajes_secundarios,,,FREE_TEXT,copy_verbatim,Alta,false,
CNT-024,tipo_contenido,Foto / Historia,,C_REAL,,Baja,true,fuera de enum; requiere decision humana (OVERRIDES)
CNT-024,plataforma,"Instagram, Facebook, Twitter/X",,C_REAL,,Baja,true,fuera de enum; requiere decision humana (OVERRIDES)
CNT-024,objetivo,Contenido de baja producción y alta frecuencia — mantener presencia diaria,Contenido de baja producción y alta frecuencia — mantener presencia diaria,FREE_TEXT,copy_verbatim,Alta,false,
CNT-024,hipotesis,,,FREE_TEXT,copy_verbatim,Alta,false,
CNT-024,estado,Idea,Idea,A,exact_enum_match,Alta,false,
CNT-024,prioridad,Alta,Alta,A,exact_enum_match,Alta,false,
CNT-024,dificultad_produccion,Muy baja,Muy_Baja,A,exact_enum_match,Alta,false,
CNT-024,reutilizable,Sí,Sí,A,exact_enum_match,Alta,false,
CNT-024,fecha_ultima_publicacion,No publicado,,B,no_publicado_to_none,Alta,false,No publicado → None (Optional date)
CNT-024,fuente,Analytics (Fotos dominan con 1.36M vistas),Analytics (Fotos dominan con 1.36M vistas),FREE_TEXT,copy_verbatim,Alta,false,
CNT-024,formato,Foto + texto,Foto + texto,FREE_TEXT,copy_verbatim,Alta,false,
CNT-024,categoria,Filosofía / Frase,,C_REAL,,Baja,true,fuera de enum; requiere decision humana (OVERRIDES)
CNT-024,bloqueado_canon,No,No,A,exact_enum_match,Alta,false,
CNT-024,estado_operacion_normalizado,Idea,Idea,A,exact_enum_match,Alta,false,
CNT-024,estado_canon_normalizado,Canon_Clear_or_Unverified,Canon_Clear_or_Unverified,A,exact_enum_match,Alta,false,
CNT-024,asset_ref_confirmado,,,FREE_TEXT,copy_verbatim,Alta,false,
CNT-024,asset_ref_candidato,,,FREE_TEXT,copy_verbatim,Alta,false,
CNT-024,reconciliacion_estado,No_Confirmed_Match,No_Confirmed_Match,A,exact_enum_match,Alta,false,
CNT-024,reconciliacion_confianza,None,None,A,exact_enum_match,Alta,false,
CNT-024,reconciliacion_fuente,,,FREE_TEXT,copy_verbatim,Alta,false,
CNT-024,reconciliacion_nota,No se encontró una coincidencia explícita CNT↔260 en el repositorio o en la búsqueda de Drive utilizada para este lote.,No se encontró una coincidencia explícita CNT↔260 en el repositorio o en la búsqueda de Drive utilizada para este lote.,FREE_TEXT,copy_verbatim,Alta,false,
CNT-024,registro_relacionado,,,FREE_TEXT,copy_verbatim,Alta,false,
CNT-024,drive_reference_id,,,FREE_TEXT,copy_verbatim,Alta,false,
CNT-024,meta_publication_id,,,FREE_TEXT,copy_verbatim,Alta,false,
CNT-024,meta_permalink,,,FREE_TEXT,copy_verbatim,Alta,false,
CNT-024,asset_set,,,FREE_TEXT,copy_verbatim,Alta,false,
CNT-024,asset_ref,,,FREE_TEXT,copy_verbatim,Alta,false,
CNT-024,asset_filename,,,FREE_TEXT,copy_verbatim,Alta,false,
CNT-024,drive_id,,,FREE_TEXT,copy_verbatim,Alta,false,
CNT-024,estado_canon,,,FREE_TEXT,copy_verbatim,Alta,false,
CNT-024,estado_produccion,,,FREE_TEXT,copy_verbatim,Alta,false,
CNT-024,estado_publicacion,,,FREE_TEXT,copy_verbatim,Alta,false,
CNT-024,ultima_sincronizacion,,,FREE_TEXT,copy_verbatim,Alta,false,
CNT-024,motivo_revision_normalizado,,,FREE_TEXT,copy_verbatim,Alta,false,
CNT-024,personaje_principal_normalizado,No identificado,No identificado,FREE_TEXT,copy_verbatim,Alta,false,
CNT-024,personajes_secundarios_normalizados,Ninguno,Ninguno,FREE_TEXT,copy_verbatim,Alta,false,
CNT-024,rol_narrativo,Narrador u observador,Narrador u observador,FREE_TEXT,copy_verbatim,Alta,false,
CNT-024,tipo_humor_normalizado,Existencial o absurdo,Existencial o absurdo,FREE_TEXT,copy_verbatim,Alta,false,
CNT-024,potencial_etiquetado,Bajo,Bajo,FREE_TEXT,copy_verbatim,Alta,false,
CNT-024,confianza_taxonomia,Media,Media,FREE_TEXT,copy_verbatim,Alta,false,
CNT-024,fuente_taxonomia,Inventario + reglas taxonómicas,Inventario + reglas taxonómicas,FREE_TEXT,copy_verbatim,Alta,false,
CNT-024,nota_taxonomia,No sustituye canon; revisar si la confianza es Media o Baja.,No sustituye canon; revisar si la confianza es Media o Baja.,FREE_TEXT,copy_verbatim,Alta,false,
CNT-024,es_historico,,,FREE_TEXT,copy_verbatim,Alta,false,
CNT-025,id,CNT-025,CNT-025,FREE_TEXT,copy_verbatim,Alta,false,
CNT-025,titulo,"Experimentos Growth OS — tests A/B de tono, formato, personaje","Experimentos Growth OS — tests A/B de tono, formato, personaje",FREE_TEXT,copy_verbatim,Alta,false,
CNT-025,personaje_principal,Variable,Variable,FREE_TEXT,copy_verbatim,Alta,false,
CNT-025,personajes_secundarios,,,FREE_TEXT,copy_verbatim,Alta,false,
CNT-025,tipo_contenido,Reel (parejas de variantes),,C_REAL,,Baja,true,fuera de enum; requiere decision humana (OVERRIDES)
CNT-025,plataforma,"Instagram, YouTube Shorts",Multi,B,multi_combo_to_Multi,Media,false,
CNT-025,objetivo,Validar hipótesis del Growth OS con datos reales,Validar hipótesis del Growth OS con datos reales,FREE_TEXT,copy_verbatim,Alta,false,
CNT-025,hipotesis,Variable por experimento,Variable por experimento,FREE_TEXT,copy_verbatim,Alta,false,
CNT-025,estado,Pendiente de aprobación,Pendiente Aprobación Fernando,B,draft_to_pendiente_fernando,Media,false,
CNT-025,prioridad,Media,Media,A,exact_enum_match,Alta,false,
CNT-025,dificultad_produccion,Media-Alta,,C_REAL,,Baja,true,fuera de enum; requiere decision humana (OVERRIDES)
CNT-025,reutilizable,Sí (metodología),Sí,B,reutilizable_flag_strip,Media,false,detalle preservado: metodología
CNT-025,fecha_ultima_publicacion,No publicado,,B,no_publicado_to_none,Alta,false,No publicado → None (Optional date)
CNT-025,fuente,GrowthOS/Integracion_Growth_OS.md,GrowthOS/Integracion_Growth_OS.md,FREE_TEXT,copy_verbatim,Alta,false,
CNT-025,formato,Reel (2 variantes),Reel (2 variantes),FREE_TEXT,copy_verbatim,Alta,false,
CNT-025,categoria,Experimento / Datos,,C_REAL,,Baja,true,fuera de enum; requiere decision humana (OVERRIDES)
CNT-025,bloqueado_canon,Sí — requiere aprobación Fernando,Sí,B,bloqueado_flag_strip,Media,false,detalle preservado: requiere aprobación Fernando
CNT-025,estado_operacion_normalizado,Pending_Approval,,C_REAL,,Baja,true,fuera de enum; requiere decision humana (OVERRIDES)
CNT-025,estado_canon_normalizado,Canon_Clear_or_Unverified,Canon_Clear_or_Unverified,A,exact_enum_match,Alta,false,
CNT-025,asset_ref_confirmado,,,FREE_TEXT,copy_verbatim,Alta,false,
CNT-025,asset_ref_candidato,,,FREE_TEXT,copy_verbatim,Alta,false,
CNT-025,reconciliacion_estado,No_Confirmed_Match,No_Confirmed_Match,A,exact_enum_match,Alta,false,
CNT-025,reconciliacion_confianza,None,None,A,exact_enum_match,Alta,false,
CNT-025,reconciliacion_fuente,,,FREE_TEXT,copy_verbatim,Alta,false,
CNT-025,reconciliacion_nota,No se encontró una coincidencia explícita CNT↔260 en el repositorio o en la búsqueda de Drive utilizada para este lote.,No se encontró una coincidencia explícita CNT↔260 en el repositorio o en la búsqueda de Drive utilizada para este lote.,FREE_TEXT,copy_verbatim,Alta,false,
CNT-025,registro_relacionado,,,FREE_TEXT,copy_verbatim,Alta,false,
CNT-025,drive_reference_id,,,FREE_TEXT,copy_verbatim,Alta,false,
CNT-025,meta_publication_id,,,FREE_TEXT,copy_verbatim,Alta,false,
CNT-025,meta_permalink,,,FREE_TEXT,copy_verbatim,Alta,false,
CNT-025,asset_set,,,FREE_TEXT,copy_verbatim,Alta,false,
CNT-025,asset_ref,,,FREE_TEXT,copy_verbatim,Alta,false,
CNT-025,asset_filename,,,FREE_TEXT,copy_verbatim,Alta,false,
CNT-025,drive_id,,,FREE_TEXT,copy_verbatim,Alta,false,
CNT-025,estado_canon,,,FREE_TEXT,copy_verbatim,Alta,false,
CNT-025,estado_produccion,,,FREE_TEXT,copy_verbatim,Alta,false,
CNT-025,estado_publicacion,,,FREE_TEXT,copy_verbatim,Alta,false,
CNT-025,ultima_sincronizacion,,,FREE_TEXT,copy_verbatim,Alta,false,
CNT-025,motivo_revision_normalizado,,,FREE_TEXT,copy_verbatim,Alta,false,
CNT-025,personaje_principal_normalizado,No identificado,No identificado,FREE_TEXT,copy_verbatim,Alta,false,
CNT-025,personajes_secundarios_normalizados,Ninguno,Ninguno,FREE_TEXT,copy_verbatim,Alta,false,
CNT-025,rol_narrativo,No determinado,No determinado,FREE_TEXT,copy_verbatim,Alta,false,
CNT-025,tipo_humor_normalizado,No determinado,No determinado,FREE_TEXT,copy_verbatim,Alta,false,
CNT-025,potencial_etiquetado,Alto,Alto,FREE_TEXT,copy_verbatim,Alta,false,
CNT-025,confianza_taxonomia,Baja,Baja,FREE_TEXT,copy_verbatim,Alta,false,
CNT-025,fuente_taxonomia,Inventario + reglas taxonómicas,Inventario + reglas taxonómicas,FREE_TEXT,copy_verbatim,Alta,false,
CNT-025,nota_taxonomia,No sustituye canon; revisar si la confianza es Media o Baja.,No sustituye canon; revisar si la confianza es Media o Baja.,FREE_TEXT,copy_verbatim,Alta,false,
CNT-025,es_historico,,,FREE_TEXT,copy_verbatim,Alta,false,
CNT-026,id,CNT-026,CNT-026,FREE_TEXT,copy_verbatim,Alta,false,
CNT-026,titulo,Banco de memes fin de semana 16-17 de agosto (5 piezas),Banco de memes fin de semana 16-17 de agosto (5 piezas),FREE_TEXT,copy_verbatim,Alta,false,
CNT-026,personaje_principal,Multichar,Multichar,FREE_TEXT,copy_verbatim,Alta,false,
CNT-026,personajes_secundarios,@char_USM_fantasma @char_USM_wilfred @char_USM_universe @char_USM_maeve,@char_USM_fantasma @char_USM_wilfred @char_USM_universe @char_USM_maeve,FREE_TEXT,copy_verbatim,Alta,false,
CNT-026,tipo_contenido,Foto (meme / frase en copy),,C_REAL,,Baja,true,fuera de enum; requiere decision humana (OVERRIDES)
CNT-026,plataforma,"Facebook, Instagram",Multi,B,multi_combo_to_Multi,Media,false,
CNT-026,objetivo,Memes de fin de semana con score >= 8.5 - explotar hipotesis H11/H13/H14 del ciclo diario,Memes de fin de semana con score >= 8.5 - explotar hipotesis H11/H13/H14 del ciclo diario,FREE_TEXT,copy_verbatim,Alta,false,
CNT-026,hipotesis,"H11 (minimalismo = shares), H13 (acido = shares), H14 (pareja = shares etiquetables)","H11 (minimalismo = shares), H13 (acido = shares), H14 (pareja = shares etiquetables)",FREE_TEXT,copy_verbatim,Alta,false,
CNT-026,estado,Draft - propuestas listas pendientes de aprobacion,Pendiente Aprobación Fernando,B,draft_to_pendiente_fernando,Media,false,
CNT-026,prioridad,Alta,Alta,A,exact_enum_match,Alta,false,
CNT-026,dificultad_produccion,Baja (bases 2K existentes del proyecto),,C_REAL,,Baja,true,fuera de enum; requiere decision humana (OVERRIDES)
CNT-026,reutilizable,Si (formato por personaje),Si,B,reutilizable_flag_strip,Media,false,detalle preservado: formato por personaje
CNT-026,fecha_ultima_publicacion,No publicado,,B,no_publicado_to_none,Alta,false,No publicado → None (Optional date)
CNT-026,fuente,Operations/Production/CNT026_Memes_FinDeSemana_16_17_Ago.md,Operations/Production/CNT026_Memes_FinDeSemana_16_17_Ago.md,FREE_TEXT,copy_verbatim,Alta,false,
CNT-026,formato,Foto 2K + copy,Foto 2K + copy,FREE_TEXT,copy_verbatim,Alta,false,
CNT-026,categoria,Filosofia / Humor,,C_REAL,,Baja,true,fuera de enum; requiere decision humana (OVERRIDES)
CNT-026,bloqueado_canon,No,No,A,exact_enum_match,Alta,false,
CNT-026,estado_operacion_normalizado,Draft_Pending_Approval,,C_REAL,,Baja,true,fuera de enum; requiere decision humana (OVERRIDES)
CNT-026,estado_canon_normalizado,Canon_Clear_or_Unverified,Canon_Clear_or_Unverified,A,exact_enum_match,Alta,false,
CNT-026,asset_ref_confirmado,,,FREE_TEXT,copy_verbatim,Alta,false,
CNT-026,asset_ref_candidato,,,FREE_TEXT,copy_verbatim,Alta,false,
CNT-026,reconciliacion_estado,No_Confirmed_Match,No_Confirmed_Match,A,exact_enum_match,Alta,false,
CNT-026,reconciliacion_confianza,None,None,A,exact_enum_match,Alta,false,
CNT-026,reconciliacion_fuente,,,FREE_TEXT,copy_verbatim,Alta,false,
CNT-026,reconciliacion_nota,No se encontró una coincidencia explícita CNT↔260 en el repositorio o en la búsqueda de Drive utilizada para este lote.,No se encontró una coincidencia explícita CNT↔260 en el repositorio o en la búsqueda de Drive utilizada para este lote.,FREE_TEXT,copy_verbatim,Alta,false,
CNT-026,registro_relacionado,,,FREE_TEXT,copy_verbatim,Alta,false,
CNT-026,drive_reference_id,,,FREE_TEXT,copy_verbatim,Alta,false,
CNT-026,meta_publication_id,,,FREE_TEXT,copy_verbatim,Alta,false,
CNT-026,meta_permalink,,,FREE_TEXT,copy_verbatim,Alta,false,
CNT-026,asset_set,,,FREE_TEXT,copy_verbatim,Alta,false,
CNT-026,asset_ref,,,FREE_TEXT,copy_verbatim,Alta,false,
CNT-026,asset_filename,,,FREE_TEXT,copy_verbatim,Alta,false,
CNT-026,drive_id,,,FREE_TEXT,copy_verbatim,Alta,false,
CNT-026,estado_canon,,,FREE_TEXT,copy_verbatim,Alta,false,
CNT-026,estado_produccion,,,FREE_TEXT,copy_verbatim,Alta,false,
CNT-026,estado_publicacion,,,FREE_TEXT,copy_verbatim,Alta,false,
CNT-026,ultima_sincronizacion,,,FREE_TEXT,copy_verbatim,Alta,false,
CNT-026,motivo_revision_normalizado,,,FREE_TEXT,copy_verbatim,Alta,false,
CNT-026,personaje_principal_normalizado,Universe,Universe,FREE_TEXT,copy_verbatim,Alta,false,
CNT-026,personajes_secundarios_normalizados,Wilfred;Fantasma;Maeve,Wilfred;Fantasma;Maeve,FREE_TEXT,copy_verbatim,Alta,false,
CNT-026,rol_narrativo,Reparto coral,Reparto coral,FREE_TEXT,copy_verbatim,Alta,false,
CNT-026,tipo_humor_normalizado,Existencial o absurdo;Humor ácido o negro,Existencial o absurdo;Humor ácido o negro,FREE_TEXT,copy_verbatim,Alta,false,
CNT-026,potencial_etiquetado,Alto,Alto,FREE_TEXT,copy_verbatim,Alta,false,
CNT-026,confianza_taxonomia,Alta,Alta,FREE_TEXT,copy_verbatim,Alta,false,
CNT-026,fuente_taxonomia,Inventario + reglas taxonómicas,Inventario + reglas taxonómicas,FREE_TEXT,copy_verbatim,Alta,false,
CNT-026,nota_taxonomia,No sustituye canon; revisar si la confianza es Media o Baja.,No sustituye canon; revisar si la confianza es Media o Baja.,FREE_TEXT,copy_verbatim,Alta,false,
CNT-026,es_historico,,,FREE_TEXT,copy_verbatim,Alta,false,
CNT-027,id,CNT-027,CNT-027,FREE_TEXT,copy_verbatim,Alta,false,
CNT-027,titulo,Meme Fantasma - Ghosting eterno (propuesta desde Drive Ideas-Memes),Meme Fantasma - Ghosting eterno (propuesta desde Drive Ideas-Memes),FREE_TEXT,copy_verbatim,Alta,false,
CNT-027,personaje_principal,@char_USM_fantasma,@char_USM_fantasma,FREE_TEXT,copy_verbatim,Alta,false,
CNT-027,personajes_secundarios,,,FREE_TEXT,copy_verbatim,Alta,false,
CNT-027,tipo_contenido,Foto (meme / frase en copy),,C_REAL,,Baja,true,fuera de enum; requiere decision humana (OVERRIDES)
CNT-027,plataforma,"Facebook, Instagram",Multi,B,multi_combo_to_Multi,Media,false,
CNT-027,objetivo,Meme de espera eterna resignada + punchline seco con giro moderno (ghosting/mensajes) - explotar patrones identificados en carpeta Drive Ideas-Memes,Meme de espera eterna resignada + punchline seco con giro moderno (ghosting/mensajes) - explotar patrones identificados en carpeta Drive Ideas-Memes,FREE_TEXT,copy_verbatim,Alta,false,
CNT-027,hipotesis,Patrón Fantasma frase (173.9K) + giro moderno validado por Universe astral (3.31% ER) + humor relatable = shares >= 0.5% alcance,Patrón Fantasma frase (173.9K) + giro moderno validado por Universe astral (3.31% ER) + humor relatable = shares >= 0.5% alcance,FREE_TEXT,copy_verbatim,Alta,false,
CNT-027,estado,Draft - propuesta con score 9.10/10 PASS (scripts/score_proposal.py) - pendiente aprobación de Fernando,,C_REAL,,Baja,true,fuera de enum; requiere decision humana (OVERRIDES)
CNT-027,prioridad,Media,Media,A,exact_enum_match,Alta,false,
CNT-027,dificultad_produccion,Baja - base visual es asset 2K existente del proyecto (8 - Fantasma_levitating_above_woods_2K),,C_REAL,,Baja,true,fuera de enum; requiere decision humana (OVERRIDES)
CNT-027,reutilizable,Sí (regla 30 días si se contempla meme-to-reel),Sí,B,reutilizable_flag_strip,Media,false,detalle preservado: regla 30 días si se contempla meme-to-reel
CNT-027,fecha_ultima_publicacion,,,NONE_EMPTY,optional_empty_to_none,Alta,false,
CNT-027,fuente,Drive: Universe Sent Me > Ideas > Memes (1Aav6tyHJPwpUPHox7Dh3upttKhkuC0Kj),Drive: Universe Sent Me > Ideas > Memes (1Aav6tyHJPwpUPHox7Dh3upttKhkuC0Kj),FREE_TEXT,copy_verbatim,Alta,false,
CNT-027,formato,Foto 2K + frase en copy,Foto 2K + frase en copy,FREE_TEXT,copy_verbatim,Alta,false,
CNT-027,categoria,MemesUSM,,C_REAL,,Baja,true,fuera de enum; requiere decision humana (OVERRIDES)
CNT-027,bloqueado_canon,No - capta libre; arco del Fantasma no se resuelve,No,B,bloqueado_flag_strip,Media,false,detalle preservado: capta libre; arco del Fantasma no se resuelve
CNT-027,estado_operacion_normalizado,Draft_Pending_Approval,,C_REAL,,Baja,true,fuera de enum; requiere decision humana (OVERRIDES)
CNT-027,estado_canon_normalizado,Canon_Constrained,Canon_Constrained,A,exact_enum_match,Alta,false,
CNT-027,asset_ref_confirmado,,,FREE_TEXT,copy_verbatim,Alta,false,
CNT-027,asset_ref_candidato,,,FREE_TEXT,copy_verbatim,Alta,false,
CNT-027,reconciliacion_estado,No_Confirmed_Match,No_Confirmed_Match,A,exact_enum_match,Alta,false,
CNT-027,reconciliacion_confianza,None,None,A,exact_enum_match,Alta,false,
CNT-027,reconciliacion_fuente,,,FREE_TEXT,copy_verbatim,Alta,false,
CNT-027,reconciliacion_nota,No se encontró una coincidencia explícita CNT↔260 en el repositorio o en la búsqueda de Drive utilizada para este lote.,No se encontró una coincidencia explícita CNT↔260 en el repositorio o en la búsqueda de Drive utilizada para este lote.,FREE_TEXT,copy_verbatim,Alta,false,
CNT-027,registro_relacionado,,,FREE_TEXT,copy_verbatim,Alta,false,
CNT-027,drive_reference_id,,,FREE_TEXT,copy_verbatim,Alta,false,
CNT-027,meta_publication_id,,,FREE_TEXT,copy_verbatim,Alta,false,
CNT-027,meta_permalink,,,FREE_TEXT,copy_verbatim,Alta,false,
CNT-027,asset_set,,,FREE_TEXT,copy_verbatim,Alta,false,
CNT-027,asset_ref,,,FREE_TEXT,copy_verbatim,Alta,false,
CNT-027,asset_filename,,,FREE_TEXT,copy_verbatim,Alta,false,
CNT-027,drive_id,,,FREE_TEXT,copy_verbatim,Alta,false,
CNT-027,estado_canon,,,FREE_TEXT,copy_verbatim,Alta,false,
CNT-027,estado_produccion,,,FREE_TEXT,copy_verbatim,Alta,false,
CNT-027,estado_publicacion,,,FREE_TEXT,copy_verbatim,Alta,false,
CNT-027,ultima_sincronizacion,,,FREE_TEXT,copy_verbatim,Alta,false,
CNT-027,motivo_revision_normalizado,,,FREE_TEXT,copy_verbatim,Alta,false,
CNT-027,personaje_principal_normalizado,Fantasma,Fantasma,FREE_TEXT,copy_verbatim,Alta,false,
CNT-027,personajes_secundarios_normalizados,Ninguno,Ninguno,FREE_TEXT,copy_verbatim,Alta,false,
CNT-027,rol_narrativo,Protagonista,Protagonista,FREE_TEXT,copy_verbatim,Alta,false,
CNT-027,tipo_humor_normalizado,Relatable cotidiano,Relatable cotidiano,FREE_TEXT,copy_verbatim,Alta,false,
CNT-027,potencial_etiquetado,Medio,Medio,FREE_TEXT,copy_verbatim,Alta,false,
CNT-027,confianza_taxonomia,Alta,Alta,FREE_TEXT,copy_verbatim,Alta,false,
CNT-027,fuente_taxonomia,Inventario + reglas taxonómicas,Inventario + reglas taxonómicas,FREE_TEXT,copy_verbatim,Alta,false,
CNT-027,nota_taxonomia,No sustituye canon; revisar si la confianza es Media o Baja.,No sustituye canon; revisar si la confianza es Media o Baja.,FREE_TEXT,copy_verbatim,Alta,false,
CNT-027,es_historico,,,FREE_TEXT,copy_verbatim,Alta,false,
CNT-028,id,CNT-028,CNT-028,FREE_TEXT,copy_verbatim,Alta,false,
CNT-028,titulo,Banco de 5 memes adaptados de Drive - frase intacta + marca UniverseSentMe,Banco de 5 memes adaptados de Drive - frase intacta + marca UniverseSentMe,FREE_TEXT,copy_verbatim,Alta,false,
CNT-028,personaje_principal,Multichar,Multichar,FREE_TEXT,copy_verbatim,Alta,false,
CNT-028,personajes_secundarios,@char_USM_fantasma @char_USM_wilfred @char_USM_universe @char_USM_silvio @char_USM_maeve @char_USM_kael,@char_USM_fantasma @char_USM_wilfred @char_USM_universe @char_USM_silvio @char_USM_maeve @char_USM_kael,FREE_TEXT,copy_verbatim,Alta,false,
CNT-028,tipo_contenido,Foto adaptada (frase original en imagen + marca en imagen),,C_REAL,,Baja,true,fuera de enum; requiere decision humana (OVERRIDES)
CNT-028,plataforma,"Facebook, Instagram",Multi,B,multi_combo_to_Multi,Media,false,
CNT-028,objetivo,Adaptar memes virales en español de Drive Ideas-Memes a personajes y escenarios USM conservando frase palabra por palabra; activar el modo Adaptado del sistema de memes,Adaptar memes virales en español de Drive Ideas-Memes a personajes y escenarios USM conservando frase palabra por palabra; activar el modo Adaptado del sistema de memes,FREE_TEXT,copy_verbatim,Alta,false,
CNT-028,hipotesis,La formula completa del meme viral (texto + composicion) recreada con personajes USM mantiene el punch original + añade branding; modo Adaptado formalizado en 03_00,La formula completa del meme viral (texto + composicion) recreada con personajes USM mantiene el punch original + añade branding; modo Adaptado formalizado en 03_00,FREE_TEXT,copy_verbatim,Alta,false,
CNT-028,estado,Draft v2 - 5 imagenes regeneradas con rasgos canonicos (assets oficiales) - pendiente aprobacion de Fernando; M2 (Kael+Maeve) pendiente de validacion visual,,C_REAL,,Baja,true,fuera de enum; requiere decision humana (OVERRIDES)
CNT-028,prioridad,Alta,Alta,A,exact_enum_match,Alta,false,
CNT-028,dificultad_produccion,Baja - imagenes ya generadas,,C_REAL,,Baja,true,fuera de enum; requiere decision humana (OVERRIDES)
CNT-028,reutilizable,Si (regla 30 dias para meme-to-reel),Si,B,reutilizable_flag_strip,Media,false,detalle preservado: regla 30 dias para meme-to-reel
CNT-028,fecha_ultima_publicacion,,,NONE_EMPTY,optional_empty_to_none,Alta,false,
CNT-028,fuente,Drive: Universe Sent Me > Ideas > Memes (1Aav6tyHJPwpUPHox7Dh3upttKhkuC0Kj),Drive: Universe Sent Me > Ideas > Memes (1Aav6tyHJPwpUPHox7Dh3upttKhkuC0Kj),FREE_TEXT,copy_verbatim,Alta,false,
CNT-028,formato,"3:4 vertical, texto incrustado + marca discreta","3:4 vertical, texto incrustado + marca discreta",FREE_TEXT,copy_verbatim,Alta,false,
CNT-028,categoria,MemesUSM,,C_REAL,,Baja,true,fuera de enum; requiere decision humana (OVERRIDES)
CNT-028,bloqueado_canon,No - capa 1 libre; M2 usa pareja Kael+Maeve ya canon,No,B,bloqueado_flag_strip,Media,false,detalle preservado: capa 1 libre; M2 usa pareja Kael+Maeve ya canon
CNT-028,estado_operacion_normalizado,Draft_Pending_Approval,,C_REAL,,Baja,true,fuera de enum; requiere decision humana (OVERRIDES)
CNT-028,estado_canon_normalizado,Canon_Constrained,Canon_Constrained,A,exact_enum_match,Alta,false,
CNT-028,asset_ref_confirmado,,,FREE_TEXT,copy_verbatim,Alta,false,
CNT-028,asset_ref_candidato,,,FREE_TEXT,copy_verbatim,Alta,false,
CNT-028,reconciliacion_estado,No_Confirmed_Match,No_Confirmed_Match,A,exact_enum_match,Alta,false,
CNT-028,reconciliacion_confianza,None,None,A,exact_enum_match,Alta,false,
CNT-028,reconciliacion_fuente,,,FREE_TEXT,copy_verbatim,Alta,false,
CNT-028,reconciliacion_nota,No se encontró una coincidencia explícita CNT↔260 en el repositorio o en la búsqueda de Drive utilizada para este lote.,No se encontró una coincidencia explícita CNT↔260 en el repositorio o en la búsqueda de Drive utilizada para este lote.,FREE_TEXT,copy_verbatim,Alta,false,
CNT-028,registro_relacionado,,,FREE_TEXT,copy_verbatim,Alta,false,
CNT-028,drive_reference_id,,,FREE_TEXT,copy_verbatim,Alta,false,
CNT-028,meta_publication_id,,,FREE_TEXT,copy_verbatim,Alta,false,
CNT-028,meta_permalink,,,FREE_TEXT,copy_verbatim,Alta,false,
CNT-028,asset_set,,,FREE_TEXT,copy_verbatim,Alta,false,
CNT-028,asset_ref,,,FREE_TEXT,copy_verbatim,Alta,false,
CNT-028,asset_filename,,,FREE_TEXT,copy_verbatim,Alta,false,
CNT-028,drive_id,,,FREE_TEXT,copy_verbatim,Alta,false,
CNT-028,estado_canon,,,FREE_TEXT,copy_verbatim,Alta,false,
CNT-028,estado_produccion,,,FREE_TEXT,copy_verbatim,Alta,false,
CNT-028,estado_publicacion,,,FREE_TEXT,copy_verbatim,Alta,false,
CNT-028,ultima_sincronizacion,,,FREE_TEXT,copy_verbatim,Alta,false,
CNT-028,motivo_revision_normalizado,,,FREE_TEXT,copy_verbatim,Alta,false,
CNT-028,personaje_principal_normalizado,Universe,Universe,FREE_TEXT,copy_verbatim,Alta,false,
CNT-028,personajes_secundarios_normalizados,Wilfred;Fantasma;Silvio;Kael;Maeve,Wilfred;Fantasma;Silvio;Kael;Maeve,FREE_TEXT,copy_verbatim,Alta,false,
CNT-028,rol_narrativo,Reparto coral,Reparto coral,FREE_TEXT,copy_verbatim,Alta,false,
CNT-028,tipo_humor_normalizado,No determinado,No determinado,FREE_TEXT,copy_verbatim,Alta,false,
CNT-028,potencial_etiquetado,Medio,Medio,FREE_TEXT,copy_verbatim,Alta,false,
CNT-028,confianza_taxonomia,Alta,Alta,FREE_TEXT,copy_verbatim,Alta,false,
CNT-028,fuente_taxonomia,Inventario + reglas taxonómicas,Inventario + reglas taxonómicas,FREE_TEXT,copy_verbatim,Alta,false,
CNT-028,nota_taxonomia,No sustituye canon; revisar si la confianza es Media o Baja.,No sustituye canon; revisar si la confianza es Media o Baja.,FREE_TEXT,copy_verbatim,Alta,false,
CNT-028,es_historico,,,FREE_TEXT,copy_verbatim,Alta,false,
CNT-029,id,CNT-029,CNT-029,FREE_TEXT,copy_verbatim,Alta,false,
CNT-029,titulo,Reel Pausa para ver qué piensa de ti,Reel Pausa para ver qué piensa de ti,FREE_TEXT,copy_verbatim,Alta,false,
CNT-029,personaje_principal,@char_USM_universe,@char_USM_universe,FREE_TEXT,copy_verbatim,Alta,false,
CNT-029,personajes_secundarios,Figura femenina genérica — Capa 1,Figura femenina genérica — Capa 1,FREE_TEXT,copy_verbatim,Alta,false,
CNT-029,tipo_contenido,Reel / Banco de cuadros,,C_REAL,,Baja,true,fuera de enum; requiere decision humana (OVERRIDES)
CNT-029,plataforma,"Instagram, TikTok, YouTube Shorts",Multi,B,multi_combo_to_Multi,Media,false,
CNT-029,objetivo,"Usar scroll ultrarrápido con gancho de pausa para aumentar retención, replays y comentarios.","Usar scroll ultrarrápido con gancho de pausa para aumentar retención, replays y comentarios.",FREE_TEXT,copy_verbatim,Alta,false,
CNT-029,hipotesis,Formato ultrarrápido + gancho de pausa mejora watch-time y re-watch frente a un reel estándar.,Formato ultrarrápido + gancho de pausa mejora watch-time y re-watch frente a un reel estándar.,FREE_TEXT,copy_verbatim,Alta,false,
CNT-029,estado,Draft (pendiente de aprobación de Fernando),Pendiente Aprobación Fernando,B,draft_to_pendiente_fernando,Media,false,
CNT-029,prioridad,Media,Media,A,exact_enum_match,Alta,false,
CNT-029,dificultad_produccion,Media,Media,A,exact_enum_match,Alta,false,
CNT-029,reutilizable,Sí (banco de cuadros),Sí,B,reutilizable_flag_strip,Media,false,detalle preservado: banco de cuadros
CNT-029,fecha_ultima_publicacion,,,NONE_EMPTY,optional_empty_to_none,Alta,false,
CNT-029,fuente,Operations/Production/CNT029_Reel_6_Suenos_Universe_Ella.md,Operations/Production/CNT029_Reel_6_Suenos_Universe_Ella.md,FREE_TEXT,copy_verbatim,Alta,false,
CNT-029,formato,9:16 / 6–9s / banco de 9 cuadros,9:16 / 6–9s / banco de 9 cuadros,FREE_TEXT,copy_verbatim,Alta,false,
CNT-029,categoria,Experimento / Humor / Love / Reel,,C_REAL,,Baja,true,fuera de enum; requiere decision humana (OVERRIDES)
CNT-029,bloqueado_canon,No — Capa 1; figura femenina genérica sin vínculo canon fijado,No,B,bloqueado_flag_strip,Media,false,detalle preservado: Capa 1; figura femenina genérica sin vínculo canon fijado
CNT-029,estado_operacion_normalizado,Draft_Pending_Approval,,C_REAL,,Baja,true,fuera de enum; requiere decision humana (OVERRIDES)
CNT-029,estado_canon_normalizado,Canon_Clear_or_Unverified,Canon_Clear_or_Unverified,A,exact_enum_match,Alta,false,
CNT-029,asset_ref_confirmado,,,FREE_TEXT,copy_verbatim,Alta,false,
CNT-029,asset_ref_candidato,,,FREE_TEXT,copy_verbatim,Alta,false,
CNT-029,reconciliacion_estado,Resolved_Project_Record,,C_REAL,,Baja,true,fuera de enum; requiere decision humana (OVERRIDES)
CNT-029,reconciliacion_confianza,High,High,A,exact_enum_match,Alta,false,
CNT-029,reconciliacion_fuente,Operations/Production/CNT029_Reel_6_Suenos_Universe_Ella.md; Meta Graph API caption search 2026-08-14 to 2026-08-17,Operations/Production/CNT029_Reel_6_Suenos_Universe_Ella.md; Meta Graph API caption search 2026-08-14 to 2026-08-17,FREE_TEXT,copy_verbatim,Alta,false,
CNT-029,reconciliacion_nota,"Ficha de producción v2.1 verificada: banco de 9 cuadros, hook de pausa y estado Draft. La búsqueda acotada en Meta no encontró publicación coincidente en la ventana 14–17 de agosto. No se añade fila a Publication_Log hasta existir permalink o aprobación/publicación real.","Ficha de producción v2.1 verificada: banco de 9 cuadros, hook de pausa y estado Draft. La búsqueda acotada en Meta no encontró publicación coincidente en la ventana 14–17 de agosto. No se añade fila a Publication_Log hasta existir permalink o aprobación/publicación real.",FREE_TEXT,copy_verbatim,Alta,false,
CNT-029,registro_relacionado,CNT-030,CNT-030,FREE_TEXT,copy_verbatim,Alta,false,
CNT-029,drive_reference_id,,,FREE_TEXT,copy_verbatim,Alta,false,
CNT-029,meta_publication_id,,,FREE_TEXT,copy_verbatim,Alta,false,
CNT-029,meta_permalink,,,FREE_TEXT,copy_verbatim,Alta,false,
CNT-029,asset_set,F1 base de Fernando; 06_Reel_Piernas_universo_sueno_20260814.png; 07_Reel_Pecho_universo_sueno_20260814.png; 08_Reel_Cena_romantica_universo_sueno_20260814.png; 09_Reel_Lluvia_cacao_universo_sueno_20260814.png; 10_Reel_Atardecer_sueno_20260814.png; 11_Reel_Pecho_picaresca_universo_sueno_20260814.png; 12_Reel_Atado_ribbon_universo_sueno_20260814.png; 13_Reel_Coqueto_rosa_universo_sueno_20260814.png,F1 base de Fernando; 06_Reel_Piernas_universo_sueno_20260814.png; 07_Reel_Pecho_universo_sueno_20260814.png; 08_Reel_Cena_romantica_universo_sueno_20260814.png; 09_Reel_Lluvia_cacao_universo_sueno_20260814.png; 10_Reel_Atardecer_sueno_20260814.png; 11_Reel_Pecho_picaresca_universo_sueno_20260814.png; 12_Reel_Atado_ribbon_universo_sueno_20260814.png; 13_Reel_Coqueto_rosa_universo_sueno_20260814.png,FREE_TEXT,copy_verbatim,Alta,false,
CNT-029,asset_ref,,,FREE_TEXT,copy_verbatim,Alta,false,
CNT-029,asset_filename,,,FREE_TEXT,copy_verbatim,Alta,false,
CNT-029,drive_id,,,FREE_TEXT,copy_verbatim,Alta,false,
CNT-029,estado_canon,,,FREE_TEXT,copy_verbatim,Alta,false,
CNT-029,estado_produccion,,,FREE_TEXT,copy_verbatim,Alta,false,
CNT-029,estado_publicacion,,,FREE_TEXT,copy_verbatim,Alta,false,
CNT-029,ultima_sincronizacion,,,FREE_TEXT,copy_verbatim,Alta,false,
CNT-029,motivo_revision_normalizado,,,FREE_TEXT,copy_verbatim,Alta,false,
CNT-029,personaje_principal_normalizado,Universe,Universe,FREE_TEXT,copy_verbatim,Alta,false,
CNT-029,personajes_secundarios_normalizados,Ninguno,Ninguno,FREE_TEXT,copy_verbatim,Alta,false,
CNT-029,rol_narrativo,Protagonista,Protagonista,FREE_TEXT,copy_verbatim,Alta,false,
CNT-029,tipo_humor_normalizado,No determinado,No determinado,FREE_TEXT,copy_verbatim,Alta,false,
CNT-029,potencial_etiquetado,Medio,Medio,FREE_TEXT,copy_verbatim,Alta,false,
CNT-029,confianza_taxonomia,Alta,Alta,FREE_TEXT,copy_verbatim,Alta,false,
CNT-029,fuente_taxonomia,Inventario + reglas taxonómicas,Inventario + reglas taxonómicas,FREE_TEXT,copy_verbatim,Alta,false,
CNT-029,nota_taxonomia,No sustituye canon; revisar si la confianza es Media o Baja.,No sustituye canon; revisar si la confianza es Media o Baja.,FREE_TEXT,copy_verbatim,Alta,false,
CNT-029,es_historico,,,FREE_TEXT,copy_verbatim,Alta,false,
CNT-030,id,CNT-030,CNT-030,FREE_TEXT,copy_verbatim,Alta,false,
CNT-030,titulo,Audio y montaje del reel Pausa para ver qué piensa de ti,Audio y montaje del reel Pausa para ver qué piensa de ti,FREE_TEXT,copy_verbatim,Alta,false,
CNT-030,personaje_principal,@char_USM_universe,@char_USM_universe,FREE_TEXT,copy_verbatim,Alta,false,
CNT-030,personajes_secundarios,CNT-029,CNT-029,FREE_TEXT,copy_verbatim,Alta,false,
CNT-030,tipo_contenido,Audio / Concepto de montaje,,C_REAL,,Baja,true,fuera de enum; requiere decision humana (OVERRIDES)
CNT-030,plataforma,"Instagram, TikTok",Multi,B,multi_combo_to_Multi,Media,false,
CNT-030,objetivo,Definir montaje ultrarrápido y selección de audio para el reel de CNT-029.,Definir montaje ultrarrápido y selección de audio para el reel de CNT-029.,FREE_TEXT,copy_verbatim,Alta,false,
CNT-030,hipotesis,Gancho de pausa con audio de actitud mejora retención y re-watch frente al montaje lento tierno.,Gancho de pausa con audio de actitud mejora retención y re-watch frente al montaje lento tierno.,FREE_TEXT,copy_verbatim,Alta,false,
CNT-030,estado,Draft (pendiente de aprobación de Fernando),Pendiente Aprobación Fernando,B,draft_to_pendiente_fernando,Media,false,
CNT-030,prioridad,Media,Media,A,exact_enum_match,Alta,false,
CNT-030,dificultad_produccion,Media,Media,A,exact_enum_match,Alta,false,
CNT-030,reutilizable,No — dependiente de CNT-029,No,B,reutilizable_flag_strip,Media,false,detalle preservado: dependiente de CNT-029
CNT-030,fecha_ultima_publicacion,,,NONE_EMPTY,optional_empty_to_none,Alta,false,
CNT-030,fuente,Operations/Production/CNT030_Musica_Reel_Suenos_Universe.md,Operations/Production/CNT030_Musica_Reel_Suenos_Universe.md,FREE_TEXT,copy_verbatim,Alta,false,
CNT-030,formato,Audio + montaje 6–9s / 0.5–1s por cuadro,Audio + montaje 6–9s / 0.5–1s por cuadro,FREE_TEXT,copy_verbatim,Alta,false,
CNT-030,categoria,Experimento / Audio / Reel,,C_REAL,,Baja,true,fuera de enum; requiere decision humana (OVERRIDES)
CNT-030,bloqueado_canon,No — registro dependiente de CNT-029,No,B,bloqueado_flag_strip,Media,false,detalle preservado: registro dependiente de CNT-029
CNT-030,estado_operacion_normalizado,Draft_Pending_Approval,,C_REAL,,Baja,true,fuera de enum; requiere decision humana (OVERRIDES)
CNT-030,estado_canon_normalizado,Canon_Clear_or_Unverified,Canon_Clear_or_Unverified,A,exact_enum_match,Alta,false,
CNT-030,asset_ref_confirmado,,,FREE_TEXT,copy_verbatim,Alta,false,
CNT-030,asset_ref_candidato,,,FREE_TEXT,copy_verbatim,Alta,false,
CNT-030,reconciliacion_estado,Resolved_Dependent_Record,,C_REAL,,Baja,true,fuera de enum; requiere decision humana (OVERRIDES)
CNT-030,reconciliacion_confianza,High,High,A,exact_enum_match,Alta,false,
CNT-030,reconciliacion_fuente,Operations/Production/CNT030_Musica_Reel_Suenos_Universe.md; Meta Graph API caption search 2026-08-14 to 2026-08-17,Operations/Production/CNT030_Musica_Reel_Suenos_Universe.md; Meta Graph API caption search 2026-08-14 to 2026-08-17,FREE_TEXT,copy_verbatim,Alta,false,
CNT-030,reconciliacion_nota,Ficha v2.0 verificada: CNT-030 define el montaje y audio dependiente de CNT-029; no es una publicación independiente. La búsqueda acotada en Meta no encontró caption o permalink coincidente. La pista original queda como fallback documentado; la dirección vigente usa audio trending y requiere aprobación.,Ficha v2.0 verificada: CNT-030 define el montaje y audio dependiente de CNT-029; no es una publicación independiente. La búsqueda acotada en Meta no encontró caption o permalink coincidente. La pista original queda como fallback documentado; la dirección vigente usa audio trending y requiere aprobación.,FREE_TEXT,copy_verbatim,Alta,false,
CNT-030,registro_relacionado,CNT-029,CNT-029,FREE_TEXT,copy_verbatim,Alta,false,
CNT-030,drive_reference_id,,,FREE_TEXT,copy_verbatim,Alta,false,
CNT-030,meta_publication_id,,,FREE_TEXT,copy_verbatim,Alta,false,
CNT-030,meta_permalink,,,FREE_TEXT,copy_verbatim,Alta,false,
CNT-030,asset_set,14_Musica_Reel_suenos_pista_original.mp3; 15_Musica_Reel_suenos_corte_20s.mp3 (fallback referenciado en la ficha de producción; no se asigna como publicación ni como asset 260),14_Musica_Reel_suenos_pista_original.mp3; 15_Musica_Reel_suenos_corte_20s.mp3 (fallback referenciado en la ficha de producción; no se asigna como publicación ni como asset 260),FREE_TEXT,copy_verbatim,Alta,false,
CNT-030,asset_ref,,,FREE_TEXT,copy_verbatim,Alta,false,
CNT-030,asset_filename,,,FREE_TEXT,copy_verbatim,Alta,false,
CNT-030,drive_id,,,FREE_TEXT,copy_verbatim,Alta,false,
CNT-030,estado_canon,,,FREE_TEXT,copy_verbatim,Alta,false,
CNT-030,estado_produccion,,,FREE_TEXT,copy_verbatim,Alta,false,
CNT-030,estado_publicacion,,,FREE_TEXT,copy_verbatim,Alta,false,
CNT-030,ultima_sincronizacion,,,FREE_TEXT,copy_verbatim,Alta,false,
CNT-030,motivo_revision_normalizado,,,FREE_TEXT,copy_verbatim,Alta,false,
CNT-030,personaje_principal_normalizado,Universe,Universe,FREE_TEXT,copy_verbatim,Alta,false,
CNT-030,personajes_secundarios_normalizados,Ninguno,Ninguno,FREE_TEXT,copy_verbatim,Alta,false,
CNT-030,rol_narrativo,Protagonista,Protagonista,FREE_TEXT,copy_verbatim,Alta,false,
CNT-030,tipo_humor_normalizado,No determinado,No determinado,FREE_TEXT,copy_verbatim,Alta,false,
CNT-030,potencial_etiquetado,Bajo,Bajo,FREE_TEXT,copy_verbatim,Alta,false,
CNT-030,confianza_taxonomia,Alta,Alta,FREE_TEXT,copy_verbatim,Alta,false,
CNT-030,fuente_taxonomia,Inventario + reglas taxonómicas,Inventario + reglas taxonómicas,FREE_TEXT,copy_verbatim,Alta,false,
CNT-030,nota_taxonomia,No sustituye canon; revisar si la confianza es Media o Baja.,No sustituye canon; revisar si la confianza es Media o Baja.,FREE_TEXT,copy_verbatim,Alta,false,
CNT-030,es_historico,,,FREE_TEXT,copy_verbatim,Alta,false,
CNT-031,id,CNT-031,CNT-031,FREE_TEXT,copy_verbatim,Alta,false,
CNT-031,titulo,Universe — ¿Qué fibra tomas para cagarla tanto?,Universe — ¿Qué fibra tomas para cagarla tanto?,FREE_TEXT,copy_verbatim,Alta,false,
CNT-031,personaje_principal,@char_USM_universe,@char_USM_universe,FREE_TEXT,copy_verbatim,Alta,false,
CNT-031,personajes_secundarios,,,FREE_TEXT,copy_verbatim,Alta,false,
CNT-031,tipo_contenido,Foto / Meme / Frase,,C_REAL,,Baja,true,fuera de enum; requiere decision humana (OVERRIDES)
CNT-031,plataforma,Facebook; Instagram selectivo,Facebook,B,conditional_to_primary,Media,false,
CNT-031,objetivo,Registrar y medir la pieza dentro de la prueba de frecuencia y mezcla nuevo/reuse del 15–16 de agosto.,Registrar y medir la pieza dentro de la prueba de frecuencia y mezcla nuevo/reuse del 15–16 de agosto.,FREE_TEXT,copy_verbatim,Alta,false,
CNT-031,hipotesis,"HB-003|HB-004|HB-005: la frecuencia, el horario y la mezcla de contenido afectan la interacción observable por publicación.","HB-003|HB-004|HB-005: la frecuencia, el horario y la mezcla de contenido afectan la interacción observable por publicación.",FREE_TEXT,copy_verbatim,Alta,false,
CNT-031,estado,Publicado en Facebook,Publicado,A,exact_enum_match,Alta,false,
CNT-031,prioridad,Alta,Alta,A,exact_enum_match,Alta,false,
CNT-031,dificultad_produccion,Baja,Baja,A,exact_enum_match,Alta,false,
CNT-031,reutilizable,Sí,Sí,A,exact_enum_match,Alta,false,
CNT-031,fecha_ultima_publicacion,2026-08-15 10:00:22-06:00,2026-08-15,A,iso_date_parse,Alta,false,
CNT-031,fuente,2026-08-15_Calendario_15_16_Agosto.csv; Meta Graph API v26; Google Drive asset lookup,2026-08-15_Calendario_15_16_Agosto.csv; Meta Graph API v26; Google Drive asset lookup,FREE_TEXT,copy_verbatim,Alta,false,
CNT-031,formato,Imagen estática / meme,Imagen estática / meme,FREE_TEXT,copy_verbatim,Alta,false,
CNT-031,categoria,Humor / Meme / Cotidiano,,C_REAL,,Baja,true,fuera de enum; requiere decision humana (OVERRIDES)
CNT-031,bloqueado_canon,Pendiente revisión de continuidad por Fernando o Claude,,C_REAL,,Baja,true,fuera de enum; requiere decision humana (OVERRIDES)
CNT-031,estado_operacion_normalizado,Published,,C_REAL,,Baja,true,fuera de enum; requiere decision humana (OVERRIDES)
CNT-031,estado_canon_normalizado,Canon_Clear_or_Unverified,Canon_Clear_or_Unverified,A,exact_enum_match,Alta,false,
CNT-031,asset_ref_confirmado,2608030 - Universe - Que fibra tomas pa cagarla tanto.jpeg,2608030 - Universe - Que fibra tomas pa cagarla tanto.jpeg,FREE_TEXT,copy_verbatim,Alta,false,
CNT-031,asset_ref_candidato,,,FREE_TEXT,copy_verbatim,Alta,false,
CNT-031,reconciliacion_estado,Resolved_Asset_Set,,C_REAL,,Baja,true,fuera de enum; requiere decision humana (OVERRIDES)
CNT-031,reconciliacion_confianza,High,High,A,exact_enum_match,Alta,false,
CNT-031,reconciliacion_fuente,Meta Graph API post 1036844829507460_122150559441072582; Drive file 1qiqa3QReNG3HuholxQsepFN9eDMZTY0c; calendario aprobado,Meta Graph API post 1036844829507460_122150559441072582; Drive file 1qiqa3QReNG3HuholxQsepFN9eDMZTY0c; calendario aprobado,FREE_TEXT,copy_verbatim,Alta,false,
CNT-031,reconciliacion_nota,"No existía un registro CNT previo que coincidiera con el asset. Se crea CNT-031 a partir del filename exacto en Drive, la caption y el Meta Post ID.","No existía un registro CNT previo que coincidiera con el asset. Se crea CNT-031 a partir del filename exacto en Drive, la caption y el Meta Post ID.",FREE_TEXT,copy_verbatim,Alta,false,
CNT-031,registro_relacionado,PUB-FB-15_16-01; PUB-IG-15_16-01,PUB-FB-15_16-01; PUB-IG-15_16-01,FREE_TEXT,copy_verbatim,Alta,false,
CNT-031,drive_reference_id,1qiqa3QReNG3HuholxQsepFN9eDMZTY0c,1qiqa3QReNG3HuholxQsepFN9eDMZTY0c,FREE_TEXT,copy_verbatim,Alta,false,
CNT-031,meta_publication_id,1036844829507460_122150559441072582,1036844829507460_122150559441072582,FREE_TEXT,copy_verbatim,Alta,false,
CNT-031,meta_permalink,https://www.facebook.com/122146890051072582/posts/122150559441072582,https://www.facebook.com/122146890051072582/posts/122150559441072582,FREE_TEXT,copy_verbatim,Alta,false,
CNT-031,asset_set,2608030 - Universe - Que fibra tomas pa cagarla tanto.jpeg,2608030 - Universe - Que fibra tomas pa cagarla tanto.jpeg,FREE_TEXT,copy_verbatim,Alta,false,
CNT-031,asset_ref,,,FREE_TEXT,copy_verbatim,Alta,false,
CNT-031,asset_filename,,,FREE_TEXT,copy_verbatim,Alta,false,
CNT-031,drive_id,,,FREE_TEXT,copy_verbatim,Alta,false,
CNT-031,estado_canon,,,FREE_TEXT,copy_verbatim,Alta,false,
CNT-031,estado_produccion,,,FREE_TEXT,copy_verbatim,Alta,false,
CNT-031,estado_publicacion,,,FREE_TEXT,copy_verbatim,Alta,false,
CNT-031,ultima_sincronizacion,,,FREE_TEXT,copy_verbatim,Alta,false,
CNT-031,motivo_revision_normalizado,,,FREE_TEXT,copy_verbatim,Alta,false,
CNT-031,personaje_principal_normalizado,Universe,Universe,FREE_TEXT,copy_verbatim,Alta,false,
CNT-031,personajes_secundarios_normalizados,Ninguno,Ninguno,FREE_TEXT,copy_verbatim,Alta,false,
CNT-031,rol_narrativo,Protagonista,Protagonista,FREE_TEXT,copy_verbatim,Alta,false,
CNT-031,tipo_humor_normalizado,Relatable cotidiano,Relatable cotidiano,FREE_TEXT,copy_verbatim,Alta,false,
CNT-031,potencial_etiquetado,Medio,Medio,FREE_TEXT,copy_verbatim,Alta,false,
CNT-031,confianza_taxonomia,Alta,Alta,FREE_TEXT,copy_verbatim,Alta,false,
CNT-031,fuente_taxonomia,Inventario + reglas taxonómicas,Inventario + reglas taxonómicas,FREE_TEXT,copy_verbatim,Alta,false,
CNT-031,nota_taxonomia,No sustituye canon; revisar si la confianza es Media o Baja.,No sustituye canon; revisar si la confianza es Media o Baja.,FREE_TEXT,copy_verbatim,Alta,false,
CNT-031,es_historico,,,FREE_TEXT,copy_verbatim,Alta,false,
CNT-032,id,CNT-032,CNT-032,FREE_TEXT,copy_verbatim,Alta,false,
CNT-032,titulo,Universe — meme de reacción (260583),Universe — meme de reacción (260583),FREE_TEXT,copy_verbatim,Alta,false,
CNT-032,personaje_principal,@char_USM_universe,@char_USM_universe,FREE_TEXT,copy_verbatim,Alta,false,
CNT-032,personajes_secundarios,,,FREE_TEXT,copy_verbatim,Alta,false,
CNT-032,tipo_contenido,Foto / Meme / Frase,,C_REAL,,Baja,true,fuera de enum; requiere decision humana (OVERRIDES)
CNT-032,plataforma,Facebook,Facebook,A,exact_enum_match,Alta,false,
CNT-032,objetivo,Registrar y medir la pieza dentro de la prueba de frecuencia y mezcla nuevo/reuse del 15–16 de agosto.,Registrar y medir la pieza dentro de la prueba de frecuencia y mezcla nuevo/reuse del 15–16 de agosto.,FREE_TEXT,copy_verbatim,Alta,false,
CNT-032,hipotesis,"HB-003|HB-004|HB-005: la frecuencia, el horario y la mezcla de contenido afectan la interacción observable por publicación.","HB-003|HB-004|HB-005: la frecuencia, el horario y la mezcla de contenido afectan la interacción observable por publicación.",FREE_TEXT,copy_verbatim,Alta,false,
CNT-032,estado,Publicado en Facebook,Publicado,A,exact_enum_match,Alta,false,
CNT-032,prioridad,Alta,Alta,A,exact_enum_match,Alta,false,
CNT-032,dificultad_produccion,Baja,Baja,A,exact_enum_match,Alta,false,
CNT-032,reutilizable,No,No,A,exact_enum_match,Alta,false,
CNT-032,fecha_ultima_publicacion,2026-08-15 11:00:05-06:00,2026-08-15,A,iso_date_parse,Alta,false,
CNT-032,fuente,2026-08-15_Calendario_15_16_Agosto.csv; Meta Graph API v26; Google Drive asset lookup,2026-08-15_Calendario_15_16_Agosto.csv; Meta Graph API v26; Google Drive asset lookup,FREE_TEXT,copy_verbatim,Alta,false,
CNT-032,formato,Imagen estática / meme,Imagen estática / meme,FREE_TEXT,copy_verbatim,Alta,false,
CNT-032,categoria,Humor / Meme / Reuse,,C_REAL,,Baja,true,fuera de enum; requiere decision humana (OVERRIDES)
CNT-032,bloqueado_canon,Pendiente revisión de continuidad por Fernando o Claude,,C_REAL,,Baja,true,fuera de enum; requiere decision humana (OVERRIDES)
CNT-032,estado_operacion_normalizado,Published,,C_REAL,,Baja,true,fuera de enum; requiere decision humana (OVERRIDES)
CNT-032,estado_canon_normalizado,Canon_Clear_or_Unverified,Canon_Clear_or_Unverified,A,exact_enum_match,Alta,false,
CNT-032,asset_ref_confirmado,260583 - Universe.png,260583 - Universe.png,FREE_TEXT,copy_verbatim,Alta,false,
CNT-032,asset_ref_candidato,,,FREE_TEXT,copy_verbatim,Alta,false,
CNT-032,reconciliacion_estado,Resolved_Asset_Set,,C_REAL,,Baja,true,fuera de enum; requiere decision humana (OVERRIDES)
CNT-032,reconciliacion_confianza,High,High,A,exact_enum_match,Alta,false,
CNT-032,reconciliacion_fuente,Meta Graph API post 1036844829507460_122150559591072582; Drive file 1LP2gRjhajrtuVuMp7nDtgPQnGs_UVQvc; calendario aprobado,Meta Graph API post 1036844829507460_122150559591072582; Drive file 1LP2gRjhajrtuVuMp7nDtgPQnGs_UVQvc; calendario aprobado,FREE_TEXT,copy_verbatim,Alta,false,
CNT-032,reconciliacion_nota,"No existía un registro CNT previo que coincidiera con el asset. Se crea CNT-032 a partir del filename exacto en Drive, la caption y el Meta Post ID. La prueba de Instagram fue publicada y eliminada manualmente; no republicar.","No existía un registro CNT previo que coincidiera con el asset. Se crea CNT-032 a partir del filename exacto en Drive, la caption y el Meta Post ID. La prueba de Instagram fue publicada y eliminada manualmente; no republicar.",FREE_TEXT,copy_verbatim,Alta,false,
CNT-032,registro_relacionado,PUB-FB-15_16-02; PUB-IG-TEST-02,PUB-FB-15_16-02; PUB-IG-TEST-02,FREE_TEXT,copy_verbatim,Alta,false,
CNT-032,drive_reference_id,1LP2gRjhajrtuVuMp7nDtgPQnGs_UVQvc,1LP2gRjhajrtuVuMp7nDtgPQnGs_UVQvc,FREE_TEXT,copy_verbatim,Alta,false,
CNT-032,meta_publication_id,1036844829507460_122150559591072582,1036844829507460_122150559591072582,FREE_TEXT,copy_verbatim,Alta,false,
CNT-032,meta_permalink,https://www.facebook.com/122146890051072582/posts/122150559591072582,https://www.facebook.com/122146890051072582/posts/122150559591072582,FREE_TEXT,copy_verbatim,Alta,false,
CNT-032,asset_set,260583 - Universe.png,260583 - Universe.png,FREE_TEXT,copy_verbatim,Alta,false,
CNT-032,asset_ref,,,FREE_TEXT,copy_verbatim,Alta,false,
CNT-032,asset_filename,,,FREE_TEXT,copy_verbatim,Alta,false,
CNT-032,drive_id,,,FREE_TEXT,copy_verbatim,Alta,false,
CNT-032,estado_canon,,,FREE_TEXT,copy_verbatim,Alta,false,
CNT-032,estado_produccion,,,FREE_TEXT,copy_verbatim,Alta,false,
CNT-032,estado_publicacion,,,FREE_TEXT,copy_verbatim,Alta,false,
CNT-032,ultima_sincronizacion,,,FREE_TEXT,copy_verbatim,Alta,false,
CNT-032,motivo_revision_normalizado,,,FREE_TEXT,copy_verbatim,Alta,false,
CNT-032,personaje_principal_normalizado,Universe,Universe,FREE_TEXT,copy_verbatim,Alta,false,
CNT-032,personajes_secundarios_normalizados,Ninguno,Ninguno,FREE_TEXT,copy_verbatim,Alta,false,
CNT-032,rol_narrativo,Protagonista,Protagonista,FREE_TEXT,copy_verbatim,Alta,false,
CNT-032,tipo_humor_normalizado,Relatable cotidiano;Reacción o emoji,Relatable cotidiano;Reacción o emoji,FREE_TEXT,copy_verbatim,Alta,false,
CNT-032,potencial_etiquetado,Medio,Medio,FREE_TEXT,copy_verbatim,Alta,false,
CNT-032,confianza_taxonomia,Alta,Alta,FREE_TEXT,copy_verbatim,Alta,false,
CNT-032,fuente_taxonomia,Inventario + reglas taxonómicas,Inventario + reglas taxonómicas,FREE_TEXT,copy_verbatim,Alta,false,
CNT-032,nota_taxonomia,No sustituye canon; revisar si la confianza es Media o Baja.,No sustituye canon; revisar si la confianza es Media o Baja.,FREE_TEXT,copy_verbatim,Alta,false,
CNT-032,es_historico,,,FREE_TEXT,copy_verbatim,Alta,false,
CNT-033,id,CNT-033,CNT-033,FREE_TEXT,copy_verbatim,Alta,false,
CNT-033,titulo,Fantasma — ¿Vendrá primero mi boda o Jesús?,Fantasma — ¿Vendrá primero mi boda o Jesús?,FREE_TEXT,copy_verbatim,Alta,false,
CNT-033,personaje_principal,@char_USM_fantasma,@char_USM_fantasma,FREE_TEXT,copy_verbatim,Alta,false,
CNT-033,personajes_secundarios,,,FREE_TEXT,copy_verbatim,Alta,false,
CNT-033,tipo_contenido,Foto / Meme / Frase,,C_REAL,,Baja,true,fuera de enum; requiere decision humana (OVERRIDES)
CNT-033,plataforma,Facebook; Instagram selectivo,Facebook,B,conditional_to_primary,Media,false,
CNT-033,objetivo,Registrar y medir la pieza dentro de la prueba de frecuencia y mezcla nuevo/reuse del 15–16 de agosto.,Registrar y medir la pieza dentro de la prueba de frecuencia y mezcla nuevo/reuse del 15–16 de agosto.,FREE_TEXT,copy_verbatim,Alta,false,
CNT-033,hipotesis,"HB-003|HB-004|HB-005: la frecuencia, el horario y la mezcla de contenido afectan la interacción observable por publicación.","HB-003|HB-004|HB-005: la frecuencia, el horario y la mezcla de contenido afectan la interacción observable por publicación.",FREE_TEXT,copy_verbatim,Alta,false,
CNT-033,estado,Publicado en Facebook,Publicado,A,exact_enum_match,Alta,false,
CNT-033,prioridad,Alta,Alta,A,exact_enum_match,Alta,false,
CNT-033,dificultad_produccion,Baja,Baja,A,exact_enum_match,Alta,false,
CNT-033,reutilizable,Sí,Sí,A,exact_enum_match,Alta,false,
CNT-033,fecha_ultima_publicacion,2026-08-15 13:30:00-06:00,2026-08-15,A,iso_date_parse,Alta,false,
CNT-033,fuente,2026-08-15_Calendario_15_16_Agosto.csv; Meta Graph API v26; Google Drive asset lookup,2026-08-15_Calendario_15_16_Agosto.csv; Meta Graph API v26; Google Drive asset lookup,FREE_TEXT,copy_verbatim,Alta,false,
CNT-033,formato,Imagen estática / meme,Imagen estática / meme,FREE_TEXT,copy_verbatim,Alta,false,
CNT-033,categoria,Humor / Meme / Absurdo,,C_REAL,,Baja,true,fuera de enum; requiere decision humana (OVERRIDES)
CNT-033,bloqueado_canon,Pendiente revisión de continuidad por Fernando o Claude,,C_REAL,,Baja,true,fuera de enum; requiere decision humana (OVERRIDES)
CNT-033,estado_operacion_normalizado,Published,,C_REAL,,Baja,true,fuera de enum; requiere decision humana (OVERRIDES)
CNT-033,estado_canon_normalizado,Canon_Clear_or_Unverified,Canon_Clear_or_Unverified,A,exact_enum_match,Alta,false,
CNT-033,asset_ref_confirmado,2608033 - Fantasma - vendra primero mi boda o jesus.jpeg,2608033 - Fantasma - vendra primero mi boda o jesus.jpeg,FREE_TEXT,copy_verbatim,Alta,false,
CNT-033,asset_ref_candidato,,,FREE_TEXT,copy_verbatim,Alta,false,
CNT-033,reconciliacion_estado,Resolved_Asset_Set,,C_REAL,,Baja,true,fuera de enum; requiere decision humana (OVERRIDES)
CNT-033,reconciliacion_confianza,High,High,A,exact_enum_match,Alta,false,
CNT-033,reconciliacion_fuente,Meta Graph API post 1036844829507460_122150559693072582; Drive file 1BPIL_PlooeaozXKFQASEBKBG6XS6QOsX; calendario aprobado,Meta Graph API post 1036844829507460_122150559693072582; Drive file 1BPIL_PlooeaozXKFQASEBKBG6XS6QOsX; calendario aprobado,FREE_TEXT,copy_verbatim,Alta,false,
CNT-033,reconciliacion_nota,"No existía un registro CNT previo que coincidiera con el asset. Se crea CNT-033 a partir del filename exacto en Drive, la caption y el Meta Post ID.","No existía un registro CNT previo que coincidiera con el asset. Se crea CNT-033 a partir del filename exacto en Drive, la caption y el Meta Post ID.",FREE_TEXT,copy_verbatim,Alta,false,
CNT-033,registro_relacionado,PUB-FB-15_16-03,PUB-FB-15_16-03,FREE_TEXT,copy_verbatim,Alta,false,
CNT-033,drive_reference_id,1BPIL_PlooeaozXKFQASEBKBG6XS6QOsX,1BPIL_PlooeaozXKFQASEBKBG6XS6QOsX,FREE_TEXT,copy_verbatim,Alta,false,
CNT-033,meta_publication_id,1036844829507460_122150559693072582,1036844829507460_122150559693072582,FREE_TEXT,copy_verbatim,Alta,false,
CNT-033,meta_permalink,https://www.facebook.com/122146890051072582/posts/122150559693072582,https://www.facebook.com/122146890051072582/posts/122150559693072582,FREE_TEXT,copy_verbatim,Alta,false,
CNT-033,asset_set,2608033 - Fantasma - vendra primero mi boda o jesus.jpeg,2608033 - Fantasma - vendra primero mi boda o jesus.jpeg,FREE_TEXT,copy_verbatim,Alta,false,
CNT-033,asset_ref,,,FREE_TEXT,copy_verbatim,Alta,false,
CNT-033,asset_filename,,,FREE_TEXT,copy_verbatim,Alta,false,
CNT-033,drive_id,,,FREE_TEXT,copy_verbatim,Alta,false,
CNT-033,estado_canon,,,FREE_TEXT,copy_verbatim,Alta,false,
CNT-033,estado_produccion,,,FREE_TEXT,copy_verbatim,Alta,false,
CNT-033,estado_publicacion,,,FREE_TEXT,copy_verbatim,Alta,false,
CNT-033,ultima_sincronizacion,,,FREE_TEXT,copy_verbatim,Alta,false,
CNT-033,motivo_revision_normalizado,,,FREE_TEXT,copy_verbatim,Alta,false,
CNT-033,personaje_principal_normalizado,Fantasma,Fantasma,FREE_TEXT,copy_verbatim,Alta,false,
CNT-033,personajes_secundarios_normalizados,Ninguno,Ninguno,FREE_TEXT,copy_verbatim,Alta,false,
CNT-033,rol_narrativo,Protagonista,Protagonista,FREE_TEXT,copy_verbatim,Alta,false,
CNT-033,tipo_humor_normalizado,Relatable cotidiano,Relatable cotidiano,FREE_TEXT,copy_verbatim,Alta,false,
CNT-033,potencial_etiquetado,Medio,Medio,FREE_TEXT,copy_verbatim,Alta,false,
CNT-033,confianza_taxonomia,Alta,Alta,FREE_TEXT,copy_verbatim,Alta,false,
CNT-033,fuente_taxonomia,Inventario + reglas taxonómicas,Inventario + reglas taxonómicas,FREE_TEXT,copy_verbatim,Alta,false,
CNT-033,nota_taxonomia,No sustituye canon; revisar si la confianza es Media o Baja.,No sustituye canon; revisar si la confianza es Media o Baja.,FREE_TEXT,copy_verbatim,Alta,false,
CNT-033,es_historico,,,FREE_TEXT,copy_verbatim,Alta,false,
CNT-034,id,CNT-034,CNT-034,FREE_TEXT,copy_verbatim,Alta,false,
CNT-034,titulo,Evan + Kiri — reacción de doble sentido,Evan + Kiri — reacción de doble sentido,FREE_TEXT,copy_verbatim,Alta,false,
CNT-034,personaje_principal,@char_USM_evan,@char_USM_evan,FREE_TEXT,copy_verbatim,Alta,false,
CNT-034,personajes_secundarios,@char_USM_kiri,@char_USM_kiri,FREE_TEXT,copy_verbatim,Alta,false,
CNT-034,tipo_contenido,Foto / Meme / Frase,,C_REAL,,Baja,true,fuera de enum; requiere decision humana (OVERRIDES)
CNT-034,plataforma,Facebook; Instagram solo tras revisión,Facebook,B,conditional_to_primary,Media,false,
CNT-034,objetivo,Registrar y medir la pieza dentro de la prueba de frecuencia y mezcla nuevo/reuse del 15–16 de agosto.,Registrar y medir la pieza dentro de la prueba de frecuencia y mezcla nuevo/reuse del 15–16 de agosto.,FREE_TEXT,copy_verbatim,Alta,false,
CNT-034,hipotesis,"HB-003|HB-004|HB-005: la frecuencia, el horario y la mezcla de contenido afectan la interacción observable por publicación.","HB-003|HB-004|HB-005: la frecuencia, el horario y la mezcla de contenido afectan la interacción observable por publicación.",FREE_TEXT,copy_verbatim,Alta,false,
CNT-034,estado,Publicado en Facebook,Publicado,A,exact_enum_match,Alta,false,
CNT-034,prioridad,Alta,Alta,A,exact_enum_match,Alta,false,
CNT-034,dificultad_produccion,Baja,Baja,A,exact_enum_match,Alta,false,
CNT-034,reutilizable,Sí,Sí,A,exact_enum_match,Alta,false,
CNT-034,fecha_ultima_publicacion,2026-08-15 19:00:00-06:00,2026-08-15,A,iso_date_parse,Alta,false,
CNT-034,fuente,2026-08-15_Calendario_15_16_Agosto.csv; Meta Graph API v26; Google Drive asset lookup,2026-08-15_Calendario_15_16_Agosto.csv; Meta Graph API v26; Google Drive asset lookup,FREE_TEXT,copy_verbatim,Alta,false,
CNT-034,formato,Imagen estática / meme,Imagen estática / meme,FREE_TEXT,copy_verbatim,Alta,false,
CNT-034,categoria,Humor / Meme / Pareja / Doble sentido,,C_REAL,,Baja,true,fuera de enum; requiere decision humana (OVERRIDES)
CNT-034,bloqueado_canon,Pendiente revisión de continuidad por Fernando o Claude,,C_REAL,,Baja,true,fuera de enum; requiere decision humana (OVERRIDES)
CNT-034,estado_operacion_normalizado,Published,,C_REAL,,Baja,true,fuera de enum; requiere decision humana (OVERRIDES)
CNT-034,estado_canon_normalizado,Canon_Clear_or_Unverified,Canon_Clear_or_Unverified,A,exact_enum_match,Alta,false,
CNT-034,asset_ref_confirmado,260539 - Evan+Kiri.png,260539 - Evan+Kiri.png,FREE_TEXT,copy_verbatim,Alta,false,
CNT-034,asset_ref_candidato,,,FREE_TEXT,copy_verbatim,Alta,false,
CNT-034,reconciliacion_estado,Resolved_Asset_Set,,C_REAL,,Baja,true,fuera de enum; requiere decision humana (OVERRIDES)
CNT-034,reconciliacion_confianza,High,High,A,exact_enum_match,Alta,false,
CNT-034,reconciliacion_fuente,Meta Graph API post 1036844829507460_122150559765072582; Drive file 1KNu65N-ND9fNJhgLQXbebMGgLvYCSSei; calendario aprobado,Meta Graph API post 1036844829507460_122150559765072582; Drive file 1KNu65N-ND9fNJhgLQXbebMGgLvYCSSei; calendario aprobado,FREE_TEXT,copy_verbatim,Alta,false,
CNT-034,reconciliacion_nota,"No existía un registro CNT previo que coincidiera con el asset. Se crea CNT-034 a partir del filename exacto en Drive, la caption y el Meta Post ID.","No existía un registro CNT previo que coincidiera con el asset. Se crea CNT-034 a partir del filename exacto en Drive, la caption y el Meta Post ID.",FREE_TEXT,copy_verbatim,Alta,false,
CNT-034,registro_relacionado,PUB-FB-15_16-04,PUB-FB-15_16-04,FREE_TEXT,copy_verbatim,Alta,false,
CNT-034,drive_reference_id,1KNu65N-ND9fNJhgLQXbebMGgLvYCSSei,1KNu65N-ND9fNJhgLQXbebMGgLvYCSSei,FREE_TEXT,copy_verbatim,Alta,false,
CNT-034,meta_publication_id,1036844829507460_122150559765072582,1036844829507460_122150559765072582,FREE_TEXT,copy_verbatim,Alta,false,
CNT-034,meta_permalink,https://www.facebook.com/122146890051072582/posts/122150559765072582,https://www.facebook.com/122146890051072582/posts/122150559765072582,FREE_TEXT,copy_verbatim,Alta,false,
CNT-034,asset_set,260539 - Evan+Kiri.png,260539 - Evan+Kiri.png,FREE_TEXT,copy_verbatim,Alta,false,
CNT-034,asset_ref,,,FREE_TEXT,copy_verbatim,Alta,false,
CNT-034,asset_filename,,,FREE_TEXT,copy_verbatim,Alta,false,
CNT-034,drive_id,,,FREE_TEXT,copy_verbatim,Alta,false,
CNT-034,estado_canon,,,FREE_TEXT,copy_verbatim,Alta,false,
CNT-034,estado_produccion,,,FREE_TEXT,copy_verbatim,Alta,false,
CNT-034,estado_publicacion,,,FREE_TEXT,copy_verbatim,Alta,false,
CNT-034,ultima_sincronizacion,,,FREE_TEXT,copy_verbatim,Alta,false,
CNT-034,motivo_revision_normalizado,,,FREE_TEXT,copy_verbatim,Alta,false,
CNT-034,personaje_principal_normalizado,Kiri,Kiri,FREE_TEXT,copy_verbatim,Alta,false,
CNT-034,personajes_secundarios_normalizados,Evan,Evan,FREE_TEXT,copy_verbatim,Alta,false,
CNT-034,rol_narrativo,Dúo o pareja,Dúo o pareja,FREE_TEXT,copy_verbatim,Alta,false,
CNT-034,tipo_humor_normalizado,Sexual o insinuación;Relatable cotidiano;Reacción o emoji,Sexual o insinuación;Relatable cotidiano;Reacción o emoji,FREE_TEXT,copy_verbatim,Alta,false,
CNT-034,potencial_etiquetado,Alto,Alto,FREE_TEXT,copy_verbatim,Alta,false,
CNT-034,confianza_taxonomia,Alta,Alta,FREE_TEXT,copy_verbatim,Alta,false,
CNT-034,fuente_taxonomia,Inventario + reglas taxonómicas,Inventario + reglas taxonómicas,FREE_TEXT,copy_verbatim,Alta,false,
CNT-034,nota_taxonomia,No sustituye canon; revisar si la confianza es Media o Baja.,No sustituye canon; revisar si la confianza es Media o Baja.,FREE_TEXT,copy_verbatim,Alta,false,
CNT-034,es_historico,,,FREE_TEXT,copy_verbatim,Alta,false,
CNT-035,id,CNT-035,CNT-035,FREE_TEXT,copy_verbatim,Alta,false,
CNT-035,titulo,Universe — Soñé que era un litro de agua,Universe — Soñé que era un litro de agua,FREE_TEXT,copy_verbatim,Alta,false,
CNT-035,personaje_principal,@char_USM_universe,@char_USM_universe,FREE_TEXT,copy_verbatim,Alta,false,
CNT-035,personajes_secundarios,,,FREE_TEXT,copy_verbatim,Alta,false,
CNT-035,tipo_contenido,Foto / Meme / Frase,,C_REAL,,Baja,true,fuera de enum; requiere decision humana (OVERRIDES)
CNT-035,plataforma,Facebook; Instagram selectivo,Facebook,B,conditional_to_primary,Media,false,
CNT-035,objetivo,Registrar y medir la pieza dentro de la prueba de frecuencia y mezcla nuevo/reuse del 15–16 de agosto.,Registrar y medir la pieza dentro de la prueba de frecuencia y mezcla nuevo/reuse del 15–16 de agosto.,FREE_TEXT,copy_verbatim,Alta,false,
CNT-035,hipotesis,"HB-003|HB-004|HB-005: la frecuencia, el horario y la mezcla de contenido afectan la interacción observable por publicación.","HB-003|HB-004|HB-005: la frecuencia, el horario y la mezcla de contenido afectan la interacción observable por publicación.",FREE_TEXT,copy_verbatim,Alta,false,
CNT-035,estado,Publicado en Facebook,Publicado,A,exact_enum_match,Alta,false,
CNT-035,prioridad,Alta,Alta,A,exact_enum_match,Alta,false,
CNT-035,dificultad_produccion,Baja,Baja,A,exact_enum_match,Alta,false,
CNT-035,reutilizable,Sí,Sí,A,exact_enum_match,Alta,false,
CNT-035,fecha_ultima_publicacion,2026-08-16 10:00:00-06:00,2026-08-16,A,iso_date_parse,Alta,false,
CNT-035,fuente,2026-08-15_Calendario_15_16_Agosto.csv; Meta Graph API v26; Google Drive asset lookup,2026-08-15_Calendario_15_16_Agosto.csv; Meta Graph API v26; Google Drive asset lookup,FREE_TEXT,copy_verbatim,Alta,false,
CNT-035,formato,Imagen estática / meme,Imagen estática / meme,FREE_TEXT,copy_verbatim,Alta,false,
CNT-035,categoria,Humor / Meme / Cotidiano,,C_REAL,,Baja,true,fuera de enum; requiere decision humana (OVERRIDES)
CNT-035,bloqueado_canon,Pendiente revisión de continuidad por Fernando o Claude,,C_REAL,,Baja,true,fuera de enum; requiere decision humana (OVERRIDES)
CNT-035,estado_operacion_normalizado,Published,,C_REAL,,Baja,true,fuera de enum; requiere decision humana (OVERRIDES)
CNT-035,estado_canon_normalizado,Canon_Clear_or_Unverified,Canon_Clear_or_Unverified,A,exact_enum_match,Alta,false,
CNT-035,asset_ref_confirmado,2608037- Universe - soñe que era un litrro de agua.jpeg,2608037- Universe - soñe que era un litrro de agua.jpeg,FREE_TEXT,copy_verbatim,Alta,false,
CNT-035,asset_ref_candidato,,,FREE_TEXT,copy_verbatim,Alta,false,
CNT-035,reconciliacion_estado,Resolved_Asset_Set,,C_REAL,,Baja,true,fuera de enum; requiere decision humana (OVERRIDES)
CNT-035,reconciliacion_confianza,High,High,A,exact_enum_match,Alta,false,
CNT-035,reconciliacion_fuente,Meta Graph API post 1036844829507460_122150559873072582; Drive file 1crVxp8PdaxYw2cy3tb5QQi_dSuxI9aYa; calendario aprobado,Meta Graph API post 1036844829507460_122150559873072582; Drive file 1crVxp8PdaxYw2cy3tb5QQi_dSuxI9aYa; calendario aprobado,FREE_TEXT,copy_verbatim,Alta,false,
CNT-035,reconciliacion_nota,"No existía un registro CNT previo que coincidiera con el asset. Se crea CNT-035 a partir del filename exacto en Drive, la caption y el Meta Post ID.","No existía un registro CNT previo que coincidiera con el asset. Se crea CNT-035 a partir del filename exacto en Drive, la caption y el Meta Post ID.",FREE_TEXT,copy_verbatim,Alta,false,
CNT-035,registro_relacionado,PUB-FB-15_16-05,PUB-FB-15_16-05,FREE_TEXT,copy_verbatim,Alta,false,
CNT-035,drive_reference_id,1crVxp8PdaxYw2cy3tb5QQi_dSuxI9aYa,1crVxp8PdaxYw2cy3tb5QQi_dSuxI9aYa,FREE_TEXT,copy_verbatim,Alta,false,
CNT-035,meta_publication_id,1036844829507460_122150559873072582,1036844829507460_122150559873072582,FREE_TEXT,copy_verbatim,Alta,false,
CNT-035,meta_permalink,https://www.facebook.com/122146890051072582/posts/122150559873072582,https://www.facebook.com/122146890051072582/posts/122150559873072582,FREE_TEXT,copy_verbatim,Alta,false,
CNT-035,asset_set,2608037- Universe - soñe que era un litrro de agua.jpeg,2608037- Universe - soñe que era un litrro de agua.jpeg,FREE_TEXT,copy_verbatim,Alta,false,
CNT-035,asset_ref,,,FREE_TEXT,copy_verbatim,Alta,false,
CNT-035,asset_filename,,,FREE_TEXT,copy_verbatim,Alta,false,
CNT-035,drive_id,,,FREE_TEXT,copy_verbatim,Alta,false,
CNT-035,estado_canon,,,FREE_TEXT,copy_verbatim,Alta,false,
CNT-035,estado_produccion,,,FREE_TEXT,copy_verbatim,Alta,false,
CNT-035,estado_publicacion,,,FREE_TEXT,copy_verbatim,Alta,false,
CNT-035,ultima_sincronizacion,,,FREE_TEXT,copy_verbatim,Alta,false,
CNT-035,motivo_revision_normalizado,,,FREE_TEXT,copy_verbatim,Alta,false,
CNT-035,personaje_principal_normalizado,Universe,Universe,FREE_TEXT,copy_verbatim,Alta,false,
CNT-035,personajes_secundarios_normalizados,Ninguno,Ninguno,FREE_TEXT,copy_verbatim,Alta,false,
CNT-035,rol_narrativo,Protagonista,Protagonista,FREE_TEXT,copy_verbatim,Alta,false,
CNT-035,tipo_humor_normalizado,Relatable cotidiano,Relatable cotidiano,FREE_TEXT,copy_verbatim,Alta,false,
CNT-035,potencial_etiquetado,Medio,Medio,FREE_TEXT,copy_verbatim,Alta,false,
CNT-035,confianza_taxonomia,Alta,Alta,FREE_TEXT,copy_verbatim,Alta,false,
CNT-035,fuente_taxonomia,Inventario + reglas taxonómicas,Inventario + reglas taxonómicas,FREE_TEXT,copy_verbatim,Alta,false,
CNT-035,nota_taxonomia,No sustituye canon; revisar si la confianza es Media o Baja.,No sustituye canon; revisar si la confianza es Media o Baja.,FREE_TEXT,copy_verbatim,Alta,false,
CNT-035,es_historico,,,FREE_TEXT,copy_verbatim,Alta,false,
CNT-036,id,CNT-036,CNT-036,FREE_TEXT,copy_verbatim,Alta,false,
CNT-036,titulo,Universe — meme de reacción (260673),Universe — meme de reacción (260673),FREE_TEXT,copy_verbatim,Alta,false,
CNT-036,personaje_principal,@char_USM_universe,@char_USM_universe,FREE_TEXT,copy_verbatim,Alta,false,
CNT-036,personajes_secundarios,,,FREE_TEXT,copy_verbatim,Alta,false,
CNT-036,tipo_contenido,Foto / Meme / Frase,,C_REAL,,Baja,true,fuera de enum; requiere decision humana (OVERRIDES)
CNT-036,plataforma,Facebook,Facebook,A,exact_enum_match,Alta,false,
CNT-036,objetivo,Registrar y medir la pieza dentro de la prueba de frecuencia y mezcla nuevo/reuse del 15–16 de agosto.,Registrar y medir la pieza dentro de la prueba de frecuencia y mezcla nuevo/reuse del 15–16 de agosto.,FREE_TEXT,copy_verbatim,Alta,false,
CNT-036,hipotesis,"HB-003|HB-004|HB-005: la frecuencia, el horario y la mezcla de contenido afectan la interacción observable por publicación.","HB-003|HB-004|HB-005: la frecuencia, el horario y la mezcla de contenido afectan la interacción observable por publicación.",FREE_TEXT,copy_verbatim,Alta,false,
CNT-036,estado,Publicado en Facebook,Publicado,A,exact_enum_match,Alta,false,
CNT-036,prioridad,Alta,Alta,A,exact_enum_match,Alta,false,
CNT-036,dificultad_produccion,Baja,Baja,A,exact_enum_match,Alta,false,
CNT-036,reutilizable,Sí,Sí,A,exact_enum_match,Alta,false,
CNT-036,fecha_ultima_publicacion,2026-08-16 13:30:00-06:00,2026-08-16,A,iso_date_parse,Alta,false,
CNT-036,fuente,2026-08-15_Calendario_15_16_Agosto.csv; Meta Graph API v26; Google Drive asset lookup,2026-08-15_Calendario_15_16_Agosto.csv; Meta Graph API v26; Google Drive asset lookup,FREE_TEXT,copy_verbatim,Alta,false,
CNT-036,formato,Imagen estática / meme,Imagen estática / meme,FREE_TEXT,copy_verbatim,Alta,false,
CNT-036,categoria,Humor / Meme / Reuse,,C_REAL,,Baja,true,fuera de enum; requiere decision humana (OVERRIDES)
CNT-036,bloqueado_canon,Pendiente revisión de continuidad por Fernando o Claude,,C_REAL,,Baja,true,fuera de enum; requiere decision humana (OVERRIDES)
CNT-036,estado_operacion_normalizado,Published,,C_REAL,,Baja,true,fuera de enum; requiere decision humana (OVERRIDES)
CNT-036,estado_canon_normalizado,Canon_Clear_or_Unverified,Canon_Clear_or_Unverified,A,exact_enum_match,Alta,false,
CNT-036,asset_ref_confirmado,260673 - Universe.png,260673 - Universe.png,FREE_TEXT,copy_verbatim,Alta,false,
CNT-036,asset_ref_candidato,,,FREE_TEXT,copy_verbatim,Alta,false,
CNT-036,reconciliacion_estado,Resolved_Asset_Set,,C_REAL,,Baja,true,fuera de enum; requiere decision humana (OVERRIDES)
CNT-036,reconciliacion_confianza,High,High,A,exact_enum_match,Alta,false,
CNT-036,reconciliacion_fuente,Meta Graph API post 1036844829507460_122150559981072582; Drive file 1zBODSIjUwzVgHWd7K08alMucWq4RvuO5; calendario aprobado,Meta Graph API post 1036844829507460_122150559981072582; Drive file 1zBODSIjUwzVgHWd7K08alMucWq4RvuO5; calendario aprobado,FREE_TEXT,copy_verbatim,Alta,false,
CNT-036,reconciliacion_nota,"No existía un registro CNT previo que coincidiera con el asset. Se crea CNT-036 a partir del filename exacto en Drive, la caption y el Meta Post ID.","No existía un registro CNT previo que coincidiera con el asset. Se crea CNT-036 a partir del filename exacto en Drive, la caption y el Meta Post ID.",FREE_TEXT,copy_verbatim,Alta,false,
CNT-036,registro_relacionado,PUB-FB-15_16-06,PUB-FB-15_16-06,FREE_TEXT,copy_verbatim,Alta,false,
CNT-036,drive_reference_id,1zBODSIjUwzVgHWd7K08alMucWq4RvuO5,1zBODSIjUwzVgHWd7K08alMucWq4RvuO5,FREE_TEXT,copy_verbatim,Alta,false,
CNT-036,meta_publication_id,1036844829507460_122150559981072582,1036844829507460_122150559981072582,FREE_TEXT,copy_verbatim,Alta,false,
CNT-036,meta_permalink,https://www.facebook.com/122146890051072582/posts/122150559981072582,https://www.facebook.com/122146890051072582/posts/122150559981072582,FREE_TEXT,copy_verbatim,Alta,false,
CNT-036,asset_set,260673 - Universe.png,260673 - Universe.png,FREE_TEXT,copy_verbatim,Alta,false,
CNT-036,asset_ref,,,FREE_TEXT,copy_verbatim,Alta,false,
CNT-036,asset_filename,,,FREE_TEXT,copy_verbatim,Alta,false,
CNT-036,drive_id,,,FREE_TEXT,copy_verbatim,Alta,false,
CNT-036,estado_canon,,,FREE_TEXT,copy_verbatim,Alta,false,
CNT-036,estado_produccion,,,FREE_TEXT,copy_verbatim,Alta,false,
CNT-036,estado_publicacion,,,FREE_TEXT,copy_verbatim,Alta,false,
CNT-036,ultima_sincronizacion,,,FREE_TEXT,copy_verbatim,Alta,false,
CNT-036,motivo_revision_normalizado,,,FREE_TEXT,copy_verbatim,Alta,false,
CNT-036,personaje_principal_normalizado,Universe,Universe,FREE_TEXT,copy_verbatim,Alta,false,
CNT-036,personajes_secundarios_normalizados,Ninguno,Ninguno,FREE_TEXT,copy_verbatim,Alta,false,
CNT-036,rol_narrativo,Protagonista,Protagonista,FREE_TEXT,copy_verbatim,Alta,false,
CNT-036,tipo_humor_normalizado,Relatable cotidiano;Reacción o emoji,Relatable cotidiano;Reacción o emoji,FREE_TEXT,copy_verbatim,Alta,false,
CNT-036,potencial_etiquetado,Medio,Medio,FREE_TEXT,copy_verbatim,Alta,false,
CNT-036,confianza_taxonomia,Alta,Alta,FREE_TEXT,copy_verbatim,Alta,false,
CNT-036,fuente_taxonomia,Inventario + reglas taxonómicas,Inventario + reglas taxonómicas,FREE_TEXT,copy_verbatim,Alta,false,
CNT-036,nota_taxonomia,No sustituye canon; revisar si la confianza es Media o Baja.,No sustituye canon; revisar si la confianza es Media o Baja.,FREE_TEXT,copy_verbatim,Alta,false,
CNT-036,es_historico,,,FREE_TEXT,copy_verbatim,Alta,false,
CNT-037,id,CNT-037,CNT-037,FREE_TEXT,copy_verbatim,Alta,false,
CNT-037,titulo,Elara + Evan — Nadie nos soporta,Elara + Evan — Nadie nos soporta,FREE_TEXT,copy_verbatim,Alta,false,
CNT-037,personaje_principal,@char_USM_elara,@char_USM_elara,FREE_TEXT,copy_verbatim,Alta,false,
CNT-037,personajes_secundarios,@char_USM_evan,@char_USM_evan,FREE_TEXT,copy_verbatim,Alta,false,
CNT-037,tipo_contenido,Foto / Meme / Frase,,C_REAL,,Baja,true,fuera de enum; requiere decision humana (OVERRIDES)
CNT-037,plataforma,Facebook; Instagram selectivo,Facebook,B,conditional_to_primary,Media,false,
CNT-037,objetivo,Registrar y medir la pieza dentro de la prueba de frecuencia y mezcla nuevo/reuse del 15–16 de agosto.,Registrar y medir la pieza dentro de la prueba de frecuencia y mezcla nuevo/reuse del 15–16 de agosto.,FREE_TEXT,copy_verbatim,Alta,false,
CNT-037,hipotesis,"HB-003|HB-004|HB-005: la frecuencia, el horario y la mezcla de contenido afectan la interacción observable por publicación.","HB-003|HB-004|HB-005: la frecuencia, el horario y la mezcla de contenido afectan la interacción observable por publicación.",FREE_TEXT,copy_verbatim,Alta,false,
CNT-037,estado,Publicado en Facebook,Publicado,A,exact_enum_match,Alta,false,
CNT-037,prioridad,Alta,Alta,A,exact_enum_match,Alta,false,
CNT-037,dificultad_produccion,Baja,Baja,A,exact_enum_match,Alta,false,
CNT-037,reutilizable,Sí,Sí,A,exact_enum_match,Alta,false,
CNT-037,fecha_ultima_publicacion,2026-08-16 16:00:00-06:00,2026-08-16,A,iso_date_parse,Alta,false,
CNT-037,fuente,2026-08-15_Calendario_15_16_Agosto.csv; Meta Graph API v26; Google Drive asset lookup,2026-08-15_Calendario_15_16_Agosto.csv; Meta Graph API v26; Google Drive asset lookup,FREE_TEXT,copy_verbatim,Alta,false,
CNT-037,formato,Imagen estática / meme,Imagen estática / meme,FREE_TEXT,copy_verbatim,Alta,false,
CNT-037,categoria,Humor / Meme / Pareja / Relatable,,C_REAL,,Baja,true,fuera de enum; requiere decision humana (OVERRIDES)
CNT-037,bloqueado_canon,Pendiente revisión de continuidad por Fernando o Claude,,C_REAL,,Baja,true,fuera de enum; requiere decision humana (OVERRIDES)
CNT-037,estado_operacion_normalizado,Published,,C_REAL,,Baja,true,fuera de enum; requiere decision humana (OVERRIDES)
CNT-037,estado_canon_normalizado,Canon_Clear_or_Unverified,Canon_Clear_or_Unverified,A,exact_enum_match,Alta,false,
CNT-037,asset_ref_confirmado,2608036- Elara+Evan - Nadie nos soporta.jpeg,2608036- Elara+Evan - Nadie nos soporta.jpeg,FREE_TEXT,copy_verbatim,Alta,false,
CNT-037,asset_ref_candidato,,,FREE_TEXT,copy_verbatim,Alta,false,
CNT-037,reconciliacion_estado,Resolved_Asset_Set,,C_REAL,,Baja,true,fuera de enum; requiere decision humana (OVERRIDES)
CNT-037,reconciliacion_confianza,High,High,A,exact_enum_match,Alta,false,
CNT-037,reconciliacion_fuente,Meta Graph API post 1036844829507460_122150560083072582; Drive file 1dM9LAsLF04If5MY3azfiFkIiUeLn-rBD; calendario aprobado,Meta Graph API post 1036844829507460_122150560083072582; Drive file 1dM9LAsLF04If5MY3azfiFkIiUeLn-rBD; calendario aprobado,FREE_TEXT,copy_verbatim,Alta,false,
CNT-037,reconciliacion_nota,"No existía un registro CNT previo que coincidiera con el asset. Se crea CNT-037 a partir del filename exacto en Drive, la caption y el Meta Post ID.","No existía un registro CNT previo que coincidiera con el asset. Se crea CNT-037 a partir del filename exacto en Drive, la caption y el Meta Post ID.",FREE_TEXT,copy_verbatim,Alta,false,
CNT-037,registro_relacionado,PUB-FB-15_16-07,PUB-FB-15_16-07,FREE_TEXT,copy_verbatim,Alta,false,
CNT-037,drive_reference_id,1dM9LAsLF04If5MY3azfiFkIiUeLn-rBD,1dM9LAsLF04If5MY3azfiFkIiUeLn-rBD,FREE_TEXT,copy_verbatim,Alta,false,
CNT-037,meta_publication_id,1036844829507460_122150560083072582,1036844829507460_122150560083072582,FREE_TEXT,copy_verbatim,Alta,false,
CNT-037,meta_permalink,https://www.facebook.com/122146890051072582/posts/122150560083072582,https://www.facebook.com/122146890051072582/posts/122150560083072582,FREE_TEXT,copy_verbatim,Alta,false,
CNT-037,asset_set,2608036- Elara+Evan - Nadie nos soporta.jpeg,2608036- Elara+Evan - Nadie nos soporta.jpeg,FREE_TEXT,copy_verbatim,Alta,false,
CNT-037,asset_ref,,,FREE_TEXT,copy_verbatim,Alta,false,
CNT-037,asset_filename,,,FREE_TEXT,copy_verbatim,Alta,false,
CNT-037,drive_id,,,FREE_TEXT,copy_verbatim,Alta,false,
CNT-037,estado_canon,,,FREE_TEXT,copy_verbatim,Alta,false,
CNT-037,estado_produccion,,,FREE_TEXT,copy_verbatim,Alta,false,
CNT-037,estado_publicacion,,,FREE_TEXT,copy_verbatim,Alta,false,
CNT-037,ultima_sincronizacion,,,FREE_TEXT,copy_verbatim,Alta,false,
CNT-037,motivo_revision_normalizado,,,FREE_TEXT,copy_verbatim,Alta,false,
CNT-037,personaje_principal_normalizado,Elara,Elara,FREE_TEXT,copy_verbatim,Alta,false,
CNT-037,personajes_secundarios_normalizados,Evan,Evan,FREE_TEXT,copy_verbatim,Alta,false,
CNT-037,rol_narrativo,Dúo o pareja,Dúo o pareja,FREE_TEXT,copy_verbatim,Alta,false,
CNT-037,tipo_humor_normalizado,Relatable cotidiano,Relatable cotidiano,FREE_TEXT,copy_verbatim,Alta,false,
CNT-037,potencial_etiquetado,Alto,Alto,FREE_TEXT,copy_verbatim,Alta,false,
CNT-037,confianza_taxonomia,Alta,Alta,FREE_TEXT,copy_verbatim,Alta,false,
CNT-037,fuente_taxonomia,Inventario + reglas taxonómicas,Inventario + reglas taxonómicas,FREE_TEXT,copy_verbatim,Alta,false,
CNT-037,nota_taxonomia,No sustituye canon; revisar si la confianza es Media o Baja.,No sustituye canon; revisar si la confianza es Media o Baja.,FREE_TEXT,copy_verbatim,Alta,false,
CNT-037,es_historico,,,FREE_TEXT,copy_verbatim,Alta,false,
CNT-038,id,CNT-038,CNT-038,FREE_TEXT,copy_verbatim,Alta,false,
CNT-038,titulo,Kael + Maeve — gustos salvajones,Kael + Maeve — gustos salvajones,FREE_TEXT,copy_verbatim,Alta,false,
CNT-038,personaje_principal,@char_USM_kael,@char_USM_kael,FREE_TEXT,copy_verbatim,Alta,false,
CNT-038,personajes_secundarios,@char_USM_maeve,@char_USM_maeve,FREE_TEXT,copy_verbatim,Alta,false,
CNT-038,tipo_contenido,Foto / Meme / Frase,,C_REAL,,Baja,true,fuera de enum; requiere decision humana (OVERRIDES)
CNT-038,plataforma,Facebook; Instagram selectivo,Facebook,B,conditional_to_primary,Media,false,
CNT-038,objetivo,Registrar y medir la pieza dentro de la prueba de frecuencia y mezcla nuevo/reuse del 15–16 de agosto.,Registrar y medir la pieza dentro de la prueba de frecuencia y mezcla nuevo/reuse del 15–16 de agosto.,FREE_TEXT,copy_verbatim,Alta,false,
CNT-038,hipotesis,"HB-003|HB-004|HB-005: la frecuencia, el horario y la mezcla de contenido afectan la interacción observable por publicación.","HB-003|HB-004|HB-005: la frecuencia, el horario y la mezcla de contenido afectan la interacción observable por publicación.",FREE_TEXT,copy_verbatim,Alta,false,
CNT-038,estado,Publicado en Facebook,Publicado,A,exact_enum_match,Alta,false,
CNT-038,prioridad,Alta,Alta,A,exact_enum_match,Alta,false,
CNT-038,dificultad_produccion,Baja,Baja,A,exact_enum_match,Alta,false,
CNT-038,reutilizable,Sí,Sí,A,exact_enum_match,Alta,false,
CNT-038,fecha_ultima_publicacion,2026-08-16 19:00:00-06:00,2026-08-16,A,iso_date_parse,Alta,false,
CNT-038,fuente,2026-08-15_Calendario_15_16_Agosto.csv; Meta Graph API v26; Google Drive asset lookup,2026-08-15_Calendario_15_16_Agosto.csv; Meta Graph API v26; Google Drive asset lookup,FREE_TEXT,copy_verbatim,Alta,false,
CNT-038,formato,Imagen estática / meme,Imagen estática / meme,FREE_TEXT,copy_verbatim,Alta,false,
CNT-038,categoria,Humor / Meme / Pareja / Noche,,C_REAL,,Baja,true,fuera de enum; requiere decision humana (OVERRIDES)
CNT-038,bloqueado_canon,Pendiente revisión de continuidad por Fernando o Claude,,C_REAL,,Baja,true,fuera de enum; requiere decision humana (OVERRIDES)
CNT-038,estado_operacion_normalizado,Published,,C_REAL,,Baja,true,fuera de enum; requiere decision humana (OVERRIDES)
CNT-038,estado_canon_normalizado,Canon_Clear_or_Unverified,Canon_Clear_or_Unverified,A,exact_enum_match,Alta,false,
CNT-038,asset_ref_confirmado,2608060 - Kael+Maeve - gustos salvajones.jpeg,2608060 - Kael+Maeve - gustos salvajones.jpeg,FREE_TEXT,copy_verbatim,Alta,false,
CNT-038,asset_ref_candidato,,,FREE_TEXT,copy_verbatim,Alta,false,
CNT-038,reconciliacion_estado,Resolved_Asset_Set,,C_REAL,,Baja,true,fuera de enum; requiere decision humana (OVERRIDES)
CNT-038,reconciliacion_confianza,High,High,A,exact_enum_match,Alta,false,
CNT-038,reconciliacion_fuente,Meta Graph API post 1036844829507460_122150560215072582; Drive file 1FaRLXsAkB7pS67-w1pN4o6yDQcWyDh2l; calendario aprobado,Meta Graph API post 1036844829507460_122150560215072582; Drive file 1FaRLXsAkB7pS67-w1pN4o6yDQcWyDh2l; calendario aprobado,FREE_TEXT,copy_verbatim,Alta,false,
CNT-038,reconciliacion_nota,"No existía un registro CNT previo que coincidiera con el asset. Se crea CNT-038 a partir del filename exacto en Drive, la caption y el Meta Post ID.","No existía un registro CNT previo que coincidiera con el asset. Se crea CNT-038 a partir del filename exacto en Drive, la caption y el Meta Post ID.",FREE_TEXT,copy_verbatim,Alta,false,
CNT-038,registro_relacionado,PUB-FB-15_16-08,PUB-FB-15_16-08,FREE_TEXT,copy_verbatim,Alta,false,
CNT-038,drive_reference_id,1FaRLXsAkB7pS67-w1pN4o6yDQcWyDh2l,1FaRLXsAkB7pS67-w1pN4o6yDQcWyDh2l,FREE_TEXT,copy_verbatim,Alta,false,
CNT-038,meta_publication_id,1036844829507460_122150560215072582,1036844829507460_122150560215072582,FREE_TEXT,copy_verbatim,Alta,false,
CNT-038,meta_permalink,https://www.facebook.com/122146890051072582/posts/122150560215072582,https://www.facebook.com/122146890051072582/posts/122150560215072582,FREE_TEXT,copy_verbatim,Alta,false,
CNT-038,asset_set,2608060 - Kael+Maeve - gustos salvajones.jpeg,2608060 - Kael+Maeve - gustos salvajones.jpeg,FREE_TEXT,copy_verbatim,Alta,false,
CNT-038,asset_ref,,,FREE_TEXT,copy_verbatim,Alta,false,
CNT-038,asset_filename,,,FREE_TEXT,copy_verbatim,Alta,false,
CNT-038,drive_id,,,FREE_TEXT,copy_verbatim,Alta,false,
CNT-038,estado_canon,,,FREE_TEXT,copy_verbatim,Alta,false,
CNT-038,estado_produccion,,,FREE_TEXT,copy_verbatim,Alta,false,
CNT-038,estado_publicacion,,,FREE_TEXT,copy_verbatim,Alta,false,
CNT-038,ultima_sincronizacion,,,FREE_TEXT,copy_verbatim,Alta,false,
CNT-038,motivo_revision_normalizado,,,FREE_TEXT,copy_verbatim,Alta,false,
CNT-038,personaje_principal_normalizado,Kael,Kael,FREE_TEXT,copy_verbatim,Alta,false,
CNT-038,personajes_secundarios_normalizados,Maeve,Maeve,FREE_TEXT,copy_verbatim,Alta,false,
CNT-038,rol_narrativo,Dúo o pareja,Dúo o pareja,FREE_TEXT,copy_verbatim,Alta,false,
CNT-038,tipo_humor_normalizado,Sexual o insinuación;Relatable cotidiano,Sexual o insinuación;Relatable cotidiano,FREE_TEXT,copy_verbatim,Alta,false,
CNT-038,potencial_etiquetado,Alto,Alto,FREE_TEXT,copy_verbatim,Alta,false,
CNT-038,confianza_taxonomia,Alta,Alta,FREE_TEXT,copy_verbatim,Alta,false,
CNT-038,fuente_taxonomia,Inventario + reglas taxonómicas,Inventario + reglas taxonómicas,FREE_TEXT,copy_verbatim,Alta,false,
CNT-038,nota_taxonomia,No sustituye canon; revisar si la confianza es Media o Baja.,No sustituye canon; revisar si la confianza es Media o Baja.,FREE_TEXT,copy_verbatim,Alta,false,
CNT-038,es_historico,,,FREE_TEXT,copy_verbatim,Alta,false,
CNT-039,id,CNT-039,CNT-039,FREE_TEXT,copy_verbatim,Alta,false,
CNT-039,titulo,Humor 4.16 — reuse con contexto sexualizado,Humor 4.16 — reuse con contexto sexualizado,FREE_TEXT,copy_verbatim,Alta,false,
CNT-039,personaje_principal,Variable,Variable,FREE_TEXT,copy_verbatim,Alta,false,
CNT-039,personajes_secundarios,,,FREE_TEXT,copy_verbatim,Alta,false,
CNT-039,tipo_contenido,Foto / Meme / Frase,,C_REAL,,Baja,true,fuera de enum; requiere decision humana (OVERRIDES)
CNT-039,plataforma,Facebook; Instagram solo tras revisión,Facebook,B,conditional_to_primary,Media,false,
CNT-039,objetivo,Registrar y medir la pieza dentro de la prueba de frecuencia y mezcla nuevo/reuse del 15–16 de agosto.,Registrar y medir la pieza dentro de la prueba de frecuencia y mezcla nuevo/reuse del 15–16 de agosto.,FREE_TEXT,copy_verbatim,Alta,false,
CNT-039,hipotesis,"HB-003|HB-004|HB-005: la frecuencia, el horario y la mezcla de contenido afectan la interacción observable por publicación.","HB-003|HB-004|HB-005: la frecuencia, el horario y la mezcla de contenido afectan la interacción observable por publicación.",FREE_TEXT,copy_verbatim,Alta,false,
CNT-039,estado,Publicado en Facebook,Publicado,A,exact_enum_match,Alta,false,
CNT-039,prioridad,Alta,Alta,A,exact_enum_match,Alta,false,
CNT-039,dificultad_produccion,Baja,Baja,A,exact_enum_match,Alta,false,
CNT-039,reutilizable,Sí,Sí,A,exact_enum_match,Alta,false,
CNT-039,fecha_ultima_publicacion,2026-08-16 22:00:00-06:00,2026-08-16,A,iso_date_parse,Alta,false,
CNT-039,fuente,2026-08-15_Calendario_15_16_Agosto.csv; Meta Graph API v26; Google Drive asset lookup,2026-08-15_Calendario_15_16_Agosto.csv; Meta Graph API v26; Google Drive asset lookup,FREE_TEXT,copy_verbatim,Alta,false,
CNT-039,formato,Imagen estática / meme,Imagen estática / meme,FREE_TEXT,copy_verbatim,Alta,false,
CNT-039,categoria,Humor / Meme / Reuse / Adulto,,C_REAL,,Baja,true,fuera de enum; requiere decision humana (OVERRIDES)
CNT-039,bloqueado_canon,Pendiente revisión de continuidad por Fernando o Claude,,C_REAL,,Baja,true,fuera de enum; requiere decision humana (OVERRIDES)
CNT-039,estado_operacion_normalizado,Published,,C_REAL,,Baja,true,fuera de enum; requiere decision humana (OVERRIDES)
CNT-039,estado_canon_normalizado,Canon_Clear_or_Unverified,Canon_Clear_or_Unverified,A,exact_enum_match,Alta,false,
CNT-039,asset_ref_confirmado,humor4.16.png,humor4.16.png,FREE_TEXT,copy_verbatim,Alta,false,
CNT-039,asset_ref_candidato,,,FREE_TEXT,copy_verbatim,Alta,false,
CNT-039,reconciliacion_estado,Resolved_Asset_Set,,C_REAL,,Baja,true,fuera de enum; requiere decision humana (OVERRIDES)
CNT-039,reconciliacion_confianza,High,High,A,exact_enum_match,Alta,false,
CNT-039,reconciliacion_fuente,Meta Graph API post 1036844829507460_122150560383072582; Drive file 1HB7yV945tmm7ez7ugACRQyrw-Ez83O-o; calendario aprobado,Meta Graph API post 1036844829507460_122150560383072582; Drive file 1HB7yV945tmm7ez7ugACRQyrw-Ez83O-o; calendario aprobado,FREE_TEXT,copy_verbatim,Alta,false,
CNT-039,reconciliacion_nota,"No existía un registro CNT previo que coincidiera con el asset. Se crea CNT-039 a partir del filename exacto en Drive, la caption y el Meta Post ID.","No existía un registro CNT previo que coincidiera con el asset. Se crea CNT-039 a partir del filename exacto en Drive, la caption y el Meta Post ID.",FREE_TEXT,copy_verbatim,Alta,false,
CNT-039,registro_relacionado,PUB-FB-15_16-09,PUB-FB-15_16-09,FREE_TEXT,copy_verbatim,Alta,false,
CNT-039,drive_reference_id,1HB7yV945tmm7ez7ugACRQyrw-Ez83O-o,1HB7yV945tmm7ez7ugACRQyrw-Ez83O-o,FREE_TEXT,copy_verbatim,Alta,false,
CNT-039,meta_publication_id,1036844829507460_122150560383072582,1036844829507460_122150560383072582,FREE_TEXT,copy_verbatim,Alta,false,
CNT-039,meta_permalink,https://www.facebook.com/122146890051072582/posts/122150560383072582,https://www.facebook.com/122146890051072582/posts/122150560383072582,FREE_TEXT,copy_verbatim,Alta,false,
CNT-039,asset_set,humor4.16.png,humor4.16.png,FREE_TEXT,copy_verbatim,Alta,false,
CNT-039,asset_ref,,,FREE_TEXT,copy_verbatim,Alta,false,
CNT-039,asset_filename,,,FREE_TEXT,copy_verbatim,Alta,false,
CNT-039,drive_id,,,FREE_TEXT,copy_verbatim,Alta,false,
CNT-039,estado_canon,,,FREE_TEXT,copy_verbatim,Alta,false,
CNT-039,estado_produccion,,,FREE_TEXT,copy_verbatim,Alta,false,
CNT-039,estado_publicacion,,,FREE_TEXT,copy_verbatim,Alta,false,
CNT-039,ultima_sincronizacion,,,FREE_TEXT,copy_verbatim,Alta,false,
CNT-039,motivo_revision_normalizado,,,FREE_TEXT,copy_verbatim,Alta,false,
CNT-039,personaje_principal_normalizado,No identificado,No identificado,FREE_TEXT,copy_verbatim,Alta,false,
CNT-039,personajes_secundarios_normalizados,Ninguno,Ninguno,FREE_TEXT,copy_verbatim,Alta,false,
CNT-039,rol_narrativo,No determinado,No determinado,FREE_TEXT,copy_verbatim,Alta,false,
CNT-039,tipo_humor_normalizado,Sexual o insinuación;Relatable cotidiano,Sexual o insinuación;Relatable cotidiano,FREE_TEXT,copy_verbatim,Alta,false,
CNT-039,potencial_etiquetado,Medio,Medio,FREE_TEXT,copy_verbatim,Alta,false,
CNT-039,confianza_taxonomia,Media,Media,FREE_TEXT,copy_verbatim,Alta,false,
CNT-039,fuente_taxonomia,Inventario + reglas taxonómicas,Inventario + reglas taxonómicas,FREE_TEXT,copy_verbatim,Alta,false,
CNT-039,nota_taxonomia,No sustituye canon; revisar si la confianza es Media o Baja.,No sustituye canon; revisar si la confianza es Media o Baja.,FREE_TEXT,copy_verbatim,Alta,false,
CNT-039,es_historico,,,FREE_TEXT,copy_verbatim,Alta,false,
CNT-040,id,CNT-040,CNT-040,FREE_TEXT,copy_verbatim,Alta,false,
CNT-040,titulo,Histórico reuse — Universe - Existencial 622.png,Histórico reuse — Universe - Existencial 622.png,FREE_TEXT,copy_verbatim,Alta,false,
CNT-040,personaje_principal,@char_USM_universe,@char_USM_universe,FREE_TEXT,copy_verbatim,Alta,false,
CNT-040,personajes_secundarios,,,FREE_TEXT,copy_verbatim,Alta,false,
CNT-040,tipo_contenido,Meme / Imagen histórica,,C_REAL,,Baja,true,fuera de enum; requiere decision humana (OVERRIDES)
CNT-040,plataforma,Facebook,Facebook,A,exact_enum_match,Alta,false,
CNT-040,objetivo,Histórico / Reuse / Aprendizaje,Histórico / Reuse / Aprendizaje,FREE_TEXT,copy_verbatim,Alta,false,
CNT-040,hipotesis,,,FREE_TEXT,copy_verbatim,Alta,false,
CNT-040,estado,Histórico reconciliado — pendiente de decisión de reuse,,C_REAL,,Baja,true,fuera de enum; requiere decision humana (OVERRIDES)
CNT-040,prioridad,Alta,Alta,A,exact_enum_match,Alta,false,
CNT-040,dificultad_produccion,Baja,Baja,A,exact_enum_match,Alta,false,
CNT-040,reutilizable,Sí,Sí,A,exact_enum_match,Alta,false,
CNT-040,fecha_ultima_publicacion,2026-05-31,2026-05-31,A,iso_date_parse,Alta,false,
CNT-040,fuente,Operations/Research/2026-08-14_Reuse_Mayo_Ranking.csv,Operations/Research/2026-08-14_Reuse_Mayo_Ranking.csv,FREE_TEXT,copy_verbatim,Alta,false,
CNT-040,formato,Imagen,Imagen,FREE_TEXT,copy_verbatim,Alta,false,
CNT-040,categoria,Reuse / Histórico,,C_REAL,,Baja,true,fuera de enum; requiere decision humana (OVERRIDES)
CNT-040,bloqueado_canon,No evaluado; no modifica canon,,C_REAL,,Baja,true,fuera de enum; requiere decision humana (OVERRIDES)
CNT-040,estado_operacion_normalizado,Historical_Reconciled,,C_REAL,,Baja,true,fuera de enum; requiere decision humana (OVERRIDES)
CNT-040,estado_canon_normalizado,Canon_Clear_or_Unverified,Canon_Clear_or_Unverified,A,exact_enum_match,Alta,false,
CNT-040,asset_ref_confirmado,622,622,FREE_TEXT,copy_verbatim,Alta,false,
CNT-040,asset_ref_candidato,,,FREE_TEXT,copy_verbatim,Alta,false,
CNT-040,reconciliacion_estado,Resolved_Historical_Asset,,C_REAL,,Baja,true,fuera de enum; requiere decision humana (OVERRIDES)
CNT-040,reconciliacion_confianza,High,High,A,exact_enum_match,Alta,false,
CNT-040,reconciliacion_fuente,Reuse ranking + Drive 05 Mayo + Meta best_post_id,Reuse ranking + Drive 05 Mayo + Meta best_post_id,FREE_TEXT,copy_verbatim,Alta,false,
CNT-040,reconciliacion_nota,Filename exacto; Drive ID 1Jo-NLnIFPqyZ0Q9DnTopxJ2b89wr8aj3; Meta ID 1036844829507460_122125185207072582; ranking Reuse_Top28. La referencia 260508 comparte código con otra variante histórica y se conserva como CNT separado por filename. CNT creado sin aprobación canónica.,Filename exacto; Drive ID 1Jo-NLnIFPqyZ0Q9DnTopxJ2b89wr8aj3; Meta ID 1036844829507460_122125185207072582; ranking Reuse_Top28. La referencia 260508 comparte código con otra variante histórica y se conserva como CNT separado por filename. CNT creado sin aprobación canónica.,FREE_TEXT,copy_verbatim,Alta,false,
CNT-040,registro_relacionado,,,FREE_TEXT,copy_verbatim,Alta,false,
CNT-040,drive_reference_id,1Jo-NLnIFPqyZ0Q9DnTopxJ2b89wr8aj3,1Jo-NLnIFPqyZ0Q9DnTopxJ2b89wr8aj3,FREE_TEXT,copy_verbatim,Alta,false,
CNT-040,meta_publication_id,1036844829507460_122125185207072582,1036844829507460_122125185207072582,FREE_TEXT,copy_verbatim,Alta,false,
CNT-040,meta_permalink,,,FREE_TEXT,copy_verbatim,Alta,false,
CNT-040,asset_set,,,FREE_TEXT,copy_verbatim,Alta,false,
CNT-040,asset_ref,,,FREE_TEXT,copy_verbatim,Alta,false,
CNT-040,asset_filename,,,FREE_TEXT,copy_verbatim,Alta,false,
CNT-040,drive_id,,,FREE_TEXT,copy_verbatim,Alta,false,
CNT-040,estado_canon,,,FREE_TEXT,copy_verbatim,Alta,false,
CNT-040,estado_produccion,,,FREE_TEXT,copy_verbatim,Alta,false,
CNT-040,estado_publicacion,,,FREE_TEXT,copy_verbatim,Alta,false,
CNT-040,ultima_sincronizacion,,,FREE_TEXT,copy_verbatim,Alta,false,
CNT-040,motivo_revision_normalizado,,,FREE_TEXT,copy_verbatim,Alta,false,
CNT-040,personaje_principal_normalizado,Universe,Universe,FREE_TEXT,copy_verbatim,Alta,false,
CNT-040,personajes_secundarios_normalizados,Ninguno,Ninguno,FREE_TEXT,copy_verbatim,Alta,false,
CNT-040,rol_narrativo,Protagonista,Protagonista,FREE_TEXT,copy_verbatim,Alta,false,
CNT-040,tipo_humor_normalizado,Existencial o absurdo,Existencial o absurdo,FREE_TEXT,copy_verbatim,Alta,false,
CNT-040,potencial_etiquetado,Medio,Medio,FREE_TEXT,copy_verbatim,Alta,false,
CNT-040,confianza_taxonomia,Alta,Alta,FREE_TEXT,copy_verbatim,Alta,false,
CNT-040,fuente_taxonomia,Inventario + reglas taxonómicas,Inventario + reglas taxonómicas,FREE_TEXT,copy_verbatim,Alta,false,
CNT-040,nota_taxonomia,No sustituye canon; revisar si la confianza es Media o Baja.,No sustituye canon; revisar si la confianza es Media o Baja.,FREE_TEXT,copy_verbatim,Alta,false,
CNT-040,es_historico,,,FREE_TEXT,copy_verbatim,Alta,false,
CNT-041,id,CNT-041,CNT-041,FREE_TEXT,copy_verbatim,Alta,false,
CNT-041,titulo,Histórico reuse — 741 - Elara+Maeve.png,Histórico reuse — 741 - Elara+Maeve.png,FREE_TEXT,copy_verbatim,Alta,false,
CNT-041,personaje_principal,@char_USM_elara,@char_USM_elara,FREE_TEXT,copy_verbatim,Alta,false,
CNT-041,personajes_secundarios,@char_USM_maeve,@char_USM_maeve,FREE_TEXT,copy_verbatim,Alta,false,
CNT-041,tipo_contenido,Meme / Imagen histórica,,C_REAL,,Baja,true,fuera de enum; requiere decision humana (OVERRIDES)
CNT-041,plataforma,Facebook,Facebook,A,exact_enum_match,Alta,false,
CNT-041,objetivo,Histórico / Reuse / Aprendizaje,Histórico / Reuse / Aprendizaje,FREE_TEXT,copy_verbatim,Alta,false,
CNT-041,hipotesis,,,FREE_TEXT,copy_verbatim,Alta,false,
CNT-041,estado,Histórico reconciliado — pendiente de decisión de reuse,,C_REAL,,Baja,true,fuera de enum; requiere decision humana (OVERRIDES)
CNT-041,prioridad,Alta,Alta,A,exact_enum_match,Alta,false,
CNT-041,dificultad_produccion,Baja,Baja,A,exact_enum_match,Alta,false,
CNT-041,reutilizable,Sí,Sí,A,exact_enum_match,Alta,false,
CNT-041,fecha_ultima_publicacion,2026-05-02,2026-05-02,A,iso_date_parse,Alta,false,
CNT-041,fuente,Operations/Research/2026-08-14_Reuse_Mayo_Ranking.csv,Operations/Research/2026-08-14_Reuse_Mayo_Ranking.csv,FREE_TEXT,copy_verbatim,Alta,false,
CNT-041,formato,Imagen,Imagen,FREE_TEXT,copy_verbatim,Alta,false,
CNT-041,categoria,Reuse / Histórico,,C_REAL,,Baja,true,fuera de enum; requiere decision humana (OVERRIDES)
CNT-041,bloqueado_canon,No evaluado; no modifica canon,,C_REAL,,Baja,true,fuera de enum; requiere decision humana (OVERRIDES)
CNT-041,estado_operacion_normalizado,Historical_Reconciled,,C_REAL,,Baja,true,fuera de enum; requiere decision humana (OVERRIDES)
CNT-041,estado_canon_normalizado,Canon_Clear_or_Unverified,Canon_Clear_or_Unverified,A,exact_enum_match,Alta,false,
CNT-041,asset_ref_confirmado,741,741,FREE_TEXT,copy_verbatim,Alta,false,
CNT-041,asset_ref_candidato,,,FREE_TEXT,copy_verbatim,Alta,false,
CNT-041,reconciliacion_estado,Resolved_Historical_Asset,,C_REAL,,Baja,true,fuera de enum; requiere decision humana (OVERRIDES)
CNT-041,reconciliacion_confianza,High,High,A,exact_enum_match,Alta,false,
CNT-041,reconciliacion_fuente,Reuse ranking + Drive 05 Mayo + Meta best_post_id,Reuse ranking + Drive 05 Mayo + Meta best_post_id,FREE_TEXT,copy_verbatim,Alta,false,
CNT-041,reconciliacion_nota,Filename exacto; Drive ID 1kjnBWYqorukEjwwEhIrlTkeVJzZyoQ7e; Meta ID 1036844829507460_122117421531072582; ranking Reuse_Top28. La referencia 260508 comparte código con otra variante histórica y se conserva como CNT separado por filename. CNT creado sin aprobación canónica.,Filename exacto; Drive ID 1kjnBWYqorukEjwwEhIrlTkeVJzZyoQ7e; Meta ID 1036844829507460_122117421531072582; ranking Reuse_Top28. La referencia 260508 comparte código con otra variante histórica y se conserva como CNT separado por filename. CNT creado sin aprobación canónica.,FREE_TEXT,copy_verbatim,Alta,false,
CNT-041,registro_relacionado,,,FREE_TEXT,copy_verbatim,Alta,false,
CNT-041,drive_reference_id,1kjnBWYqorukEjwwEhIrlTkeVJzZyoQ7e,1kjnBWYqorukEjwwEhIrlTkeVJzZyoQ7e,FREE_TEXT,copy_verbatim,Alta,false,
CNT-041,meta_publication_id,1036844829507460_122117421531072582,1036844829507460_122117421531072582,FREE_TEXT,copy_verbatim,Alta,false,
CNT-041,meta_permalink,,,FREE_TEXT,copy_verbatim,Alta,false,
CNT-041,asset_set,,,FREE_TEXT,copy_verbatim,Alta,false,
CNT-041,asset_ref,,,FREE_TEXT,copy_verbatim,Alta,false,
CNT-041,asset_filename,,,FREE_TEXT,copy_verbatim,Alta,false,
CNT-041,drive_id,,,FREE_TEXT,copy_verbatim,Alta,false,
CNT-041,estado_canon,,,FREE_TEXT,copy_verbatim,Alta,false,
CNT-041,estado_produccion,,,FREE_TEXT,copy_verbatim,Alta,false,
CNT-041,estado_publicacion,,,FREE_TEXT,copy_verbatim,Alta,false,
CNT-041,ultima_sincronizacion,,,FREE_TEXT,copy_verbatim,Alta,false,
CNT-041,motivo_revision_normalizado,,,FREE_TEXT,copy_verbatim,Alta,false,
CNT-041,personaje_principal_normalizado,Elara,Elara,FREE_TEXT,copy_verbatim,Alta,false,
CNT-041,personajes_secundarios_normalizados,Maeve,Maeve,FREE_TEXT,copy_verbatim,Alta,false,
CNT-041,rol_narrativo,Dúo o pareja,Dúo o pareja,FREE_TEXT,copy_verbatim,Alta,false,
CNT-041,tipo_humor_normalizado,No determinado,No determinado,FREE_TEXT,copy_verbatim,Alta,false,
CNT-041,potencial_etiquetado,Medio,Medio,FREE_TEXT,copy_verbatim,Alta,false,
CNT-041,confianza_taxonomia,Alta,Alta,FREE_TEXT,copy_verbatim,Alta,false,
CNT-041,fuente_taxonomia,Inventario + reglas taxonómicas,Inventario + reglas taxonómicas,FREE_TEXT,copy_verbatim,Alta,false,
CNT-041,nota_taxonomia,No sustituye canon; revisar si la confianza es Media o Baja.,No sustituye canon; revisar si la confianza es Media o Baja.,FREE_TEXT,copy_verbatim,Alta,false,
CNT-041,es_historico,,,FREE_TEXT,copy_verbatim,Alta,false,
CNT-042,id,CNT-042,CNT-042,FREE_TEXT,copy_verbatim,Alta,false,
CNT-042,titulo,Histórico reuse — 260508 - Universe.jpg,Histórico reuse — 260508 - Universe.jpg,FREE_TEXT,copy_verbatim,Alta,false,
CNT-042,personaje_principal,@char_USM_universe,@char_USM_universe,FREE_TEXT,copy_verbatim,Alta,false,
CNT-042,personajes_secundarios,,,FREE_TEXT,copy_verbatim,Alta,false,
CNT-042,tipo_contenido,Meme / Imagen histórica,,C_REAL,,Baja,true,fuera de enum; requiere decision humana (OVERRIDES)
CNT-042,plataforma,Facebook,Facebook,A,exact_enum_match,Alta,false,
CNT-042,objetivo,Histórico / Reuse / Aprendizaje,Histórico / Reuse / Aprendizaje,FREE_TEXT,copy_verbatim,Alta,false,
CNT-042,hipotesis,,,FREE_TEXT,copy_verbatim,Alta,false,
CNT-042,estado,Histórico reconciliado — pendiente de decisión de reuse,,C_REAL,,Baja,true,fuera de enum; requiere decision humana (OVERRIDES)
CNT-042,prioridad,Alta,Alta,A,exact_enum_match,Alta,false,
CNT-042,dificultad_produccion,Baja,Baja,A,exact_enum_match,Alta,false,
CNT-042,reutilizable,Sí,Sí,A,exact_enum_match,Alta,false,
CNT-042,fecha_ultima_publicacion,2026-05-01,2026-05-01,A,iso_date_parse,Alta,false,
CNT-042,fuente,Operations/Research/2026-08-14_Reuse_Mayo_Ranking.csv,Operations/Research/2026-08-14_Reuse_Mayo_Ranking.csv,FREE_TEXT,copy_verbatim,Alta,false,
CNT-042,formato,Imagen,Imagen,FREE_TEXT,copy_verbatim,Alta,false,
CNT-042,categoria,Reuse / Histórico,,C_REAL,,Baja,true,fuera de enum; requiere decision humana (OVERRIDES)
CNT-042,bloqueado_canon,No evaluado; no modifica canon,,C_REAL,,Baja,true,fuera de enum; requiere decision humana (OVERRIDES)
CNT-042,estado_operacion_normalizado,Historical_Reconciled,,C_REAL,,Baja,true,fuera de enum; requiere decision humana (OVERRIDES)
CNT-042,estado_canon_normalizado,Canon_Clear_or_Unverified,Canon_Clear_or_Unverified,A,exact_enum_match,Alta,false,
CNT-042,asset_ref_confirmado,260508,260508,FREE_TEXT,copy_verbatim,Alta,false,
CNT-042,asset_ref_candidato,,,FREE_TEXT,copy_verbatim,Alta,false,
CNT-042,reconciliacion_estado,Resolved_Historical_Asset,,C_REAL,,Baja,true,fuera de enum; requiere decision humana (OVERRIDES)
CNT-042,reconciliacion_confianza,High,High,A,exact_enum_match,Alta,false,
CNT-042,reconciliacion_fuente,Reuse ranking + Drive 05 Mayo + Meta best_post_id,Reuse ranking + Drive 05 Mayo + Meta best_post_id,FREE_TEXT,copy_verbatim,Alta,false,
CNT-042,reconciliacion_nota,Filename exacto; Drive ID 1c_AQFPbigiR39cH7f39h2MzCFvQL799b; Meta ID 1036844829507460_122117393139072582; ranking Reuse_Top28. La referencia 260508 comparte código con otra variante histórica y se conserva como CNT separado por filename. CNT creado sin aprobación canónica.,Filename exacto; Drive ID 1c_AQFPbigiR39cH7f39h2MzCFvQL799b; Meta ID 1036844829507460_122117393139072582; ranking Reuse_Top28. La referencia 260508 comparte código con otra variante histórica y se conserva como CNT separado por filename. CNT creado sin aprobación canónica.,FREE_TEXT,copy_verbatim,Alta,false,
CNT-042,registro_relacionado,,,FREE_TEXT,copy_verbatim,Alta,false,
CNT-042,drive_reference_id,1c_AQFPbigiR39cH7f39h2MzCFvQL799b,1c_AQFPbigiR39cH7f39h2MzCFvQL799b,FREE_TEXT,copy_verbatim,Alta,false,
CNT-042,meta_publication_id,1036844829507460_122117393139072582,1036844829507460_122117393139072582,FREE_TEXT,copy_verbatim,Alta,false,
CNT-042,meta_permalink,,,FREE_TEXT,copy_verbatim,Alta,false,
CNT-042,asset_set,,,FREE_TEXT,copy_verbatim,Alta,false,
CNT-042,asset_ref,,,FREE_TEXT,copy_verbatim,Alta,false,
CNT-042,asset_filename,,,FREE_TEXT,copy_verbatim,Alta,false,
CNT-042,drive_id,,,FREE_TEXT,copy_verbatim,Alta,false,
CNT-042,estado_canon,,,FREE_TEXT,copy_verbatim,Alta,false,
CNT-042,estado_produccion,,,FREE_TEXT,copy_verbatim,Alta,false,
CNT-042,estado_publicacion,,,FREE_TEXT,copy_verbatim,Alta,false,
CNT-042,ultima_sincronizacion,,,FREE_TEXT,copy_verbatim,Alta,false,
CNT-042,motivo_revision_normalizado,,,FREE_TEXT,copy_verbatim,Alta,false,
CNT-042,personaje_principal_normalizado,Universe,Universe,FREE_TEXT,copy_verbatim,Alta,false,
CNT-042,personajes_secundarios_normalizados,Ninguno,Ninguno,FREE_TEXT,copy_verbatim,Alta,false,
CNT-042,rol_narrativo,Protagonista,Protagonista,FREE_TEXT,copy_verbatim,Alta,false,
CNT-042,tipo_humor_normalizado,No determinado,No determinado,FREE_TEXT,copy_verbatim,Alta,false,
CNT-042,potencial_etiquetado,Medio,Medio,FREE_TEXT,copy_verbatim,Alta,false,
CNT-042,confianza_taxonomia,Alta,Alta,FREE_TEXT,copy_verbatim,Alta,false,
CNT-042,fuente_taxonomia,Inventario + reglas taxonómicas,Inventario + reglas taxonómicas,FREE_TEXT,copy_verbatim,Alta,false,
CNT-042,nota_taxonomia,No sustituye canon; revisar si la confianza es Media o Baja.,No sustituye canon; revisar si la confianza es Media o Baja.,FREE_TEXT,copy_verbatim,Alta,false,
CNT-042,es_historico,,,FREE_TEXT,copy_verbatim,Alta,false,
CNT-043,id,CNT-043,CNT-043,FREE_TEXT,copy_verbatim,Alta,false,
CNT-043,titulo,Histórico reuse — Universe - Existencial 260508.png,Histórico reuse — Universe - Existencial 260508.png,FREE_TEXT,copy_verbatim,Alta,false,
CNT-043,personaje_principal,@char_USM_universe,@char_USM_universe,FREE_TEXT,copy_verbatim,Alta,false,
CNT-043,personajes_secundarios,,,FREE_TEXT,copy_verbatim,Alta,false,
CNT-043,tipo_contenido,Meme / Imagen histórica,,C_REAL,,Baja,true,fuera de enum; requiere decision humana (OVERRIDES)
CNT-043,plataforma,Facebook,Facebook,A,exact_enum_match,Alta,false,
CNT-043,objetivo,Histórico / Reuse / Aprendizaje,Histórico / Reuse / Aprendizaje,FREE_TEXT,copy_verbatim,Alta,false,
CNT-043,hipotesis,,,FREE_TEXT,copy_verbatim,Alta,false,
CNT-043,estado,Histórico reconciliado — pendiente de decisión de reuse,,C_REAL,,Baja,true,fuera de enum; requiere decision humana (OVERRIDES)
CNT-043,prioridad,Alta,Alta,A,exact_enum_match,Alta,false,
CNT-043,dificultad_produccion,Baja,Baja,A,exact_enum_match,Alta,false,
CNT-043,reutilizable,Sí,Sí,A,exact_enum_match,Alta,false,
CNT-043,fecha_ultima_publicacion,2026-05-04,2026-05-04,A,iso_date_parse,Alta,false,
CNT-043,fuente,Operations/Research/2026-08-14_Reuse_Mayo_Ranking.csv,Operations/Research/2026-08-14_Reuse_Mayo_Ranking.csv,FREE_TEXT,copy_verbatim,Alta,false,
CNT-043,formato,Imagen,Imagen,FREE_TEXT,copy_verbatim,Alta,false,
CNT-043,categoria,Reuse / Histórico,,C_REAL,,Baja,true,fuera de enum; requiere decision humana (OVERRIDES)
CNT-043,bloqueado_canon,No evaluado; no modifica canon,,C_REAL,,Baja,true,fuera de enum; requiere decision humana (OVERRIDES)
CNT-043,estado_operacion_normalizado,Historical_Reconciled,,C_REAL,,Baja,true,fuera de enum; requiere decision humana (OVERRIDES)
CNT-043,estado_canon_normalizado,Canon_Clear_or_Unverified,Canon_Clear_or_Unverified,A,exact_enum_match,Alta,false,
CNT-043,asset_ref_confirmado,260508,260508,FREE_TEXT,copy_verbatim,Alta,false,
CNT-043,asset_ref_candidato,,,FREE_TEXT,copy_verbatim,Alta,false,
CNT-043,reconciliacion_estado,Resolved_Historical_Asset,,C_REAL,,Baja,true,fuera de enum; requiere decision humana (OVERRIDES)
CNT-043,reconciliacion_confianza,High,High,A,exact_enum_match,Alta,false,
CNT-043,reconciliacion_fuente,Reuse ranking + Drive 05 Mayo + Meta best_post_id,Reuse ranking + Drive 05 Mayo + Meta best_post_id,FREE_TEXT,copy_verbatim,Alta,false,
CNT-043,reconciliacion_nota,Filename exacto; Drive ID 1eVre3AC1EjmEUPHKMjVRbQ3efXtYyh-8; Meta ID 1036844829507460_122117731467072582; ranking Reuse_Top28. La referencia 260508 comparte código con otra variante histórica y se conserva como CNT separado por filename. CNT creado sin aprobación canónica.,Filename exacto; Drive ID 1eVre3AC1EjmEUPHKMjVRbQ3efXtYyh-8; Meta ID 1036844829507460_122117731467072582; ranking Reuse_Top28. La referencia 260508 comparte código con otra variante histórica y se conserva como CNT separado por filename. CNT creado sin aprobación canónica.,FREE_TEXT,copy_verbatim,Alta,false,
CNT-043,registro_relacionado,,,FREE_TEXT,copy_verbatim,Alta,false,
CNT-043,drive_reference_id,1eVre3AC1EjmEUPHKMjVRbQ3efXtYyh-8,1eVre3AC1EjmEUPHKMjVRbQ3efXtYyh-8,FREE_TEXT,copy_verbatim,Alta,false,
CNT-043,meta_publication_id,1036844829507460_122117731467072582,1036844829507460_122117731467072582,FREE_TEXT,copy_verbatim,Alta,false,
CNT-043,meta_permalink,,,FREE_TEXT,copy_verbatim,Alta,false,
CNT-043,asset_set,,,FREE_TEXT,copy_verbatim,Alta,false,
CNT-043,asset_ref,,,FREE_TEXT,copy_verbatim,Alta,false,
CNT-043,asset_filename,,,FREE_TEXT,copy_verbatim,Alta,false,
CNT-043,drive_id,,,FREE_TEXT,copy_verbatim,Alta,false,
CNT-043,estado_canon,,,FREE_TEXT,copy_verbatim,Alta,false,
CNT-043,estado_produccion,,,FREE_TEXT,copy_verbatim,Alta,false,
CNT-043,estado_publicacion,,,FREE_TEXT,copy_verbatim,Alta,false,
CNT-043,ultima_sincronizacion,,,FREE_TEXT,copy_verbatim,Alta,false,
CNT-043,motivo_revision_normalizado,,,FREE_TEXT,copy_verbatim,Alta,false,
CNT-043,personaje_principal_normalizado,Universe,Universe,FREE_TEXT,copy_verbatim,Alta,false,
CNT-043,personajes_secundarios_normalizados,Ninguno,Ninguno,FREE_TEXT,copy_verbatim,Alta,false,
CNT-043,rol_narrativo,Protagonista,Protagonista,FREE_TEXT,copy_verbatim,Alta,false,
CNT-043,tipo_humor_normalizado,Existencial o absurdo,Existencial o absurdo,FREE_TEXT,copy_verbatim,Alta,false,
CNT-043,potencial_etiquetado,Medio,Medio,FREE_TEXT,copy_verbatim,Alta,false,
CNT-043,confianza_taxonomia,Alta,Alta,FREE_TEXT,copy_verbatim,Alta,false,
CNT-043,fuente_taxonomia,Inventario + reglas taxonómicas,Inventario + reglas taxonómicas,FREE_TEXT,copy_verbatim,Alta,false,
CNT-043,nota_taxonomia,No sustituye canon; revisar si la confianza es Media o Baja.,No sustituye canon; revisar si la confianza es Media o Baja.,FREE_TEXT,copy_verbatim,Alta,false,
CNT-043,es_historico,,,FREE_TEXT,copy_verbatim,Alta,false,
CNT-044,id,CNT-044,CNT-044,FREE_TEXT,copy_verbatim,Alta,false,
CNT-044,titulo,Histórico reuse — 260510 - Universe.png,Histórico reuse — 260510 - Universe.png,FREE_TEXT,copy_verbatim,Alta,false,
CNT-044,personaje_principal,@char_USM_universe,@char_USM_universe,FREE_TEXT,copy_verbatim,Alta,false,
CNT-044,personajes_secundarios,,,FREE_TEXT,copy_verbatim,Alta,false,
CNT-044,tipo_contenido,Meme / Imagen histórica,,C_REAL,,Baja,true,fuera de enum; requiere decision humana (OVERRIDES)
CNT-044,plataforma,Facebook,Facebook,A,exact_enum_match,Alta,false,
CNT-044,objetivo,Histórico / Reuse / Aprendizaje,Histórico / Reuse / Aprendizaje,FREE_TEXT,copy_verbatim,Alta,false,
CNT-044,hipotesis,,,FREE_TEXT,copy_verbatim,Alta,false,
CNT-044,estado,Histórico reconciliado — pendiente de decisión de reuse,,C_REAL,,Baja,true,fuera de enum; requiere decision humana (OVERRIDES)
CNT-044,prioridad,Alta,Alta,A,exact_enum_match,Alta,false,
CNT-044,dificultad_produccion,Baja,Baja,A,exact_enum_match,Alta,false,
CNT-044,reutilizable,Sí,Sí,A,exact_enum_match,Alta,false,
CNT-044,fecha_ultima_publicacion,2026-05-05,2026-05-05,A,iso_date_parse,Alta,false,
CNT-044,fuente,Operations/Research/2026-08-14_Reuse_Mayo_Ranking.csv,Operations/Research/2026-08-14_Reuse_Mayo_Ranking.csv,FREE_TEXT,copy_verbatim,Alta,false,
CNT-044,formato,Imagen,Imagen,FREE_TEXT,copy_verbatim,Alta,false,
CNT-044,categoria,Reuse / Histórico,,C_REAL,,Baja,true,fuera de enum; requiere decision humana (OVERRIDES)
CNT-044,bloqueado_canon,No evaluado; no modifica canon,,C_REAL,,Baja,true,fuera de enum; requiere decision humana (OVERRIDES)
CNT-044,estado_operacion_normalizado,Historical_Reconciled,,C_REAL,,Baja,true,fuera de enum; requiere decision humana (OVERRIDES)
CNT-044,estado_canon_normalizado,Canon_Clear_or_Unverified,Canon_Clear_or_Unverified,A,exact_enum_match,Alta,false,
CNT-044,asset_ref_confirmado,260510,260510,FREE_TEXT,copy_verbatim,Alta,false,
CNT-044,asset_ref_candidato,,,FREE_TEXT,copy_verbatim,Alta,false,
CNT-044,reconciliacion_estado,Resolved_Historical_Asset,,C_REAL,,Baja,true,fuera de enum; requiere decision humana (OVERRIDES)
CNT-044,reconciliacion_confianza,High,High,A,exact_enum_match,Alta,false,
CNT-044,reconciliacion_fuente,Reuse ranking + Drive 05 Mayo + Meta best_post_id,Reuse ranking + Drive 05 Mayo + Meta best_post_id,FREE_TEXT,copy_verbatim,Alta,false,
CNT-044,reconciliacion_nota,Filename exacto; Drive ID 1IN_JJXhuuswam_TjDvwHgPSeHeiT847o; Meta ID 1036844829507460_122117751393072582; ranking Reuse_Top28. La referencia 260508 comparte código con otra variante histórica y se conserva como CNT separado por filename. CNT creado sin aprobación canónica.,Filename exacto; Drive ID 1IN_JJXhuuswam_TjDvwHgPSeHeiT847o; Meta ID 1036844829507460_122117751393072582; ranking Reuse_Top28. La referencia 260508 comparte código con otra variante histórica y se conserva como CNT separado por filename. CNT creado sin aprobación canónica.,FREE_TEXT,copy_verbatim,Alta,false,
CNT-044,registro_relacionado,,,FREE_TEXT,copy_verbatim,Alta,false,
CNT-044,drive_reference_id,1IN_JJXhuuswam_TjDvwHgPSeHeiT847o,1IN_JJXhuuswam_TjDvwHgPSeHeiT847o,FREE_TEXT,copy_verbatim,Alta,false,
CNT-044,meta_publication_id,1036844829507460_122117751393072582,1036844829507460_122117751393072582,FREE_TEXT,copy_verbatim,Alta,false,
CNT-044,meta_permalink,,,FREE_TEXT,copy_verbatim,Alta,false,
CNT-044,asset_set,,,FREE_TEXT,copy_verbatim,Alta,false,
CNT-044,asset_ref,,,FREE_TEXT,copy_verbatim,Alta,false,
CNT-044,asset_filename,,,FREE_TEXT,copy_verbatim,Alta,false,
CNT-044,drive_id,,,FREE_TEXT,copy_verbatim,Alta,false,
CNT-044,estado_canon,,,FREE_TEXT,copy_verbatim,Alta,false,
CNT-044,estado_produccion,,,FREE_TEXT,copy_verbatim,Alta,false,
CNT-044,estado_publicacion,,,FREE_TEXT,copy_verbatim,Alta,false,
CNT-044,ultima_sincronizacion,,,FREE_TEXT,copy_verbatim,Alta,false,
CNT-044,motivo_revision_normalizado,,,FREE_TEXT,copy_verbatim,Alta,false,
CNT-044,personaje_principal_normalizado,Universe,Universe,FREE_TEXT,copy_verbatim,Alta,false,
CNT-044,personajes_secundarios_normalizados,Ninguno,Ninguno,FREE_TEXT,copy_verbatim,Alta,false,
CNT-044,rol_narrativo,Protagonista,Protagonista,FREE_TEXT,copy_verbatim,Alta,false,
CNT-044,tipo_humor_normalizado,No determinado,No determinado,FREE_TEXT,copy_verbatim,Alta,false,
CNT-044,potencial_etiquetado,Medio,Medio,FREE_TEXT,copy_verbatim,Alta,false,
CNT-044,confianza_taxonomia,Alta,Alta,FREE_TEXT,copy_verbatim,Alta,false,
CNT-044,fuente_taxonomia,Inventario + reglas taxonómicas,Inventario + reglas taxonómicas,FREE_TEXT,copy_verbatim,Alta,false,
CNT-044,nota_taxonomia,No sustituye canon; revisar si la confianza es Media o Baja.,No sustituye canon; revisar si la confianza es Media o Baja.,FREE_TEXT,copy_verbatim,Alta,false,
CNT-044,es_historico,,,FREE_TEXT,copy_verbatim,Alta,false,
CNT-045,id,CNT-045,CNT-045,FREE_TEXT,copy_verbatim,Alta,false,
CNT-045,titulo,Histórico reuse — 260515 - Universe.png,Histórico reuse — 260515 - Universe.png,FREE_TEXT,copy_verbatim,Alta,false,
CNT-045,personaje_principal,@char_USM_universe,@char_USM_universe,FREE_TEXT,copy_verbatim,Alta,false,
CNT-045,personajes_secundarios,,,FREE_TEXT,copy_verbatim,Alta,false,
CNT-045,tipo_contenido,Meme / Imagen histórica,,C_REAL,,Baja,true,fuera de enum; requiere decision humana (OVERRIDES)
CNT-045,plataforma,Facebook,Facebook,A,exact_enum_match,Alta,false,
CNT-045,objetivo,Histórico / Reuse / Aprendizaje,Histórico / Reuse / Aprendizaje,FREE_TEXT,copy_verbatim,Alta,false,
CNT-045,hipotesis,,,FREE_TEXT,copy_verbatim,Alta,false,
CNT-045,estado,Histórico reconciliado — pendiente de decisión de reuse,,C_REAL,,Baja,true,fuera de enum; requiere decision humana (OVERRIDES)
CNT-045,prioridad,Alta,Alta,A,exact_enum_match,Alta,false,
CNT-045,dificultad_produccion,Baja,Baja,A,exact_enum_match,Alta,false,
CNT-045,reutilizable,Sí,Sí,A,exact_enum_match,Alta,false,
CNT-045,fecha_ultima_publicacion,2026-05-05,2026-05-05,A,iso_date_parse,Alta,false,
CNT-045,fuente,Operations/Research/2026-08-14_Reuse_Mayo_Ranking.csv,Operations/Research/2026-08-14_Reuse_Mayo_Ranking.csv,FREE_TEXT,copy_verbatim,Alta,false,
CNT-045,formato,Imagen,Imagen,FREE_TEXT,copy_verbatim,Alta,false,
CNT-045,categoria,Reuse / Histórico,,C_REAL,,Baja,true,fuera de enum; requiere decision humana (OVERRIDES)
CNT-045,bloqueado_canon,No evaluado; no modifica canon,,C_REAL,,Baja,true,fuera de enum; requiere decision humana (OVERRIDES)
CNT-045,estado_operacion_normalizado,Historical_Reconciled,,C_REAL,,Baja,true,fuera de enum; requiere decision humana (OVERRIDES)
CNT-045,estado_canon_normalizado,Canon_Clear_or_Unverified,Canon_Clear_or_Unverified,A,exact_enum_match,Alta,false,
CNT-045,asset_ref_confirmado,260515,260515,FREE_TEXT,copy_verbatim,Alta,false,
CNT-045,asset_ref_candidato,,,FREE_TEXT,copy_verbatim,Alta,false,
CNT-045,reconciliacion_estado,Resolved_Historical_Asset,,C_REAL,,Baja,true,fuera de enum; requiere decision humana (OVERRIDES)
CNT-045,reconciliacion_confianza,High,High,A,exact_enum_match,Alta,false,
CNT-045,reconciliacion_fuente,Reuse ranking + Drive 05 Mayo + Meta best_post_id,Reuse ranking + Drive 05 Mayo + Meta best_post_id,FREE_TEXT,copy_verbatim,Alta,false,
CNT-045,reconciliacion_nota,Filename exacto; Drive ID 1wlOLNcrP4Z-bhYq_Pp7Azgg9jWVxdzSW; Meta ID 1036844829507460_122118254373072582; ranking Reuse_Top28. La referencia 260508 comparte código con otra variante histórica y se conserva como CNT separado por filename. CNT creado sin aprobación canónica.,Filename exacto; Drive ID 1wlOLNcrP4Z-bhYq_Pp7Azgg9jWVxdzSW; Meta ID 1036844829507460_122118254373072582; ranking Reuse_Top28. La referencia 260508 comparte código con otra variante histórica y se conserva como CNT separado por filename. CNT creado sin aprobación canónica.,FREE_TEXT,copy_verbatim,Alta,false,
CNT-045,registro_relacionado,,,FREE_TEXT,copy_verbatim,Alta,false,
CNT-045,drive_reference_id,1wlOLNcrP4Z-bhYq_Pp7Azgg9jWVxdzSW,1wlOLNcrP4Z-bhYq_Pp7Azgg9jWVxdzSW,FREE_TEXT,copy_verbatim,Alta,false,
CNT-045,meta_publication_id,1036844829507460_122118254373072582,1036844829507460_122118254373072582,FREE_TEXT,copy_verbatim,Alta,false,
CNT-045,meta_permalink,,,FREE_TEXT,copy_verbatim,Alta,false,
CNT-045,asset_set,,,FREE_TEXT,copy_verbatim,Alta,false,
CNT-045,asset_ref,,,FREE_TEXT,copy_verbatim,Alta,false,
CNT-045,asset_filename,,,FREE_TEXT,copy_verbatim,Alta,false,
CNT-045,drive_id,,,FREE_TEXT,copy_verbatim,Alta,false,
CNT-045,estado_canon,,,FREE_TEXT,copy_verbatim,Alta,false,
CNT-045,estado_produccion,,,FREE_TEXT,copy_verbatim,Alta,false,
CNT-045,estado_publicacion,,,FREE_TEXT,copy_verbatim,Alta,false,
CNT-045,ultima_sincronizacion,,,FREE_TEXT,copy_verbatim,Alta,false,
CNT-045,motivo_revision_normalizado,,,FREE_TEXT,copy_verbatim,Alta,false,
CNT-045,personaje_principal_normalizado,Universe,Universe,FREE_TEXT,copy_verbatim,Alta,false,
CNT-045,personajes_secundarios_normalizados,Ninguno,Ninguno,FREE_TEXT,copy_verbatim,Alta,false,
CNT-045,rol_narrativo,Protagonista,Protagonista,FREE_TEXT,copy_verbatim,Alta,false,
CNT-045,tipo_humor_normalizado,No determinado,No determinado,FREE_TEXT,copy_verbatim,Alta,false,
CNT-045,potencial_etiquetado,Medio,Medio,FREE_TEXT,copy_verbatim,Alta,false,
CNT-045,confianza_taxonomia,Alta,Alta,FREE_TEXT,copy_verbatim,Alta,false,
CNT-045,fuente_taxonomia,Inventario + reglas taxonómicas,Inventario + reglas taxonómicas,FREE_TEXT,copy_verbatim,Alta,false,
CNT-045,nota_taxonomia,No sustituye canon; revisar si la confianza es Media o Baja.,No sustituye canon; revisar si la confianza es Media o Baja.,FREE_TEXT,copy_verbatim,Alta,false,
CNT-045,es_historico,,,FREE_TEXT,copy_verbatim,Alta,false,
CNT-046,id,CNT-046,CNT-046,FREE_TEXT,copy_verbatim,Alta,false,
CNT-046,titulo,Histórico reuse — 260518 - Kael.png,Histórico reuse — 260518 - Kael.png,FREE_TEXT,copy_verbatim,Alta,false,
CNT-046,personaje_principal,@char_USM_kael,@char_USM_kael,FREE_TEXT,copy_verbatim,Alta,false,
CNT-046,personajes_secundarios,,,FREE_TEXT,copy_verbatim,Alta,false,
CNT-046,tipo_contenido,Meme / Imagen histórica,,C_REAL,,Baja,true,fuera de enum; requiere decision humana (OVERRIDES)
CNT-046,plataforma,Facebook,Facebook,A,exact_enum_match,Alta,false,
CNT-046,objetivo,Histórico / Reuse / Aprendizaje,Histórico / Reuse / Aprendizaje,FREE_TEXT,copy_verbatim,Alta,false,
CNT-046,hipotesis,,,FREE_TEXT,copy_verbatim,Alta,false,
CNT-046,estado,Histórico reconciliado — pendiente de decisión de reuse,,C_REAL,,Baja,true,fuera de enum; requiere decision humana (OVERRIDES)
CNT-046,prioridad,Alta,Alta,A,exact_enum_match,Alta,false,
CNT-046,dificultad_produccion,Baja,Baja,A,exact_enum_match,Alta,false,
CNT-046,reutilizable,Sí,Sí,A,exact_enum_match,Alta,false,
CNT-046,fecha_ultima_publicacion,2026-05-06,2026-05-06,A,iso_date_parse,Alta,false,
CNT-046,fuente,Operations/Research/2026-08-14_Reuse_Mayo_Ranking.csv,Operations/Research/2026-08-14_Reuse_Mayo_Ranking.csv,FREE_TEXT,copy_verbatim,Alta,false,
CNT-046,formato,Imagen,Imagen,FREE_TEXT,copy_verbatim,Alta,false,
CNT-046,categoria,Reuse / Histórico,,C_REAL,,Baja,true,fuera de enum; requiere decision humana (OVERRIDES)
CNT-046,bloqueado_canon,No evaluado; no modifica canon,,C_REAL,,Baja,true,fuera de enum; requiere decision humana (OVERRIDES)
CNT-046,estado_operacion_normalizado,Historical_Reconciled,,C_REAL,,Baja,true,fuera de enum; requiere decision humana (OVERRIDES)
CNT-046,estado_canon_normalizado,Canon_Clear_or_Unverified,Canon_Clear_or_Unverified,A,exact_enum_match,Alta,false,
CNT-046,asset_ref_confirmado,260518,260518,FREE_TEXT,copy_verbatim,Alta,false,
CNT-046,asset_ref_candidato,,,FREE_TEXT,copy_verbatim,Alta,false,
CNT-046,reconciliacion_estado,Resolved_Historical_Asset,,C_REAL,,Baja,true,fuera de enum; requiere decision humana (OVERRIDES)
CNT-046,reconciliacion_confianza,High,High,A,exact_enum_match,Alta,false,
CNT-046,reconciliacion_fuente,Reuse ranking + Drive 05 Mayo + Meta best_post_id,Reuse ranking + Drive 05 Mayo + Meta best_post_id,FREE_TEXT,copy_verbatim,Alta,false,
CNT-046,reconciliacion_nota,Filename exacto; Drive ID 1Af3hrPfGipHgisKzc5KcoXSlKXZht3xj; Meta ID 1036844829507460_122118353007072582; ranking Reuse_Top28. La referencia 260508 comparte código con otra variante histórica y se conserva como CNT separado por filename. CNT creado sin aprobación canónica.,Filename exacto; Drive ID 1Af3hrPfGipHgisKzc5KcoXSlKXZht3xj; Meta ID 1036844829507460_122118353007072582; ranking Reuse_Top28. La referencia 260508 comparte código con otra variante histórica y se conserva como CNT separado por filename. CNT creado sin aprobación canónica.,FREE_TEXT,copy_verbatim,Alta,false,
CNT-046,registro_relacionado,,,FREE_TEXT,copy_verbatim,Alta,false,
CNT-046,drive_reference_id,1Af3hrPfGipHgisKzc5KcoXSlKXZht3xj,1Af3hrPfGipHgisKzc5KcoXSlKXZht3xj,FREE_TEXT,copy_verbatim,Alta,false,
CNT-046,meta_publication_id,1036844829507460_122118353007072582,1036844829507460_122118353007072582,FREE_TEXT,copy_verbatim,Alta,false,
CNT-046,meta_permalink,,,FREE_TEXT,copy_verbatim,Alta,false,
CNT-046,asset_set,,,FREE_TEXT,copy_verbatim,Alta,false,
CNT-046,asset_ref,,,FREE_TEXT,copy_verbatim,Alta,false,
CNT-046,asset_filename,,,FREE_TEXT,copy_verbatim,Alta,false,
CNT-046,drive_id,,,FREE_TEXT,copy_verbatim,Alta,false,
CNT-046,estado_canon,,,FREE_TEXT,copy_verbatim,Alta,false,
CNT-046,estado_produccion,,,FREE_TEXT,copy_verbatim,Alta,false,
CNT-046,estado_publicacion,,,FREE_TEXT,copy_verbatim,Alta,false,
CNT-046,ultima_sincronizacion,,,FREE_TEXT,copy_verbatim,Alta,false,
CNT-046,motivo_revision_normalizado,,,FREE_TEXT,copy_verbatim,Alta,false,
CNT-046,personaje_principal_normalizado,Kael,Kael,FREE_TEXT,copy_verbatim,Alta,false,
CNT-046,personajes_secundarios_normalizados,Ninguno,Ninguno,FREE_TEXT,copy_verbatim,Alta,false,
CNT-046,rol_narrativo,Protagonista,Protagonista,FREE_TEXT,copy_verbatim,Alta,false,
CNT-046,tipo_humor_normalizado,No determinado,No determinado,FREE_TEXT,copy_verbatim,Alta,false,
CNT-046,potencial_etiquetado,Medio,Medio,FREE_TEXT,copy_verbatim,Alta,false,
CNT-046,confianza_taxonomia,Alta,Alta,FREE_TEXT,copy_verbatim,Alta,false,
CNT-046,fuente_taxonomia,Inventario + reglas taxonómicas,Inventario + reglas taxonómicas,FREE_TEXT,copy_verbatim,Alta,false,
CNT-046,nota_taxonomia,No sustituye canon; revisar si la confianza es Media o Baja.,No sustituye canon; revisar si la confianza es Media o Baja.,FREE_TEXT,copy_verbatim,Alta,false,
CNT-046,es_historico,,,FREE_TEXT,copy_verbatim,Alta,false,
CNT-047,id,CNT-047,CNT-047,FREE_TEXT,copy_verbatim,Alta,false,
CNT-047,titulo,Histórico reuse — 260527 - Universe.png,Histórico reuse — 260527 - Universe.png,FREE_TEXT,copy_verbatim,Alta,false,
CNT-047,personaje_principal,@char_USM_universe,@char_USM_universe,FREE_TEXT,copy_verbatim,Alta,false,
CNT-047,personajes_secundarios,,,FREE_TEXT,copy_verbatim,Alta,false,
CNT-047,tipo_contenido,Meme / Imagen histórica,,C_REAL,,Baja,true,fuera de enum; requiere decision humana (OVERRIDES)
CNT-047,plataforma,Facebook,Facebook,A,exact_enum_match,Alta,false,
CNT-047,objetivo,Histórico / Reuse / Aprendizaje,Histórico / Reuse / Aprendizaje,FREE_TEXT,copy_verbatim,Alta,false,
CNT-047,hipotesis,,,FREE_TEXT,copy_verbatim,Alta,false,
CNT-047,estado,Histórico reconciliado — pendiente de decisión de reuse,,C_REAL,,Baja,true,fuera de enum; requiere decision humana (OVERRIDES)
CNT-047,prioridad,Alta,Alta,A,exact_enum_match,Alta,false,
CNT-047,dificultad_produccion,Baja,Baja,A,exact_enum_match,Alta,false,
CNT-047,reutilizable,Sí,Sí,A,exact_enum_match,Alta,false,
CNT-047,fecha_ultima_publicacion,2026-05-08,2026-05-08,A,iso_date_parse,Alta,false,
CNT-047,fuente,Operations/Research/2026-08-14_Reuse_Mayo_Ranking.csv,Operations/Research/2026-08-14_Reuse_Mayo_Ranking.csv,FREE_TEXT,copy_verbatim,Alta,false,
CNT-047,formato,Imagen,Imagen,FREE_TEXT,copy_verbatim,Alta,false,
CNT-047,categoria,Reuse / Histórico,,C_REAL,,Baja,true,fuera de enum; requiere decision humana (OVERRIDES)
CNT-047,bloqueado_canon,No evaluado; no modifica canon,,C_REAL,,Baja,true,fuera de enum; requiere decision humana (OVERRIDES)
CNT-047,estado_operacion_normalizado,Historical_Reconciled,,C_REAL,,Baja,true,fuera de enum; requiere decision humana (OVERRIDES)
CNT-047,estado_canon_normalizado,Canon_Clear_or_Unverified,Canon_Clear_or_Unverified,A,exact_enum_match,Alta,false,
CNT-047,asset_ref_confirmado,260527,260527,FREE_TEXT,copy_verbatim,Alta,false,
CNT-047,asset_ref_candidato,,,FREE_TEXT,copy_verbatim,Alta,false,
CNT-047,reconciliacion_estado,Resolved_Historical_Asset,,C_REAL,,Baja,true,fuera de enum; requiere decision humana (OVERRIDES)
CNT-047,reconciliacion_confianza,High,High,A,exact_enum_match,Alta,false,
CNT-047,reconciliacion_fuente,Reuse ranking + Drive 05 Mayo + Meta best_post_id,Reuse ranking + Drive 05 Mayo + Meta best_post_id,FREE_TEXT,copy_verbatim,Alta,false,
CNT-047,reconciliacion_nota,Filename exacto; Drive ID 10pd1kRstf89Y28guEZabpjfun6H4GGG3; Meta ID 1036844829507460_122118739911072582; ranking Reuse_Top28. La referencia 260508 comparte código con otra variante histórica y se conserva como CNT separado por filename. CNT creado sin aprobación canónica.,Filename exacto; Drive ID 10pd1kRstf89Y28guEZabpjfun6H4GGG3; Meta ID 1036844829507460_122118739911072582; ranking Reuse_Top28. La referencia 260508 comparte código con otra variante histórica y se conserva como CNT separado por filename. CNT creado sin aprobación canónica.,FREE_TEXT,copy_verbatim,Alta,false,
CNT-047,registro_relacionado,,,FREE_TEXT,copy_verbatim,Alta,false,
CNT-047,drive_reference_id,10pd1kRstf89Y28guEZabpjfun6H4GGG3,10pd1kRstf89Y28guEZabpjfun6H4GGG3,FREE_TEXT,copy_verbatim,Alta,false,
CNT-047,meta_publication_id,1036844829507460_122118739911072582,1036844829507460_122118739911072582,FREE_TEXT,copy_verbatim,Alta,false,
CNT-047,meta_permalink,,,FREE_TEXT,copy_verbatim,Alta,false,
CNT-047,asset_set,,,FREE_TEXT,copy_verbatim,Alta,false,
CNT-047,asset_ref,,,FREE_TEXT,copy_verbatim,Alta,false,
CNT-047,asset_filename,,,FREE_TEXT,copy_verbatim,Alta,false,
CNT-047,drive_id,,,FREE_TEXT,copy_verbatim,Alta,false,
CNT-047,estado_canon,,,FREE_TEXT,copy_verbatim,Alta,false,
CNT-047,estado_produccion,,,FREE_TEXT,copy_verbatim,Alta,false,
CNT-047,estado_publicacion,,,FREE_TEXT,copy_verbatim,Alta,false,
CNT-047,ultima_sincronizacion,,,FREE_TEXT,copy_verbatim,Alta,false,
CNT-047,motivo_revision_normalizado,,,FREE_TEXT,copy_verbatim,Alta,false,
CNT-047,personaje_principal_normalizado,Universe,Universe,FREE_TEXT,copy_verbatim,Alta,false,
CNT-047,personajes_secundarios_normalizados,Ninguno,Ninguno,FREE_TEXT,copy_verbatim,Alta,false,
CNT-047,rol_narrativo,Protagonista,Protagonista,FREE_TEXT,copy_verbatim,Alta,false,
CNT-047,tipo_humor_normalizado,No determinado,No determinado,FREE_TEXT,copy_verbatim,Alta,false,
CNT-047,potencial_etiquetado,Medio,Medio,FREE_TEXT,copy_verbatim,Alta,false,
CNT-047,confianza_taxonomia,Alta,Alta,FREE_TEXT,copy_verbatim,Alta,false,
CNT-047,fuente_taxonomia,Inventario + reglas taxonómicas,Inventario + reglas taxonómicas,FREE_TEXT,copy_verbatim,Alta,false,
CNT-047,nota_taxonomia,No sustituye canon; revisar si la confianza es Media o Baja.,No sustituye canon; revisar si la confianza es Media o Baja.,FREE_TEXT,copy_verbatim,Alta,false,
CNT-047,es_historico,,,FREE_TEXT,copy_verbatim,Alta,false,
CNT-048,id,CNT-048,CNT-048,FREE_TEXT,copy_verbatim,Alta,false,
CNT-048,titulo,Histórico reuse — 260528 - Universe.png,Histórico reuse — 260528 - Universe.png,FREE_TEXT,copy_verbatim,Alta,false,
CNT-048,personaje_principal,@char_USM_universe,@char_USM_universe,FREE_TEXT,copy_verbatim,Alta,false,
CNT-048,personajes_secundarios,,,FREE_TEXT,copy_verbatim,Alta,false,
CNT-048,tipo_contenido,Meme / Imagen histórica,,C_REAL,,Baja,true,fuera de enum; requiere decision humana (OVERRIDES)
CNT-048,plataforma,Facebook,Facebook,A,exact_enum_match,Alta,false,
CNT-048,objetivo,Histórico / Reuse / Aprendizaje,Histórico / Reuse / Aprendizaje,FREE_TEXT,copy_verbatim,Alta,false,
CNT-048,hipotesis,,,FREE_TEXT,copy_verbatim,Alta,false,
CNT-048,estado,Histórico reconciliado — pendiente de decisión de reuse,,C_REAL,,Baja,true,fuera de enum; requiere decision humana (OVERRIDES)
CNT-048,prioridad,Alta,Alta,A,exact_enum_match,Alta,false,
CNT-048,dificultad_produccion,Baja,Baja,A,exact_enum_match,Alta,false,
CNT-048,reutilizable,Sí,Sí,A,exact_enum_match,Alta,false,
CNT-048,fecha_ultima_publicacion,2026-05-09,2026-05-09,A,iso_date_parse,Alta,false,
CNT-048,fuente,Operations/Research/2026-08-14_Reuse_Mayo_Ranking.csv,Operations/Research/2026-08-14_Reuse_Mayo_Ranking.csv,FREE_TEXT,copy_verbatim,Alta,false,
CNT-048,formato,Imagen,Imagen,FREE_TEXT,copy_verbatim,Alta,false,
CNT-048,categoria,Reuse / Histórico,,C_REAL,,Baja,true,fuera de enum; requiere decision humana (OVERRIDES)
CNT-048,bloqueado_canon,No evaluado; no modifica canon,,C_REAL,,Baja,true,fuera de enum; requiere decision humana (OVERRIDES)
CNT-048,estado_operacion_normalizado,Historical_Reconciled,,C_REAL,,Baja,true,fuera de enum; requiere decision humana (OVERRIDES)
CNT-048,estado_canon_normalizado,Canon_Clear_or_Unverified,Canon_Clear_or_Unverified,A,exact_enum_match,Alta,false,
CNT-048,asset_ref_confirmado,260528,260528,FREE_TEXT,copy_verbatim,Alta,false,
CNT-048,asset_ref_candidato,,,FREE_TEXT,copy_verbatim,Alta,false,
CNT-048,reconciliacion_estado,Resolved_Historical_Asset,,C_REAL,,Baja,true,fuera de enum; requiere decision humana (OVERRIDES)
CNT-048,reconciliacion_confianza,High,High,A,exact_enum_match,Alta,false,
CNT-048,reconciliacion_fuente,Reuse ranking + Drive 05 Mayo + Meta best_post_id,Reuse ranking + Drive 05 Mayo + Meta best_post_id,FREE_TEXT,copy_verbatim,Alta,false,
CNT-048,reconciliacion_nota,Filename exacto; Drive ID 1LmngFJ1-jK14sd65nqm2Jg2KSE3e5NMO; Meta ID 1036844829507460_122119022541072582; ranking Reuse_Top28. La referencia 260508 comparte código con otra variante histórica y se conserva como CNT separado por filename. CNT creado sin aprobación canónica.,Filename exacto; Drive ID 1LmngFJ1-jK14sd65nqm2Jg2KSE3e5NMO; Meta ID 1036844829507460_122119022541072582; ranking Reuse_Top28. La referencia 260508 comparte código con otra variante histórica y se conserva como CNT separado por filename. CNT creado sin aprobación canónica.,FREE_TEXT,copy_verbatim,Alta,false,
CNT-048,registro_relacionado,,,FREE_TEXT,copy_verbatim,Alta,false,
CNT-048,drive_reference_id,1LmngFJ1-jK14sd65nqm2Jg2KSE3e5NMO,1LmngFJ1-jK14sd65nqm2Jg2KSE3e5NMO,FREE_TEXT,copy_verbatim,Alta,false,
CNT-048,meta_publication_id,1036844829507460_122119022541072582,1036844829507460_122119022541072582,FREE_TEXT,copy_verbatim,Alta,false,
CNT-048,meta_permalink,,,FREE_TEXT,copy_verbatim,Alta,false,
CNT-048,asset_set,,,FREE_TEXT,copy_verbatim,Alta,false,
CNT-048,asset_ref,,,FREE_TEXT,copy_verbatim,Alta,false,
CNT-048,asset_filename,,,FREE_TEXT,copy_verbatim,Alta,false,
CNT-048,drive_id,,,FREE_TEXT,copy_verbatim,Alta,false,
CNT-048,estado_canon,,,FREE_TEXT,copy_verbatim,Alta,false,
CNT-048,estado_produccion,,,FREE_TEXT,copy_verbatim,Alta,false,
CNT-048,estado_publicacion,,,FREE_TEXT,copy_verbatim,Alta,false,
CNT-048,ultima_sincronizacion,,,FREE_TEXT,copy_verbatim,Alta,false,
CNT-048,motivo_revision_normalizado,,,FREE_TEXT,copy_verbatim,Alta,false,
CNT-048,personaje_principal_normalizado,Universe,Universe,FREE_TEXT,copy_verbatim,Alta,false,
CNT-048,personajes_secundarios_normalizados,Ninguno,Ninguno,FREE_TEXT,copy_verbatim,Alta,false,
CNT-048,rol_narrativo,Protagonista,Protagonista,FREE_TEXT,copy_verbatim,Alta,false,
CNT-048,tipo_humor_normalizado,No determinado,No determinado,FREE_TEXT,copy_verbatim,Alta,false,
CNT-048,potencial_etiquetado,Medio,Medio,FREE_TEXT,copy_verbatim,Alta,false,
CNT-048,confianza_taxonomia,Alta,Alta,FREE_TEXT,copy_verbatim,Alta,false,
CNT-048,fuente_taxonomia,Inventario + reglas taxonómicas,Inventario + reglas taxonómicas,FREE_TEXT,copy_verbatim,Alta,false,
CNT-048,nota_taxonomia,No sustituye canon; revisar si la confianza es Media o Baja.,No sustituye canon; revisar si la confianza es Media o Baja.,FREE_TEXT,copy_verbatim,Alta,false,
CNT-048,es_historico,,,FREE_TEXT,copy_verbatim,Alta,false,
CNT-049,id,CNT-049,CNT-049,FREE_TEXT,copy_verbatim,Alta,false,
CNT-049,titulo,Histórico reuse — 260540 - Elara.png,Histórico reuse — 260540 - Elara.png,FREE_TEXT,copy_verbatim,Alta,false,
CNT-049,personaje_principal,@char_USM_elara,@char_USM_elara,FREE_TEXT,copy_verbatim,Alta,false,
CNT-049,personajes_secundarios,,,FREE_TEXT,copy_verbatim,Alta,false,
CNT-049,tipo_contenido,Meme / Imagen histórica,,C_REAL,,Baja,true,fuera de enum; requiere decision humana (OVERRIDES)
CNT-049,plataforma,Facebook,Facebook,A,exact_enum_match,Alta,false,
CNT-049,objetivo,Histórico / Reuse / Aprendizaje,Histórico / Reuse / Aprendizaje,FREE_TEXT,copy_verbatim,Alta,false,
CNT-049,hipotesis,,,FREE_TEXT,copy_verbatim,Alta,false,
CNT-049,estado,Histórico reconciliado — pendiente de decisión de reuse,,C_REAL,,Baja,true,fuera de enum; requiere decision humana (OVERRIDES)
CNT-049,prioridad,Alta,Alta,A,exact_enum_match,Alta,false,
CNT-049,dificultad_produccion,Baja,Baja,A,exact_enum_match,Alta,false,
CNT-049,reutilizable,Sí,Sí,A,exact_enum_match,Alta,false,
CNT-049,fecha_ultima_publicacion,2026-05-11,2026-05-11,A,iso_date_parse,Alta,false,
CNT-049,fuente,Operations/Research/2026-08-14_Reuse_Mayo_Ranking.csv,Operations/Research/2026-08-14_Reuse_Mayo_Ranking.csv,FREE_TEXT,copy_verbatim,Alta,false,
CNT-049,formato,Imagen,Imagen,FREE_TEXT,copy_verbatim,Alta,false,
CNT-049,categoria,Reuse / Histórico,,C_REAL,,Baja,true,fuera de enum; requiere decision humana (OVERRIDES)
CNT-049,bloqueado_canon,No evaluado; no modifica canon,,C_REAL,,Baja,true,fuera de enum; requiere decision humana (OVERRIDES)
CNT-049,estado_operacion_normalizado,Historical_Reconciled,,C_REAL,,Baja,true,fuera de enum; requiere decision humana (OVERRIDES)
CNT-049,estado_canon_normalizado,Canon_Clear_or_Unverified,Canon_Clear_or_Unverified,A,exact_enum_match,Alta,false,
CNT-049,asset_ref_confirmado,260540,260540,FREE_TEXT,copy_verbatim,Alta,false,
CNT-049,asset_ref_candidato,,,FREE_TEXT,copy_verbatim,Alta,false,
CNT-049,reconciliacion_estado,Resolved_Historical_Asset,,C_REAL,,Baja,true,fuera de enum; requiere decision humana (OVERRIDES)
CNT-049,reconciliacion_confianza,High,High,A,exact_enum_match,Alta,false,
CNT-049,reconciliacion_fuente,Reuse ranking + Drive 05 Mayo + Meta best_post_id,Reuse ranking + Drive 05 Mayo + Meta best_post_id,FREE_TEXT,copy_verbatim,Alta,false,
CNT-049,reconciliacion_nota,Filename exacto; Drive ID 1t5oZ88YMrhgWt2EwZVvHO8RIX6Q5SE_R; Meta ID 1036844829507460_122122150101072582; ranking Reuse_Top28. La referencia 260508 comparte código con otra variante histórica y se conserva como CNT separado por filename. CNT creado sin aprobación canónica.,Filename exacto; Drive ID 1t5oZ88YMrhgWt2EwZVvHO8RIX6Q5SE_R; Meta ID 1036844829507460_122122150101072582; ranking Reuse_Top28. La referencia 260508 comparte código con otra variante histórica y se conserva como CNT separado por filename. CNT creado sin aprobación canónica.,FREE_TEXT,copy_verbatim,Alta,false,
CNT-049,registro_relacionado,,,FREE_TEXT,copy_verbatim,Alta,false,
CNT-049,drive_reference_id,1t5oZ88YMrhgWt2EwZVvHO8RIX6Q5SE_R,1t5oZ88YMrhgWt2EwZVvHO8RIX6Q5SE_R,FREE_TEXT,copy_verbatim,Alta,false,
CNT-049,meta_publication_id,1036844829507460_122122150101072582,1036844829507460_122122150101072582,FREE_TEXT,copy_verbatim,Alta,false,
CNT-049,meta_permalink,,,FREE_TEXT,copy_verbatim,Alta,false,
CNT-049,asset_set,,,FREE_TEXT,copy_verbatim,Alta,false,
CNT-049,asset_ref,,,FREE_TEXT,copy_verbatim,Alta,false,
CNT-049,asset_filename,,,FREE_TEXT,copy_verbatim,Alta,false,
CNT-049,drive_id,,,FREE_TEXT,copy_verbatim,Alta,false,
CNT-049,estado_canon,,,FREE_TEXT,copy_verbatim,Alta,false,
CNT-049,estado_produccion,,,FREE_TEXT,copy_verbatim,Alta,false,
CNT-049,estado_publicacion,,,FREE_TEXT,copy_verbatim,Alta,false,
CNT-049,ultima_sincronizacion,,,FREE_TEXT,copy_verbatim,Alta,false,
CNT-049,motivo_revision_normalizado,,,FREE_TEXT,copy_verbatim,Alta,false,
CNT-049,personaje_principal_normalizado,Elara,Elara,FREE_TEXT,copy_verbatim,Alta,false,
CNT-049,personajes_secundarios_normalizados,Ninguno,Ninguno,FREE_TEXT,copy_verbatim,Alta,false,
CNT-049,rol_narrativo,Protagonista,Protagonista,FREE_TEXT,copy_verbatim,Alta,false,
CNT-049,tipo_humor_normalizado,No determinado,No determinado,FREE_TEXT,copy_verbatim,Alta,false,
CNT-049,potencial_etiquetado,Medio,Medio,FREE_TEXT,copy_verbatim,Alta,false,
CNT-049,confianza_taxonomia,Alta,Alta,FREE_TEXT,copy_verbatim,Alta,false,
CNT-049,fuente_taxonomia,Inventario + reglas taxonómicas,Inventario + reglas taxonómicas,FREE_TEXT,copy_verbatim,Alta,false,
CNT-049,nota_taxonomia,No sustituye canon; revisar si la confianza es Media o Baja.,No sustituye canon; revisar si la confianza es Media o Baja.,FREE_TEXT,copy_verbatim,Alta,false,
CNT-049,es_historico,,,FREE_TEXT,copy_verbatim,Alta,false,
CNT-050,id,CNT-050,CNT-050,FREE_TEXT,copy_verbatim,Alta,false,
CNT-050,titulo,Histórico reuse — 260542 - Universe.png,Histórico reuse — 260542 - Universe.png,FREE_TEXT,copy_verbatim,Alta,false,
CNT-050,personaje_principal,@char_USM_universe,@char_USM_universe,FREE_TEXT,copy_verbatim,Alta,false,
CNT-050,personajes_secundarios,,,FREE_TEXT,copy_verbatim,Alta,false,
CNT-050,tipo_contenido,Meme / Imagen histórica,,C_REAL,,Baja,true,fuera de enum; requiere decision humana (OVERRIDES)
CNT-050,plataforma,Facebook,Facebook,A,exact_enum_match,Alta,false,
CNT-050,objetivo,Histórico / Reuse / Aprendizaje,Histórico / Reuse / Aprendizaje,FREE_TEXT,copy_verbatim,Alta,false,
CNT-050,hipotesis,,,FREE_TEXT,copy_verbatim,Alta,false,
CNT-050,estado,Histórico reconciliado — pendiente de decisión de reuse,,C_REAL,,Baja,true,fuera de enum; requiere decision humana (OVERRIDES)
CNT-050,prioridad,Alta,Alta,A,exact_enum_match,Alta,false,
CNT-050,dificultad_produccion,Baja,Baja,A,exact_enum_match,Alta,false,
CNT-050,reutilizable,Sí,Sí,A,exact_enum_match,Alta,false,
CNT-050,fecha_ultima_publicacion,2026-05-09,2026-05-09,A,iso_date_parse,Alta,false,
CNT-050,fuente,Operations/Research/2026-08-14_Reuse_Mayo_Ranking.csv,Operations/Research/2026-08-14_Reuse_Mayo_Ranking.csv,FREE_TEXT,copy_verbatim,Alta,false,
CNT-050,formato,Imagen,Imagen,FREE_TEXT,copy_verbatim,Alta,false,
CNT-050,categoria,Reuse / Histórico,,C_REAL,,Baja,true,fuera de enum; requiere decision humana (OVERRIDES)
CNT-050,bloqueado_canon,No evaluado; no modifica canon,,C_REAL,,Baja,true,fuera de enum; requiere decision humana (OVERRIDES)
CNT-050,estado_operacion_normalizado,Historical_Reconciled,,C_REAL,,Baja,true,fuera de enum; requiere decision humana (OVERRIDES)
CNT-050,estado_canon_normalizado,Canon_Clear_or_Unverified,Canon_Clear_or_Unverified,A,exact_enum_match,Alta,false,
CNT-050,asset_ref_confirmado,260542,260542,FREE_TEXT,copy_verbatim,Alta,false,
CNT-050,asset_ref_candidato,,,FREE_TEXT,copy_verbatim,Alta,false,
CNT-050,reconciliacion_estado,Resolved_Historical_Asset,,C_REAL,,Baja,true,fuera de enum; requiere decision humana (OVERRIDES)
CNT-050,reconciliacion_confianza,High,High,A,exact_enum_match,Alta,false,
CNT-050,reconciliacion_fuente,Reuse ranking + Drive 05 Mayo + Meta best_post_id,Reuse ranking + Drive 05 Mayo + Meta best_post_id,FREE_TEXT,copy_verbatim,Alta,false,
CNT-050,reconciliacion_nota,Filename exacto; Drive ID 1NWmVZyQfcSbhc30zfKpFsIAS0vNxq6r_; Meta ID 1036844829507460_122119047297072582; ranking Reuse_Top28. La referencia 260508 comparte código con otra variante histórica y se conserva como CNT separado por filename. CNT creado sin aprobación canónica.,Filename exacto; Drive ID 1NWmVZyQfcSbhc30zfKpFsIAS0vNxq6r_; Meta ID 1036844829507460_122119047297072582; ranking Reuse_Top28. La referencia 260508 comparte código con otra variante histórica y se conserva como CNT separado por filename. CNT creado sin aprobación canónica.,FREE_TEXT,copy_verbatim,Alta,false,
CNT-050,registro_relacionado,,,FREE_TEXT,copy_verbatim,Alta,false,
CNT-050,drive_reference_id,1NWmVZyQfcSbhc30zfKpFsIAS0vNxq6r_,1NWmVZyQfcSbhc30zfKpFsIAS0vNxq6r_,FREE_TEXT,copy_verbatim,Alta,false,
CNT-050,meta_publication_id,1036844829507460_122119047297072582,1036844829507460_122119047297072582,FREE_TEXT,copy_verbatim,Alta,false,
CNT-050,meta_permalink,,,FREE_TEXT,copy_verbatim,Alta,false,
CNT-050,asset_set,,,FREE_TEXT,copy_verbatim,Alta,false,
CNT-050,asset_ref,,,FREE_TEXT,copy_verbatim,Alta,false,
CNT-050,asset_filename,,,FREE_TEXT,copy_verbatim,Alta,false,
CNT-050,drive_id,,,FREE_TEXT,copy_verbatim,Alta,false,
CNT-050,estado_canon,,,FREE_TEXT,copy_verbatim,Alta,false,
CNT-050,estado_produccion,,,FREE_TEXT,copy_verbatim,Alta,false,
CNT-050,estado_publicacion,,,FREE_TEXT,copy_verbatim,Alta,false,
CNT-050,ultima_sincronizacion,,,FREE_TEXT,copy_verbatim,Alta,false,
CNT-050,motivo_revision_normalizado,,,FREE_TEXT,copy_verbatim,Alta,false,
CNT-050,personaje_principal_normalizado,Universe,Universe,FREE_TEXT,copy_verbatim,Alta,false,
CNT-050,personajes_secundarios_normalizados,Ninguno,Ninguno,FREE_TEXT,copy_verbatim,Alta,false,
CNT-050,rol_narrativo,Protagonista,Protagonista,FREE_TEXT,copy_verbatim,Alta,false,
CNT-050,tipo_humor_normalizado,No determinado,No determinado,FREE_TEXT,copy_verbatim,Alta,false,
CNT-050,potencial_etiquetado,Medio,Medio,FREE_TEXT,copy_verbatim,Alta,false,
CNT-050,confianza_taxonomia,Alta,Alta,FREE_TEXT,copy_verbatim,Alta,false,
CNT-050,fuente_taxonomia,Inventario + reglas taxonómicas,Inventario + reglas taxonómicas,FREE_TEXT,copy_verbatim,Alta,false,
CNT-050,nota_taxonomia,No sustituye canon; revisar si la confianza es Media o Baja.,No sustituye canon; revisar si la confianza es Media o Baja.,FREE_TEXT,copy_verbatim,Alta,false,
CNT-050,es_historico,,,FREE_TEXT,copy_verbatim,Alta,false,
CNT-051,id,CNT-051,CNT-051,FREE_TEXT,copy_verbatim,Alta,false,
CNT-051,titulo,Histórico reuse — 260543 - Evan.png,Histórico reuse — 260543 - Evan.png,FREE_TEXT,copy_verbatim,Alta,false,
CNT-051,personaje_principal,@char_USM_evan,@char_USM_evan,FREE_TEXT,copy_verbatim,Alta,false,
CNT-051,personajes_secundarios,,,FREE_TEXT,copy_verbatim,Alta,false,
CNT-051,tipo_contenido,Meme / Imagen histórica,,C_REAL,,Baja,true,fuera de enum; requiere decision humana (OVERRIDES)
CNT-051,plataforma,Facebook,Facebook,A,exact_enum_match,Alta,false,
CNT-051,objetivo,Histórico / Reuse / Aprendizaje,Histórico / Reuse / Aprendizaje,FREE_TEXT,copy_verbatim,Alta,false,
CNT-051,hipotesis,,,FREE_TEXT,copy_verbatim,Alta,false,
CNT-051,estado,Histórico reconciliado — pendiente de decisión de reuse,,C_REAL,,Baja,true,fuera de enum; requiere decision humana (OVERRIDES)
CNT-051,prioridad,Alta,Alta,A,exact_enum_match,Alta,false,
CNT-051,dificultad_produccion,Baja,Baja,A,exact_enum_match,Alta,false,
CNT-051,reutilizable,Sí,Sí,A,exact_enum_match,Alta,false,
CNT-051,fecha_ultima_publicacion,2026-05-10,2026-05-10,A,iso_date_parse,Alta,false,
CNT-051,fuente,Operations/Research/2026-08-14_Reuse_Mayo_Ranking.csv,Operations/Research/2026-08-14_Reuse_Mayo_Ranking.csv,FREE_TEXT,copy_verbatim,Alta,false,
CNT-051,formato,Imagen,Imagen,FREE_TEXT,copy_verbatim,Alta,false,
CNT-051,categoria,Reuse / Histórico,,C_REAL,,Baja,true,fuera de enum; requiere decision humana (OVERRIDES)
CNT-051,bloqueado_canon,No evaluado; no modifica canon,,C_REAL,,Baja,true,fuera de enum; requiere decision humana (OVERRIDES)
CNT-051,estado_operacion_normalizado,Historical_Reconciled,,C_REAL,,Baja,true,fuera de enum; requiere decision humana (OVERRIDES)
CNT-051,estado_canon_normalizado,Canon_Clear_or_Unverified,Canon_Clear_or_Unverified,A,exact_enum_match,Alta,false,
CNT-051,asset_ref_confirmado,260543,260543,FREE_TEXT,copy_verbatim,Alta,false,
CNT-051,asset_ref_candidato,,,FREE_TEXT,copy_verbatim,Alta,false,
CNT-051,reconciliacion_estado,Resolved_Historical_Asset,,C_REAL,,Baja,true,fuera de enum; requiere decision humana (OVERRIDES)
CNT-051,reconciliacion_confianza,High,High,A,exact_enum_match,Alta,false,
CNT-051,reconciliacion_fuente,Reuse ranking + Drive 05 Mayo + Meta best_post_id,Reuse ranking + Drive 05 Mayo + Meta best_post_id,FREE_TEXT,copy_verbatim,Alta,false,
CNT-051,reconciliacion_nota,Filename exacto; Drive ID 1wZKe6jShWahCGKH34BZB8uQ0qVK847e4; Meta ID 1036844829507460_122119060353072582; ranking Reuse_Top28. La referencia 260508 comparte código con otra variante histórica y se conserva como CNT separado por filename. CNT creado sin aprobación canónica.,Filename exacto; Drive ID 1wZKe6jShWahCGKH34BZB8uQ0qVK847e4; Meta ID 1036844829507460_122119060353072582; ranking Reuse_Top28. La referencia 260508 comparte código con otra variante histórica y se conserva como CNT separado por filename. CNT creado sin aprobación canónica.,FREE_TEXT,copy_verbatim,Alta,false,
CNT-051,registro_relacionado,,,FREE_TEXT,copy_verbatim,Alta,false,
CNT-051,drive_reference_id,1wZKe6jShWahCGKH34BZB8uQ0qVK847e4,1wZKe6jShWahCGKH34BZB8uQ0qVK847e4,FREE_TEXT,copy_verbatim,Alta,false,
CNT-051,meta_publication_id,1036844829507460_122119060353072582,1036844829507460_122119060353072582,FREE_TEXT,copy_verbatim,Alta,false,
CNT-051,meta_permalink,,,FREE_TEXT,copy_verbatim,Alta,false,
CNT-051,asset_set,,,FREE_TEXT,copy_verbatim,Alta,false,
CNT-051,asset_ref,,,FREE_TEXT,copy_verbatim,Alta,false,
CNT-051,asset_filename,,,FREE_TEXT,copy_verbatim,Alta,false,
CNT-051,drive_id,,,FREE_TEXT,copy_verbatim,Alta,false,
CNT-051,estado_canon,,,FREE_TEXT,copy_verbatim,Alta,false,
CNT-051,estado_produccion,,,FREE_TEXT,copy_verbatim,Alta,false,
CNT-051,estado_publicacion,,,FREE_TEXT,copy_verbatim,Alta,false,
CNT-051,ultima_sincronizacion,,,FREE_TEXT,copy_verbatim,Alta,false,
CNT-051,motivo_revision_normalizado,,,FREE_TEXT,copy_verbatim,Alta,false,
CNT-051,personaje_principal_normalizado,Evan,Evan,FREE_TEXT,copy_verbatim,Alta,false,
CNT-051,personajes_secundarios_normalizados,Ninguno,Ninguno,FREE_TEXT,copy_verbatim,Alta,false,
CNT-051,rol_narrativo,Protagonista,Protagonista,FREE_TEXT,copy_verbatim,Alta,false,
CNT-051,tipo_humor_normalizado,No determinado,No determinado,FREE_TEXT,copy_verbatim,Alta,false,
CNT-051,potencial_etiquetado,Medio,Medio,FREE_TEXT,copy_verbatim,Alta,false,
CNT-051,confianza_taxonomia,Alta,Alta,FREE_TEXT,copy_verbatim,Alta,false,
CNT-051,fuente_taxonomia,Inventario + reglas taxonómicas,Inventario + reglas taxonómicas,FREE_TEXT,copy_verbatim,Alta,false,
CNT-051,nota_taxonomia,No sustituye canon; revisar si la confianza es Media o Baja.,No sustituye canon; revisar si la confianza es Media o Baja.,FREE_TEXT,copy_verbatim,Alta,false,
CNT-051,es_historico,,,FREE_TEXT,copy_verbatim,Alta,false,
CNT-052,id,CNT-052,CNT-052,FREE_TEXT,copy_verbatim,Alta,false,
CNT-052,titulo,Histórico reuse — 260559 - Universe.png,Histórico reuse — 260559 - Universe.png,FREE_TEXT,copy_verbatim,Alta,false,
CNT-052,personaje_principal,@char_USM_universe,@char_USM_universe,FREE_TEXT,copy_verbatim,Alta,false,
CNT-052,personajes_secundarios,,,FREE_TEXT,copy_verbatim,Alta,false,
CNT-052,tipo_contenido,Meme / Imagen histórica,,C_REAL,,Baja,true,fuera de enum; requiere decision humana (OVERRIDES)
CNT-052,plataforma,Facebook,Facebook,A,exact_enum_match,Alta,false,
CNT-052,objetivo,Histórico / Reuse / Aprendizaje,Histórico / Reuse / Aprendizaje,FREE_TEXT,copy_verbatim,Alta,false,
CNT-052,hipotesis,,,FREE_TEXT,copy_verbatim,Alta,false,
CNT-052,estado,Histórico reconciliado — pendiente de decisión de reuse,,C_REAL,,Baja,true,fuera de enum; requiere decision humana (OVERRIDES)
CNT-052,prioridad,Alta,Alta,A,exact_enum_match,Alta,false,
CNT-052,dificultad_produccion,Baja,Baja,A,exact_enum_match,Alta,false,
CNT-052,reutilizable,Sí,Sí,A,exact_enum_match,Alta,false,
CNT-052,fecha_ultima_publicacion,2026-05-12,2026-05-12,A,iso_date_parse,Alta,false,
CNT-052,fuente,Operations/Research/2026-08-14_Reuse_Mayo_Ranking.csv,Operations/Research/2026-08-14_Reuse_Mayo_Ranking.csv,FREE_TEXT,copy_verbatim,Alta,false,
CNT-052,formato,Imagen,Imagen,FREE_TEXT,copy_verbatim,Alta,false,
CNT-052,categoria,Reuse / Histórico,,C_REAL,,Baja,true,fuera de enum; requiere decision humana (OVERRIDES)
CNT-052,bloqueado_canon,No evaluado; no modifica canon,,C_REAL,,Baja,true,fuera de enum; requiere decision humana (OVERRIDES)
CNT-052,estado_operacion_normalizado,Historical_Reconciled,,C_REAL,,Baja,true,fuera de enum; requiere decision humana (OVERRIDES)
CNT-052,estado_canon_normalizado,Canon_Clear_or_Unverified,Canon_Clear_or_Unverified,A,exact_enum_match,Alta,false,
CNT-052,asset_ref_confirmado,260559,260559,FREE_TEXT,copy_verbatim,Alta,false,
CNT-052,asset_ref_candidato,,,FREE_TEXT,copy_verbatim,Alta,false,
CNT-052,reconciliacion_estado,Resolved_Historical_Asset,,C_REAL,,Baja,true,fuera de enum; requiere decision humana (OVERRIDES)
CNT-052,reconciliacion_confianza,High,High,A,exact_enum_match,Alta,false,
CNT-052,reconciliacion_fuente,Reuse ranking + Drive 05 Mayo + Meta best_post_id,Reuse ranking + Drive 05 Mayo + Meta best_post_id,FREE_TEXT,copy_verbatim,Alta,false,
CNT-052,reconciliacion_nota,Filename exacto; Drive ID 171bzjw4YeEUcXcCAHXKZnTZrHTeweeI7; Meta ID 1036844829507460_122119761573072582; ranking Reuse_Top28. La referencia 260508 comparte código con otra variante histórica y se conserva como CNT separado por filename. CNT creado sin aprobación canónica.,Filename exacto; Drive ID 171bzjw4YeEUcXcCAHXKZnTZrHTeweeI7; Meta ID 1036844829507460_122119761573072582; ranking Reuse_Top28. La referencia 260508 comparte código con otra variante histórica y se conserva como CNT separado por filename. CNT creado sin aprobación canónica.,FREE_TEXT,copy_verbatim,Alta,false,
CNT-052,registro_relacionado,,,FREE_TEXT,copy_verbatim,Alta,false,
CNT-052,drive_reference_id,171bzjw4YeEUcXcCAHXKZnTZrHTeweeI7,171bzjw4YeEUcXcCAHXKZnTZrHTeweeI7,FREE_TEXT,copy_verbatim,Alta,false,
CNT-052,meta_publication_id,1036844829507460_122119761573072582,1036844829507460_122119761573072582,FREE_TEXT,copy_verbatim,Alta,false,
CNT-052,meta_permalink,,,FREE_TEXT,copy_verbatim,Alta,false,
CNT-052,asset_set,,,FREE_TEXT,copy_verbatim,Alta,false,
CNT-052,asset_ref,,,FREE_TEXT,copy_verbatim,Alta,false,
CNT-052,asset_filename,,,FREE_TEXT,copy_verbatim,Alta,false,
CNT-052,drive_id,,,FREE_TEXT,copy_verbatim,Alta,false,
CNT-052,estado_canon,,,FREE_TEXT,copy_verbatim,Alta,false,
CNT-052,estado_produccion,,,FREE_TEXT,copy_verbatim,Alta,false,
CNT-052,estado_publicacion,,,FREE_TEXT,copy_verbatim,Alta,false,
CNT-052,ultima_sincronizacion,,,FREE_TEXT,copy_verbatim,Alta,false,
CNT-052,motivo_revision_normalizado,,,FREE_TEXT,copy_verbatim,Alta,false,
CNT-052,personaje_principal_normalizado,Universe,Universe,FREE_TEXT,copy_verbatim,Alta,false,
CNT-052,personajes_secundarios_normalizados,Ninguno,Ninguno,FREE_TEXT,copy_verbatim,Alta,false,
CNT-052,rol_narrativo,Protagonista,Protagonista,FREE_TEXT,copy_verbatim,Alta,false,
CNT-052,tipo_humor_normalizado,No determinado,No determinado,FREE_TEXT,copy_verbatim,Alta,false,
CNT-052,potencial_etiquetado,Medio,Medio,FREE_TEXT,copy_verbatim,Alta,false,
CNT-052,confianza_taxonomia,Alta,Alta,FREE_TEXT,copy_verbatim,Alta,false,
CNT-052,fuente_taxonomia,Inventario + reglas taxonómicas,Inventario + reglas taxonómicas,FREE_TEXT,copy_verbatim,Alta,false,
CNT-052,nota_taxonomia,No sustituye canon; revisar si la confianza es Media o Baja.,No sustituye canon; revisar si la confianza es Media o Baja.,FREE_TEXT,copy_verbatim,Alta,false,
CNT-052,es_historico,,,FREE_TEXT,copy_verbatim,Alta,false,
CNT-053,id,CNT-053,CNT-053,FREE_TEXT,copy_verbatim,Alta,false,
CNT-053,titulo,Histórico reuse — 260560 - Fantasma.png,Histórico reuse — 260560 - Fantasma.png,FREE_TEXT,copy_verbatim,Alta,false,
CNT-053,personaje_principal,@char_USM_fantasma,@char_USM_fantasma,FREE_TEXT,copy_verbatim,Alta,false,
CNT-053,personajes_secundarios,,,FREE_TEXT,copy_verbatim,Alta,false,
CNT-053,tipo_contenido,Meme / Imagen histórica,,C_REAL,,Baja,true,fuera de enum; requiere decision humana (OVERRIDES)
CNT-053,plataforma,Facebook,Facebook,A,exact_enum_match,Alta,false,
CNT-053,objetivo,Histórico / Reuse / Aprendizaje,Histórico / Reuse / Aprendizaje,FREE_TEXT,copy_verbatim,Alta,false,
CNT-053,hipotesis,,,FREE_TEXT,copy_verbatim,Alta,false,
CNT-053,estado,Histórico reconciliado — pendiente de decisión de reuse,,C_REAL,,Baja,true,fuera de enum; requiere decision humana (OVERRIDES)
CNT-053,prioridad,Alta,Alta,A,exact_enum_match,Alta,false,
CNT-053,dificultad_produccion,Baja,Baja,A,exact_enum_match,Alta,false,
CNT-053,reutilizable,Sí,Sí,A,exact_enum_match,Alta,false,
CNT-053,fecha_ultima_publicacion,2026-05-14,2026-05-14,A,iso_date_parse,Alta,false,
CNT-053,fuente,Operations/Research/2026-08-14_Reuse_Mayo_Ranking.csv,Operations/Research/2026-08-14_Reuse_Mayo_Ranking.csv,FREE_TEXT,copy_verbatim,Alta,false,
CNT-053,formato,Imagen,Imagen,FREE_TEXT,copy_verbatim,Alta,false,
CNT-053,categoria,Reuse / Histórico,,C_REAL,,Baja,true,fuera de enum; requiere decision humana (OVERRIDES)
CNT-053,bloqueado_canon,No evaluado; no modifica canon,,C_REAL,,Baja,true,fuera de enum; requiere decision humana (OVERRIDES)
CNT-053,estado_operacion_normalizado,Historical_Reconciled,,C_REAL,,Baja,true,fuera de enum; requiere decision humana (OVERRIDES)
CNT-053,estado_canon_normalizado,Canon_Clear_or_Unverified,Canon_Clear_or_Unverified,A,exact_enum_match,Alta,false,
CNT-053,asset_ref_confirmado,260560,260560,FREE_TEXT,copy_verbatim,Alta,false,
CNT-053,asset_ref_candidato,,,FREE_TEXT,copy_verbatim,Alta,false,
CNT-053,reconciliacion_estado,Resolved_Historical_Asset,,C_REAL,,Baja,true,fuera de enum; requiere decision humana (OVERRIDES)
CNT-053,reconciliacion_confianza,High,High,A,exact_enum_match,Alta,false,
CNT-053,reconciliacion_fuente,Reuse ranking + Drive 05 Mayo + Meta best_post_id,Reuse ranking + Drive 05 Mayo + Meta best_post_id,FREE_TEXT,copy_verbatim,Alta,false,
CNT-053,reconciliacion_nota,Filename exacto; Drive ID 1d6Dv4lz2kKTHX2Zl1M-tstOwradmhAyi; Meta ID 1036844829507460_122124445011072582; ranking Reuse_Top28. La referencia 260508 comparte código con otra variante histórica y se conserva como CNT separado por filename. CNT creado sin aprobación canónica.,Filename exacto; Drive ID 1d6Dv4lz2kKTHX2Zl1M-tstOwradmhAyi; Meta ID 1036844829507460_122124445011072582; ranking Reuse_Top28. La referencia 260508 comparte código con otra variante histórica y se conserva como CNT separado por filename. CNT creado sin aprobación canónica.,FREE_TEXT,copy_verbatim,Alta,false,
CNT-053,registro_relacionado,,,FREE_TEXT,copy_verbatim,Alta,false,
CNT-053,drive_reference_id,1d6Dv4lz2kKTHX2Zl1M-tstOwradmhAyi,1d6Dv4lz2kKTHX2Zl1M-tstOwradmhAyi,FREE_TEXT,copy_verbatim,Alta,false,
CNT-053,meta_publication_id,1036844829507460_122124445011072582,1036844829507460_122124445011072582,FREE_TEXT,copy_verbatim,Alta,false,
CNT-053,meta_permalink,,,FREE_TEXT,copy_verbatim,Alta,false,
CNT-053,asset_set,,,FREE_TEXT,copy_verbatim,Alta,false,
CNT-053,asset_ref,,,FREE_TEXT,copy_verbatim,Alta,false,
CNT-053,asset_filename,,,FREE_TEXT,copy_verbatim,Alta,false,
CNT-053,drive_id,,,FREE_TEXT,copy_verbatim,Alta,false,
CNT-053,estado_canon,,,FREE_TEXT,copy_verbatim,Alta,false,
CNT-053,estado_produccion,,,FREE_TEXT,copy_verbatim,Alta,false,
CNT-053,estado_publicacion,,,FREE_TEXT,copy_verbatim,Alta,false,
CNT-053,ultima_sincronizacion,,,FREE_TEXT,copy_verbatim,Alta,false,
CNT-053,motivo_revision_normalizado,,,FREE_TEXT,copy_verbatim,Alta,false,
CNT-053,personaje_principal_normalizado,Fantasma,Fantasma,FREE_TEXT,copy_verbatim,Alta,false,
CNT-053,personajes_secundarios_normalizados,Ninguno,Ninguno,FREE_TEXT,copy_verbatim,Alta,false,
CNT-053,rol_narrativo,Protagonista,Protagonista,FREE_TEXT,copy_verbatim,Alta,false,
CNT-053,tipo_humor_normalizado,No determinado,No determinado,FREE_TEXT,copy_verbatim,Alta,false,
CNT-053,potencial_etiquetado,Medio,Medio,FREE_TEXT,copy_verbatim,Alta,false,
CNT-053,confianza_taxonomia,Alta,Alta,FREE_TEXT,copy_verbatim,Alta,false,
CNT-053,fuente_taxonomia,Inventario + reglas taxonómicas,Inventario + reglas taxonómicas,FREE_TEXT,copy_verbatim,Alta,false,
CNT-053,nota_taxonomia,No sustituye canon; revisar si la confianza es Media o Baja.,No sustituye canon; revisar si la confianza es Media o Baja.,FREE_TEXT,copy_verbatim,Alta,false,
CNT-053,es_historico,,,FREE_TEXT,copy_verbatim,Alta,false,
CNT-054,id,CNT-054,CNT-054,FREE_TEXT,copy_verbatim,Alta,false,
CNT-054,titulo,Histórico reuse — 260573 - Universe.png,Histórico reuse — 260573 - Universe.png,FREE_TEXT,copy_verbatim,Alta,false,
CNT-054,personaje_principal,@char_USM_universe,@char_USM_universe,FREE_TEXT,copy_verbatim,Alta,false,
CNT-054,personajes_secundarios,,,FREE_TEXT,copy_verbatim,Alta,false,
CNT-054,tipo_contenido,Meme / Imagen histórica,,C_REAL,,Baja,true,fuera de enum; requiere decision humana (OVERRIDES)
CNT-054,plataforma,Facebook,Facebook,A,exact_enum_match,Alta,false,
CNT-054,objetivo,Histórico / Reuse / Aprendizaje,Histórico / Reuse / Aprendizaje,FREE_TEXT,copy_verbatim,Alta,false,
CNT-054,hipotesis,,,FREE_TEXT,copy_verbatim,Alta,false,
CNT-054,estado,Histórico reconciliado — pendiente de decisión de reuse,,C_REAL,,Baja,true,fuera de enum; requiere decision humana (OVERRIDES)
CNT-054,prioridad,Alta,Alta,A,exact_enum_match,Alta,false,
CNT-054,dificultad_produccion,Baja,Baja,A,exact_enum_match,Alta,false,
CNT-054,reutilizable,Sí,Sí,A,exact_enum_match,Alta,false,
CNT-054,fecha_ultima_publicacion,2026-05-15,2026-05-15,A,iso_date_parse,Alta,false,
CNT-054,fuente,Operations/Research/2026-08-14_Reuse_Mayo_Ranking.csv,Operations/Research/2026-08-14_Reuse_Mayo_Ranking.csv,FREE_TEXT,copy_verbatim,Alta,false,
CNT-054,formato,Imagen,Imagen,FREE_TEXT,copy_verbatim,Alta,false,
CNT-054,categoria,Reuse / Histórico,,C_REAL,,Baja,true,fuera de enum; requiere decision humana (OVERRIDES)
CNT-054,bloqueado_canon,No evaluado; no modifica canon,,C_REAL,,Baja,true,fuera de enum; requiere decision humana (OVERRIDES)
CNT-054,estado_operacion_normalizado,Historical_Reconciled,,C_REAL,,Baja,true,fuera de enum; requiere decision humana (OVERRIDES)
CNT-054,estado_canon_normalizado,Canon_Clear_or_Unverified,Canon_Clear_or_Unverified,A,exact_enum_match,Alta,false,
CNT-054,asset_ref_confirmado,260573,260573,FREE_TEXT,copy_verbatim,Alta,false,
CNT-054,asset_ref_candidato,,,FREE_TEXT,copy_verbatim,Alta,false,
CNT-054,reconciliacion_estado,Resolved_Historical_Asset,,C_REAL,,Baja,true,fuera de enum; requiere decision humana (OVERRIDES)
CNT-054,reconciliacion_confianza,High,High,A,exact_enum_match,Alta,false,
CNT-054,reconciliacion_fuente,Reuse ranking + Drive 05 Mayo + Meta best_post_id,Reuse ranking + Drive 05 Mayo + Meta best_post_id,FREE_TEXT,copy_verbatim,Alta,false,
CNT-054,reconciliacion_nota,Filename exacto; Drive ID 18ueYKekJ9RGortWr0SQMI9L6uVR5s-pG; Meta ID 1036844829507460_122120563947072582; ranking Reuse_Top28. La referencia 260508 comparte código con otra variante histórica y se conserva como CNT separado por filename. CNT creado sin aprobación canónica.,Filename exacto; Drive ID 18ueYKekJ9RGortWr0SQMI9L6uVR5s-pG; Meta ID 1036844829507460_122120563947072582; ranking Reuse_Top28. La referencia 260508 comparte código con otra variante histórica y se conserva como CNT separado por filename. CNT creado sin aprobación canónica.,FREE_TEXT,copy_verbatim,Alta,false,
CNT-054,registro_relacionado,,,FREE_TEXT,copy_verbatim,Alta,false,
CNT-054,drive_reference_id,18ueYKekJ9RGortWr0SQMI9L6uVR5s-pG,18ueYKekJ9RGortWr0SQMI9L6uVR5s-pG,FREE_TEXT,copy_verbatim,Alta,false,
CNT-054,meta_publication_id,1036844829507460_122120563947072582,1036844829507460_122120563947072582,FREE_TEXT,copy_verbatim,Alta,false,
CNT-054,meta_permalink,,,FREE_TEXT,copy_verbatim,Alta,false,
CNT-054,asset_set,,,FREE_TEXT,copy_verbatim,Alta,false,
CNT-054,asset_ref,,,FREE_TEXT,copy_verbatim,Alta,false,
CNT-054,asset_filename,,,FREE_TEXT,copy_verbatim,Alta,false,
CNT-054,drive_id,,,FREE_TEXT,copy_verbatim,Alta,false,
CNT-054,estado_canon,,,FREE_TEXT,copy_verbatim,Alta,false,
CNT-054,estado_produccion,,,FREE_TEXT,copy_verbatim,Alta,false,
CNT-054,estado_publicacion,,,FREE_TEXT,copy_verbatim,Alta,false,
CNT-054,ultima_sincronizacion,,,FREE_TEXT,copy_verbatim,Alta,false,
CNT-054,motivo_revision_normalizado,,,FREE_TEXT,copy_verbatim,Alta,false,
CNT-054,personaje_principal_normalizado,Universe,Universe,FREE_TEXT,copy_verbatim,Alta,false,
CNT-054,personajes_secundarios_normalizados,Ninguno,Ninguno,FREE_TEXT,copy_verbatim,Alta,false,
CNT-054,rol_narrativo,Protagonista,Protagonista,FREE_TEXT,copy_verbatim,Alta,false,
CNT-054,tipo_humor_normalizado,No determinado,No determinado,FREE_TEXT,copy_verbatim,Alta,false,
CNT-054,potencial_etiquetado,Medio,Medio,FREE_TEXT,copy_verbatim,Alta,false,
CNT-054,confianza_taxonomia,Alta,Alta,FREE_TEXT,copy_verbatim,Alta,false,
CNT-054,fuente_taxonomia,Inventario + reglas taxonómicas,Inventario + reglas taxonómicas,FREE_TEXT,copy_verbatim,Alta,false,
CNT-054,nota_taxonomia,No sustituye canon; revisar si la confianza es Media o Baja.,No sustituye canon; revisar si la confianza es Media o Baja.,FREE_TEXT,copy_verbatim,Alta,false,
CNT-054,es_historico,,,FREE_TEXT,copy_verbatim,Alta,false,
CNT-055,id,CNT-055,CNT-055,FREE_TEXT,copy_verbatim,Alta,false,
CNT-055,titulo,Histórico reuse — 260589.png,Histórico reuse — 260589.png,FREE_TEXT,copy_verbatim,Alta,false,
CNT-055,personaje_principal,,,FREE_TEXT,copy_verbatim,Alta,false,
CNT-055,personajes_secundarios,,,FREE_TEXT,copy_verbatim,Alta,false,
CNT-055,tipo_contenido,Meme / Imagen histórica,,C_REAL,,Baja,true,fuera de enum; requiere decision humana (OVERRIDES)
CNT-055,plataforma,Facebook,Facebook,A,exact_enum_match,Alta,false,
CNT-055,objetivo,Histórico / Reuse / Aprendizaje,Histórico / Reuse / Aprendizaje,FREE_TEXT,copy_verbatim,Alta,false,
CNT-055,hipotesis,,,FREE_TEXT,copy_verbatim,Alta,false,
CNT-055,estado,Histórico reconciliado — pendiente de decisión de reuse,,C_REAL,,Baja,true,fuera de enum; requiere decision humana (OVERRIDES)
CNT-055,prioridad,Alta,Alta,A,exact_enum_match,Alta,false,
CNT-055,dificultad_produccion,Baja,Baja,A,exact_enum_match,Alta,false,
CNT-055,reutilizable,Sí,Sí,A,exact_enum_match,Alta,false,
CNT-055,fecha_ultima_publicacion,2026-05-18,2026-05-18,A,iso_date_parse,Alta,false,
CNT-055,fuente,Operations/Research/2026-08-14_Reuse_Mayo_Ranking.csv,Operations/Research/2026-08-14_Reuse_Mayo_Ranking.csv,FREE_TEXT,copy_verbatim,Alta,false,
CNT-055,formato,Imagen,Imagen,FREE_TEXT,copy_verbatim,Alta,false,
CNT-055,categoria,Reuse / Histórico,,C_REAL,,Baja,true,fuera de enum; requiere decision humana (OVERRIDES)
CNT-055,bloqueado_canon,No evaluado; no modifica canon,,C_REAL,,Baja,true,fuera de enum; requiere decision humana (OVERRIDES)
CNT-055,estado_operacion_normalizado,Historical_Reconciled,,C_REAL,,Baja,true,fuera de enum; requiere decision humana (OVERRIDES)
CNT-055,estado_canon_normalizado,Canon_Clear_or_Unverified,Canon_Clear_or_Unverified,A,exact_enum_match,Alta,false,
CNT-055,asset_ref_confirmado,260589,260589,FREE_TEXT,copy_verbatim,Alta,false,
CNT-055,asset_ref_candidato,,,FREE_TEXT,copy_verbatim,Alta,false,
CNT-055,reconciliacion_estado,Resolved_Historical_Asset,,C_REAL,,Baja,true,fuera de enum; requiere decision humana (OVERRIDES)
CNT-055,reconciliacion_confianza,High,High,A,exact_enum_match,Alta,false,
CNT-055,reconciliacion_fuente,Reuse ranking + Drive 05 Mayo + Meta best_post_id,Reuse ranking + Drive 05 Mayo + Meta best_post_id,FREE_TEXT,copy_verbatim,Alta,false,
CNT-055,reconciliacion_nota,Filename exacto; Drive ID 1P57uXhBNAjvuLJKH7YOARn5ggw_6efNc; Meta ID 1036844829507460_122120887443072582; ranking Reuse_Top28. La referencia 260508 comparte código con otra variante histórica y se conserva como CNT separado por filename. CNT creado sin aprobación canónica.,Filename exacto; Drive ID 1P57uXhBNAjvuLJKH7YOARn5ggw_6efNc; Meta ID 1036844829507460_122120887443072582; ranking Reuse_Top28. La referencia 260508 comparte código con otra variante histórica y se conserva como CNT separado por filename. CNT creado sin aprobación canónica.,FREE_TEXT,copy_verbatim,Alta,false,
CNT-055,registro_relacionado,,,FREE_TEXT,copy_verbatim,Alta,false,
CNT-055,drive_reference_id,1P57uXhBNAjvuLJKH7YOARn5ggw_6efNc,1P57uXhBNAjvuLJKH7YOARn5ggw_6efNc,FREE_TEXT,copy_verbatim,Alta,false,
CNT-055,meta_publication_id,1036844829507460_122120887443072582,1036844829507460_122120887443072582,FREE_TEXT,copy_verbatim,Alta,false,
CNT-055,meta_permalink,,,FREE_TEXT,copy_verbatim,Alta,false,
CNT-055,asset_set,,,FREE_TEXT,copy_verbatim,Alta,false,
CNT-055,asset_ref,,,FREE_TEXT,copy_verbatim,Alta,false,
CNT-055,asset_filename,,,FREE_TEXT,copy_verbatim,Alta,false,
CNT-055,drive_id,,,FREE_TEXT,copy_verbatim,Alta,false,
CNT-055,estado_canon,,,FREE_TEXT,copy_verbatim,Alta,false,
CNT-055,estado_produccion,,,FREE_TEXT,copy_verbatim,Alta,false,
CNT-055,estado_publicacion,,,FREE_TEXT,copy_verbatim,Alta,false,
CNT-055,ultima_sincronizacion,,,FREE_TEXT,copy_verbatim,Alta,false,
CNT-055,motivo_revision_normalizado,,,FREE_TEXT,copy_verbatim,Alta,false,
CNT-055,personaje_principal_normalizado,No identificado,No identificado,FREE_TEXT,copy_verbatim,Alta,false,
CNT-055,personajes_secundarios_normalizados,Ninguno,Ninguno,FREE_TEXT,copy_verbatim,Alta,false,
CNT-055,rol_narrativo,No determinado,No determinado,FREE_TEXT,copy_verbatim,Alta,false,
CNT-055,tipo_humor_normalizado,No determinado,No determinado,FREE_TEXT,copy_verbatim,Alta,false,
CNT-055,potencial_etiquetado,Medio,Medio,FREE_TEXT,copy_verbatim,Alta,false,
CNT-055,confianza_taxonomia,Baja,Baja,FREE_TEXT,copy_verbatim,Alta,false,
CNT-055,fuente_taxonomia,Inventario + reglas taxonómicas,Inventario + reglas taxonómicas,FREE_TEXT,copy_verbatim,Alta,false,
CNT-055,nota_taxonomia,No sustituye canon; revisar si la confianza es Media o Baja.,No sustituye canon; revisar si la confianza es Media o Baja.,FREE_TEXT,copy_verbatim,Alta,false,
CNT-055,es_historico,,,FREE_TEXT,copy_verbatim,Alta,false,
CNT-056,id,CNT-056,CNT-056,FREE_TEXT,copy_verbatim,Alta,false,
CNT-056,titulo,Histórico reuse — 260590 - Maeve.png,Histórico reuse — 260590 - Maeve.png,FREE_TEXT,copy_verbatim,Alta,false,
CNT-056,personaje_principal,@char_USM_maeve,@char_USM_maeve,FREE_TEXT,copy_verbatim,Alta,false,
CNT-056,personajes_secundarios,,,FREE_TEXT,copy_verbatim,Alta,false,
CNT-056,tipo_contenido,Meme / Imagen histórica,,C_REAL,,Baja,true,fuera de enum; requiere decision humana (OVERRIDES)
CNT-056,plataforma,Facebook,Facebook,A,exact_enum_match,Alta,false,
CNT-056,objetivo,Histórico / Reuse / Aprendizaje,Histórico / Reuse / Aprendizaje,FREE_TEXT,copy_verbatim,Alta,false,
CNT-056,hipotesis,,,FREE_TEXT,copy_verbatim,Alta,false,
CNT-056,estado,Histórico reconciliado — pendiente de decisión de reuse,,C_REAL,,Baja,true,fuera de enum; requiere decision humana (OVERRIDES)
CNT-056,prioridad,Alta,Alta,A,exact_enum_match,Alta,false,
CNT-056,dificultad_produccion,Baja,Baja,A,exact_enum_match,Alta,false,
CNT-056,reutilizable,Sí,Sí,A,exact_enum_match,Alta,false,
CNT-056,fecha_ultima_publicacion,2026-05-18,2026-05-18,A,iso_date_parse,Alta,false,
CNT-056,fuente,Operations/Research/2026-08-14_Reuse_Mayo_Ranking.csv,Operations/Research/2026-08-14_Reuse_Mayo_Ranking.csv,FREE_TEXT,copy_verbatim,Alta,false,
CNT-056,formato,Imagen,Imagen,FREE_TEXT,copy_verbatim,Alta,false,
CNT-056,categoria,Reuse / Histórico,,C_REAL,,Baja,true,fuera de enum; requiere decision humana (OVERRIDES)
CNT-056,bloqueado_canon,No evaluado; no modifica canon,,C_REAL,,Baja,true,fuera de enum; requiere decision humana (OVERRIDES)
CNT-056,estado_operacion_normalizado,Historical_Reconciled,,C_REAL,,Baja,true,fuera de enum; requiere decision humana (OVERRIDES)
CNT-056,estado_canon_normalizado,Canon_Clear_or_Unverified,Canon_Clear_or_Unverified,A,exact_enum_match,Alta,false,
CNT-056,asset_ref_confirmado,260590,260590,FREE_TEXT,copy_verbatim,Alta,false,
CNT-056,asset_ref_candidato,,,FREE_TEXT,copy_verbatim,Alta,false,
CNT-056,reconciliacion_estado,Resolved_Historical_Asset,,C_REAL,,Baja,true,fuera de enum; requiere decision humana (OVERRIDES)
CNT-056,reconciliacion_confianza,High,High,A,exact_enum_match,Alta,false,
CNT-056,reconciliacion_fuente,Reuse ranking + Drive 05 Mayo + Meta best_post_id,Reuse ranking + Drive 05 Mayo + Meta best_post_id,FREE_TEXT,copy_verbatim,Alta,false,
CNT-056,reconciliacion_nota,Filename exacto; Drive ID 1VXSbwFRQpdYlU8YKFYtrl6vzqKjkLygV; Meta ID 1036844829507460_122120959611072582; ranking Reuse_Top28. La referencia 260508 comparte código con otra variante histórica y se conserva como CNT separado por filename. CNT creado sin aprobación canónica.,Filename exacto; Drive ID 1VXSbwFRQpdYlU8YKFYtrl6vzqKjkLygV; Meta ID 1036844829507460_122120959611072582; ranking Reuse_Top28. La referencia 260508 comparte código con otra variante histórica y se conserva como CNT separado por filename. CNT creado sin aprobación canónica.,FREE_TEXT,copy_verbatim,Alta,false,
CNT-056,registro_relacionado,,,FREE_TEXT,copy_verbatim,Alta,false,
CNT-056,drive_reference_id,1VXSbwFRQpdYlU8YKFYtrl6vzqKjkLygV,1VXSbwFRQpdYlU8YKFYtrl6vzqKjkLygV,FREE_TEXT,copy_verbatim,Alta,false,
CNT-056,meta_publication_id,1036844829507460_122120959611072582,1036844829507460_122120959611072582,FREE_TEXT,copy_verbatim,Alta,false,
CNT-056,meta_permalink,,,FREE_TEXT,copy_verbatim,Alta,false,
CNT-056,asset_set,,,FREE_TEXT,copy_verbatim,Alta,false,
CNT-056,asset_ref,,,FREE_TEXT,copy_verbatim,Alta,false,
CNT-056,asset_filename,,,FREE_TEXT,copy_verbatim,Alta,false,
CNT-056,drive_id,,,FREE_TEXT,copy_verbatim,Alta,false,
CNT-056,estado_canon,,,FREE_TEXT,copy_verbatim,Alta,false,
CNT-056,estado_produccion,,,FREE_TEXT,copy_verbatim,Alta,false,
CNT-056,estado_publicacion,,,FREE_TEXT,copy_verbatim,Alta,false,
CNT-056,ultima_sincronizacion,,,FREE_TEXT,copy_verbatim,Alta,false,
CNT-056,motivo_revision_normalizado,,,FREE_TEXT,copy_verbatim,Alta,false,
CNT-056,personaje_principal_normalizado,Maeve,Maeve,FREE_TEXT,copy_verbatim,Alta,false,
CNT-056,personajes_secundarios_normalizados,Ninguno,Ninguno,FREE_TEXT,copy_verbatim,Alta,false,
CNT-056,rol_narrativo,Protagonista,Protagonista,FREE_TEXT,copy_verbatim,Alta,false,
CNT-056,tipo_humor_normalizado,No determinado,No determinado,FREE_TEXT,copy_verbatim,Alta,false,
CNT-056,potencial_etiquetado,Medio,Medio,FREE_TEXT,copy_verbatim,Alta,false,
CNT-056,confianza_taxonomia,Alta,Alta,FREE_TEXT,copy_verbatim,Alta,false,
CNT-056,fuente_taxonomia,Inventario + reglas taxonómicas,Inventario + reglas taxonómicas,FREE_TEXT,copy_verbatim,Alta,false,
CNT-056,nota_taxonomia,No sustituye canon; revisar si la confianza es Media o Baja.,No sustituye canon; revisar si la confianza es Media o Baja.,FREE_TEXT,copy_verbatim,Alta,false,
CNT-056,es_historico,,,FREE_TEXT,copy_verbatim,Alta,false,
CNT-057,id,CNT-057,CNT-057,FREE_TEXT,copy_verbatim,Alta,false,
CNT-057,titulo,Histórico reuse — 260607 - Universe.png,Histórico reuse — 260607 - Universe.png,FREE_TEXT,copy_verbatim,Alta,false,
CNT-057,personaje_principal,@char_USM_universe,@char_USM_universe,FREE_TEXT,copy_verbatim,Alta,false,
CNT-057,personajes_secundarios,,,FREE_TEXT,copy_verbatim,Alta,false,
CNT-057,tipo_contenido,Meme / Imagen histórica,,C_REAL,,Baja,true,fuera de enum; requiere decision humana (OVERRIDES)
CNT-057,plataforma,Facebook,Facebook,A,exact_enum_match,Alta,false,
CNT-057,objetivo,Histórico / Reuse / Aprendizaje,Histórico / Reuse / Aprendizaje,FREE_TEXT,copy_verbatim,Alta,false,
CNT-057,hipotesis,,,FREE_TEXT,copy_verbatim,Alta,false,
CNT-057,estado,Histórico reconciliado — pendiente de decisión de reuse,,C_REAL,,Baja,true,fuera de enum; requiere decision humana (OVERRIDES)
CNT-057,prioridad,Alta,Alta,A,exact_enum_match,Alta,false,
CNT-057,dificultad_produccion,Baja,Baja,A,exact_enum_match,Alta,false,
CNT-057,reutilizable,Sí,Sí,A,exact_enum_match,Alta,false,
CNT-057,fecha_ultima_publicacion,2026-05-21,2026-05-21,A,iso_date_parse,Alta,false,
CNT-057,fuente,Operations/Research/2026-08-14_Reuse_Mayo_Ranking.csv,Operations/Research/2026-08-14_Reuse_Mayo_Ranking.csv,FREE_TEXT,copy_verbatim,Alta,false,
CNT-057,formato,Imagen,Imagen,FREE_TEXT,copy_verbatim,Alta,false,
CNT-057,categoria,Reuse / Histórico,,C_REAL,,Baja,true,fuera de enum; requiere decision humana (OVERRIDES)
CNT-057,bloqueado_canon,No evaluado; no modifica canon,,C_REAL,,Baja,true,fuera de enum; requiere decision humana (OVERRIDES)
CNT-057,estado_operacion_normalizado,Historical_Reconciled,,C_REAL,,Baja,true,fuera de enum; requiere decision humana (OVERRIDES)
CNT-057,estado_canon_normalizado,Canon_Clear_or_Unverified,Canon_Clear_or_Unverified,A,exact_enum_match,Alta,false,
CNT-057,asset_ref_confirmado,260607,260607,FREE_TEXT,copy_verbatim,Alta,false,
CNT-057,asset_ref_candidato,,,FREE_TEXT,copy_verbatim,Alta,false,
CNT-057,reconciliacion_estado,Resolved_Historical_Asset,,C_REAL,,Baja,true,fuera de enum; requiere decision humana (OVERRIDES)
CNT-057,reconciliacion_confianza,High,High,A,exact_enum_match,Alta,false,
CNT-057,reconciliacion_fuente,Reuse ranking + Drive 05 Mayo + Meta best_post_id,Reuse ranking + Drive 05 Mayo + Meta best_post_id,FREE_TEXT,copy_verbatim,Alta,false,
CNT-057,reconciliacion_nota,Filename exacto; Drive ID 1BqrOOjXm26D9m-PfYSH8mhGc9Bga4z9G; Meta ID 1036844829507460_122122145103072582; ranking Reuse_Top28. La referencia 260508 comparte código con otra variante histórica y se conserva como CNT separado por filename. CNT creado sin aprobación canónica.,Filename exacto; Drive ID 1BqrOOjXm26D9m-PfYSH8mhGc9Bga4z9G; Meta ID 1036844829507460_122122145103072582; ranking Reuse_Top28. La referencia 260508 comparte código con otra variante histórica y se conserva como CNT separado por filename. CNT creado sin aprobación canónica.,FREE_TEXT,copy_verbatim,Alta,false,
CNT-057,registro_relacionado,,,FREE_TEXT,copy_verbatim,Alta,false,
CNT-057,drive_reference_id,1BqrOOjXm26D9m-PfYSH8mhGc9Bga4z9G,1BqrOOjXm26D9m-PfYSH8mhGc9Bga4z9G,FREE_TEXT,copy_verbatim,Alta,false,
CNT-057,meta_publication_id,1036844829507460_122122145103072582,1036844829507460_122122145103072582,FREE_TEXT,copy_verbatim,Alta,false,
CNT-057,meta_permalink,,,FREE_TEXT,copy_verbatim,Alta,false,
CNT-057,asset_set,,,FREE_TEXT,copy_verbatim,Alta,false,
CNT-057,asset_ref,,,FREE_TEXT,copy_verbatim,Alta,false,
CNT-057,asset_filename,,,FREE_TEXT,copy_verbatim,Alta,false,
CNT-057,drive_id,,,FREE_TEXT,copy_verbatim,Alta,false,
CNT-057,estado_canon,,,FREE_TEXT,copy_verbatim,Alta,false,
CNT-057,estado_produccion,,,FREE_TEXT,copy_verbatim,Alta,false,
CNT-057,estado_publicacion,,,FREE_TEXT,copy_verbatim,Alta,false,
CNT-057,ultima_sincronizacion,,,FREE_TEXT,copy_verbatim,Alta,false,
CNT-057,motivo_revision_normalizado,,,FREE_TEXT,copy_verbatim,Alta,false,
CNT-057,personaje_principal_normalizado,Universe,Universe,FREE_TEXT,copy_verbatim,Alta,false,
CNT-057,personajes_secundarios_normalizados,Ninguno,Ninguno,FREE_TEXT,copy_verbatim,Alta,false,
CNT-057,rol_narrativo,Protagonista,Protagonista,FREE_TEXT,copy_verbatim,Alta,false,
CNT-057,tipo_humor_normalizado,No determinado,No determinado,FREE_TEXT,copy_verbatim,Alta,false,
CNT-057,potencial_etiquetado,Medio,Medio,FREE_TEXT,copy_verbatim,Alta,false,
CNT-057,confianza_taxonomia,Alta,Alta,FREE_TEXT,copy_verbatim,Alta,false,
CNT-057,fuente_taxonomia,Inventario + reglas taxonómicas,Inventario + reglas taxonómicas,FREE_TEXT,copy_verbatim,Alta,false,
CNT-057,nota_taxonomia,No sustituye canon; revisar si la confianza es Media o Baja.,No sustituye canon; revisar si la confianza es Media o Baja.,FREE_TEXT,copy_verbatim,Alta,false,
CNT-057,es_historico,,,FREE_TEXT,copy_verbatim,Alta,false,
CNT-058,id,CNT-058,CNT-058,FREE_TEXT,copy_verbatim,Alta,false,
CNT-058,titulo,Histórico reuse — 260613 - Wilfred.png,Histórico reuse — 260613 - Wilfred.png,FREE_TEXT,copy_verbatim,Alta,false,
CNT-058,personaje_principal,@char_USM_wilfred,@char_USM_wilfred,FREE_TEXT,copy_verbatim,Alta,false,
CNT-058,personajes_secundarios,,,FREE_TEXT,copy_verbatim,Alta,false,
CNT-058,tipo_contenido,Meme / Imagen histórica,,C_REAL,,Baja,true,fuera de enum; requiere decision humana (OVERRIDES)
CNT-058,plataforma,Facebook,Facebook,A,exact_enum_match,Alta,false,
CNT-058,objetivo,Histórico / Reuse / Aprendizaje,Histórico / Reuse / Aprendizaje,FREE_TEXT,copy_verbatim,Alta,false,
CNT-058,hipotesis,,,FREE_TEXT,copy_verbatim,Alta,false,
CNT-058,estado,Histórico reconciliado — pendiente de decisión de reuse,,C_REAL,,Baja,true,fuera de enum; requiere decision humana (OVERRIDES)
CNT-058,prioridad,Alta,Alta,A,exact_enum_match,Alta,false,
CNT-058,dificultad_produccion,Baja,Baja,A,exact_enum_match,Alta,false,
CNT-058,reutilizable,Sí,Sí,A,exact_enum_match,Alta,false,
CNT-058,fecha_ultima_publicacion,2026-05-21,2026-05-21,A,iso_date_parse,Alta,false,
CNT-058,fuente,Operations/Research/2026-08-14_Reuse_Mayo_Ranking.csv,Operations/Research/2026-08-14_Reuse_Mayo_Ranking.csv,FREE_TEXT,copy_verbatim,Alta,false,
CNT-058,formato,Imagen,Imagen,FREE_TEXT,copy_verbatim,Alta,false,
CNT-058,categoria,Reuse / Histórico,,C_REAL,,Baja,true,fuera de enum; requiere decision humana (OVERRIDES)
CNT-058,bloqueado_canon,No evaluado; no modifica canon,,C_REAL,,Baja,true,fuera de enum; requiere decision humana (OVERRIDES)
CNT-058,estado_operacion_normalizado,Historical_Reconciled,,C_REAL,,Baja,true,fuera de enum; requiere decision humana (OVERRIDES)
CNT-058,estado_canon_normalizado,Canon_Clear_or_Unverified,Canon_Clear_or_Unverified,A,exact_enum_match,Alta,false,
CNT-058,asset_ref_confirmado,260613,260613,FREE_TEXT,copy_verbatim,Alta,false,
CNT-058,asset_ref_candidato,,,FREE_TEXT,copy_verbatim,Alta,false,
CNT-058,reconciliacion_estado,Resolved_Historical_Asset,,C_REAL,,Baja,true,fuera de enum; requiere decision humana (OVERRIDES)
CNT-058,reconciliacion_confianza,High,High,A,exact_enum_match,Alta,false,
CNT-058,reconciliacion_fuente,Reuse ranking + Drive 05 Mayo + Meta best_post_id,Reuse ranking + Drive 05 Mayo + Meta best_post_id,FREE_TEXT,copy_verbatim,Alta,false,
CNT-058,reconciliacion_nota,Filename exacto; Drive ID 1yAnPsDhu-hESADhtfjMWgkWQdC7hhrqM; Meta ID 1036844829507460_122122159311072582; ranking Reuse_Top28. La referencia 260508 comparte código con otra variante histórica y se conserva como CNT separado por filename. CNT creado sin aprobación canónica.,Filename exacto; Drive ID 1yAnPsDhu-hESADhtfjMWgkWQdC7hhrqM; Meta ID 1036844829507460_122122159311072582; ranking Reuse_Top28. La referencia 260508 comparte código con otra variante histórica y se conserva como CNT separado por filename. CNT creado sin aprobación canónica.,FREE_TEXT,copy_verbatim,Alta,false,
CNT-058,registro_relacionado,,,FREE_TEXT,copy_verbatim,Alta,false,
CNT-058,drive_reference_id,1yAnPsDhu-hESADhtfjMWgkWQdC7hhrqM,1yAnPsDhu-hESADhtfjMWgkWQdC7hhrqM,FREE_TEXT,copy_verbatim,Alta,false,
CNT-058,meta_publication_id,1036844829507460_122122159311072582,1036844829507460_122122159311072582,FREE_TEXT,copy_verbatim,Alta,false,
CNT-058,meta_permalink,,,FREE_TEXT,copy_verbatim,Alta,false,
CNT-058,asset_set,,,FREE_TEXT,copy_verbatim,Alta,false,
CNT-058,asset_ref,,,FREE_TEXT,copy_verbatim,Alta,false,
CNT-058,asset_filename,,,FREE_TEXT,copy_verbatim,Alta,false,
CNT-058,drive_id,,,FREE_TEXT,copy_verbatim,Alta,false,
CNT-058,estado_canon,,,FREE_TEXT,copy_verbatim,Alta,false,
CNT-058,estado_produccion,,,FREE_TEXT,copy_verbatim,Alta,false,
CNT-058,estado_publicacion,,,FREE_TEXT,copy_verbatim,Alta,false,
CNT-058,ultima_sincronizacion,,,FREE_TEXT,copy_verbatim,Alta,false,
CNT-058,motivo_revision_normalizado,,,FREE_TEXT,copy_verbatim,Alta,false,
CNT-058,personaje_principal_normalizado,Wilfred,Wilfred,FREE_TEXT,copy_verbatim,Alta,false,
CNT-058,personajes_secundarios_normalizados,Ninguno,Ninguno,FREE_TEXT,copy_verbatim,Alta,false,
CNT-058,rol_narrativo,Protagonista,Protagonista,FREE_TEXT,copy_verbatim,Alta,false,
CNT-058,tipo_humor_normalizado,No determinado,No determinado,FREE_TEXT,copy_verbatim,Alta,false,
CNT-058,potencial_etiquetado,Medio,Medio,FREE_TEXT,copy_verbatim,Alta,false,
CNT-058,confianza_taxonomia,Alta,Alta,FREE_TEXT,copy_verbatim,Alta,false,
CNT-058,fuente_taxonomia,Inventario + reglas taxonómicas,Inventario + reglas taxonómicas,FREE_TEXT,copy_verbatim,Alta,false,
CNT-058,nota_taxonomia,No sustituye canon; revisar si la confianza es Media o Baja.,No sustituye canon; revisar si la confianza es Media o Baja.,FREE_TEXT,copy_verbatim,Alta,false,
CNT-058,es_historico,,,FREE_TEXT,copy_verbatim,Alta,false,
CNT-059,id,CNT-059,CNT-059,FREE_TEXT,copy_verbatim,Alta,false,
CNT-059,titulo,Histórico reuse — 260614 - Universe.png,Histórico reuse — 260614 - Universe.png,FREE_TEXT,copy_verbatim,Alta,false,
CNT-059,personaje_principal,@char_USM_universe,@char_USM_universe,FREE_TEXT,copy_verbatim,Alta,false,
CNT-059,personajes_secundarios,,,FREE_TEXT,copy_verbatim,Alta,false,
CNT-059,tipo_contenido,Meme / Imagen histórica,,C_REAL,,Baja,true,fuera de enum; requiere decision humana (OVERRIDES)
CNT-059,plataforma,Facebook,Facebook,A,exact_enum_match,Alta,false,
CNT-059,objetivo,Histórico / Reuse / Aprendizaje,Histórico / Reuse / Aprendizaje,FREE_TEXT,copy_verbatim,Alta,false,
CNT-059,hipotesis,,,FREE_TEXT,copy_verbatim,Alta,false,
CNT-059,estado,Histórico reconciliado — pendiente de decisión de reuse,,C_REAL,,Baja,true,fuera de enum; requiere decision humana (OVERRIDES)
CNT-059,prioridad,Alta,Alta,A,exact_enum_match,Alta,false,
CNT-059,dificultad_produccion,Baja,Baja,A,exact_enum_match,Alta,false,
CNT-059,reutilizable,Sí,Sí,A,exact_enum_match,Alta,false,
CNT-059,fecha_ultima_publicacion,2026-05-23,2026-05-23,A,iso_date_parse,Alta,false,
CNT-059,fuente,Operations/Research/2026-08-14_Reuse_Mayo_Ranking.csv,Operations/Research/2026-08-14_Reuse_Mayo_Ranking.csv,FREE_TEXT,copy_verbatim,Alta,false,
CNT-059,formato,Imagen,Imagen,FREE_TEXT,copy_verbatim,Alta,false,
CNT-059,categoria,Reuse / Histórico,,C_REAL,,Baja,true,fuera de enum; requiere decision humana (OVERRIDES)
CNT-059,bloqueado_canon,No evaluado; no modifica canon,,C_REAL,,Baja,true,fuera de enum; requiere decision humana (OVERRIDES)
CNT-059,estado_operacion_normalizado,Historical_Reconciled,,C_REAL,,Baja,true,fuera de enum; requiere decision humana (OVERRIDES)
CNT-059,estado_canon_normalizado,Canon_Clear_or_Unverified,Canon_Clear_or_Unverified,A,exact_enum_match,Alta,false,
CNT-059,asset_ref_confirmado,260614,260614,FREE_TEXT,copy_verbatim,Alta,false,
CNT-059,asset_ref_candidato,,,FREE_TEXT,copy_verbatim,Alta,false,
CNT-059,reconciliacion_estado,Resolved_Historical_Asset,,C_REAL,,Baja,true,fuera de enum; requiere decision humana (OVERRIDES)
CNT-059,reconciliacion_confianza,High,High,A,exact_enum_match,Alta,false,
CNT-059,reconciliacion_fuente,Reuse ranking + Drive 05 Mayo + Meta best_post_id,Reuse ranking + Drive 05 Mayo + Meta best_post_id,FREE_TEXT,copy_verbatim,Alta,false,
CNT-059,reconciliacion_nota,Filename exacto; Drive ID 1lZsqVXERwU7mnc80wCugSkjoy2crRLiP; Meta ID 1036844829507460_122122824549072582; ranking Reuse_Top28. La referencia 260508 comparte código con otra variante histórica y se conserva como CNT separado por filename. CNT creado sin aprobación canónica.,Filename exacto; Drive ID 1lZsqVXERwU7mnc80wCugSkjoy2crRLiP; Meta ID 1036844829507460_122122824549072582; ranking Reuse_Top28. La referencia 260508 comparte código con otra variante histórica y se conserva como CNT separado por filename. CNT creado sin aprobación canónica.,FREE_TEXT,copy_verbatim,Alta,false,
CNT-059,registro_relacionado,,,FREE_TEXT,copy_verbatim,Alta,false,
CNT-059,drive_reference_id,1lZsqVXERwU7mnc80wCugSkjoy2crRLiP,1lZsqVXERwU7mnc80wCugSkjoy2crRLiP,FREE_TEXT,copy_verbatim,Alta,false,
CNT-059,meta_publication_id,1036844829507460_122122824549072582,1036844829507460_122122824549072582,FREE_TEXT,copy_verbatim,Alta,false,
CNT-059,meta_permalink,,,FREE_TEXT,copy_verbatim,Alta,false,
CNT-059,asset_set,,,FREE_TEXT,copy_verbatim,Alta,false,
CNT-059,asset_ref,,,FREE_TEXT,copy_verbatim,Alta,false,
CNT-059,asset_filename,,,FREE_TEXT,copy_verbatim,Alta,false,
CNT-059,drive_id,,,FREE_TEXT,copy_verbatim,Alta,false,
CNT-059,estado_canon,,,FREE_TEXT,copy_verbatim,Alta,false,
CNT-059,estado_produccion,,,FREE_TEXT,copy_verbatim,Alta,false,
CNT-059,estado_publicacion,,,FREE_TEXT,copy_verbatim,Alta,false,
CNT-059,ultima_sincronizacion,,,FREE_TEXT,copy_verbatim,Alta,false,
CNT-059,motivo_revision_normalizado,,,FREE_TEXT,copy_verbatim,Alta,false,
CNT-059,personaje_principal_normalizado,Universe,Universe,FREE_TEXT,copy_verbatim,Alta,false,
CNT-059,personajes_secundarios_normalizados,Ninguno,Ninguno,FREE_TEXT,copy_verbatim,Alta,false,
CNT-059,rol_narrativo,Protagonista,Protagonista,FREE_TEXT,copy_verbatim,Alta,false,
CNT-059,tipo_humor_normalizado,No determinado,No determinado,FREE_TEXT,copy_verbatim,Alta,false,
CNT-059,potencial_etiquetado,Medio,Medio,FREE_TEXT,copy_verbatim,Alta,false,
CNT-059,confianza_taxonomia,Alta,Alta,FREE_TEXT,copy_verbatim,Alta,false,
CNT-059,fuente_taxonomia,Inventario + reglas taxonómicas,Inventario + reglas taxonómicas,FREE_TEXT,copy_verbatim,Alta,false,
CNT-059,nota_taxonomia,No sustituye canon; revisar si la confianza es Media o Baja.,No sustituye canon; revisar si la confianza es Media o Baja.,FREE_TEXT,copy_verbatim,Alta,false,
CNT-059,es_historico,,,FREE_TEXT,copy_verbatim,Alta,false,
CNT-060,id,CNT-060,CNT-060,FREE_TEXT,copy_verbatim,Alta,false,
CNT-060,titulo,Histórico reuse — 260620 - Fantasma.png,Histórico reuse — 260620 - Fantasma.png,FREE_TEXT,copy_verbatim,Alta,false,
CNT-060,personaje_principal,@char_USM_fantasma,@char_USM_fantasma,FREE_TEXT,copy_verbatim,Alta,false,
CNT-060,personajes_secundarios,,,FREE_TEXT,copy_verbatim,Alta,false,
CNT-060,tipo_contenido,Meme / Imagen histórica,,C_REAL,,Baja,true,fuera de enum; requiere decision humana (OVERRIDES)
CNT-060,plataforma,Facebook,Facebook,A,exact_enum_match,Alta,false,
CNT-060,objetivo,Histórico / Reuse / Aprendizaje,Histórico / Reuse / Aprendizaje,FREE_TEXT,copy_verbatim,Alta,false,
CNT-060,hipotesis,,,FREE_TEXT,copy_verbatim,Alta,false,
CNT-060,estado,Histórico reconciliado — pendiente de decisión de reuse,,C_REAL,,Baja,true,fuera de enum; requiere decision humana (OVERRIDES)
CNT-060,prioridad,Alta,Alta,A,exact_enum_match,Alta,false,
CNT-060,dificultad_produccion,Baja,Baja,A,exact_enum_match,Alta,false,
CNT-060,reutilizable,Sí,Sí,A,exact_enum_match,Alta,false,
CNT-060,fecha_ultima_publicacion,2026-05-27,2026-05-27,A,iso_date_parse,Alta,false,
CNT-060,fuente,Operations/Research/2026-08-14_Reuse_Mayo_Ranking.csv,Operations/Research/2026-08-14_Reuse_Mayo_Ranking.csv,FREE_TEXT,copy_verbatim,Alta,false,
CNT-060,formato,Imagen,Imagen,FREE_TEXT,copy_verbatim,Alta,false,
CNT-060,categoria,Reuse / Histórico,,C_REAL,,Baja,true,fuera de enum; requiere decision humana (OVERRIDES)
CNT-060,bloqueado_canon,No evaluado; no modifica canon,,C_REAL,,Baja,true,fuera de enum; requiere decision humana (OVERRIDES)
CNT-060,estado_operacion_normalizado,Historical_Reconciled,,C_REAL,,Baja,true,fuera de enum; requiere decision humana (OVERRIDES)
CNT-060,estado_canon_normalizado,Canon_Clear_or_Unverified,Canon_Clear_or_Unverified,A,exact_enum_match,Alta,false,
CNT-060,asset_ref_confirmado,260620,260620,FREE_TEXT,copy_verbatim,Alta,false,
CNT-060,asset_ref_candidato,,,FREE_TEXT,copy_verbatim,Alta,false,
CNT-060,reconciliacion_estado,Resolved_Historical_Asset,,C_REAL,,Baja,true,fuera de enum; requiere decision humana (OVERRIDES)
CNT-060,reconciliacion_confianza,High,High,A,exact_enum_match,Alta,false,
CNT-060,reconciliacion_fuente,Reuse ranking + Drive 05 Mayo + Meta best_post_id,Reuse ranking + Drive 05 Mayo + Meta best_post_id,FREE_TEXT,copy_verbatim,Alta,false,
CNT-060,reconciliacion_nota,Filename exacto; Drive ID 1h1KrufRyZpd16J5_1-MQxNJ5gy9coO3N; Meta ID 1036844829507460_122124367017072582; ranking Reuse_Top28. La referencia 260508 comparte código con otra variante histórica y se conserva como CNT separado por filename. CNT creado sin aprobación canónica.,Filename exacto; Drive ID 1h1KrufRyZpd16J5_1-MQxNJ5gy9coO3N; Meta ID 1036844829507460_122124367017072582; ranking Reuse_Top28. La referencia 260508 comparte código con otra variante histórica y se conserva como CNT separado por filename. CNT creado sin aprobación canónica.,FREE_TEXT,copy_verbatim,Alta,false,
CNT-060,registro_relacionado,,,FREE_TEXT,copy_verbatim,Alta,false,
CNT-060,drive_reference_id,1h1KrufRyZpd16J5_1-MQxNJ5gy9coO3N,1h1KrufRyZpd16J5_1-MQxNJ5gy9coO3N,FREE_TEXT,copy_verbatim,Alta,false,
CNT-060,meta_publication_id,1036844829507460_122124367017072582,1036844829507460_122124367017072582,FREE_TEXT,copy_verbatim,Alta,false,
CNT-060,meta_permalink,,,FREE_TEXT,copy_verbatim,Alta,false,
CNT-060,asset_set,,,FREE_TEXT,copy_verbatim,Alta,false,
CNT-060,asset_ref,,,FREE_TEXT,copy_verbatim,Alta,false,
CNT-060,asset_filename,,,FREE_TEXT,copy_verbatim,Alta,false,
CNT-060,drive_id,,,FREE_TEXT,copy_verbatim,Alta,false,
CNT-060,estado_canon,,,FREE_TEXT,copy_verbatim,Alta,false,
CNT-060,estado_produccion,,,FREE_TEXT,copy_verbatim,Alta,false,
CNT-060,estado_publicacion,,,FREE_TEXT,copy_verbatim,Alta,false,
CNT-060,ultima_sincronizacion,,,FREE_TEXT,copy_verbatim,Alta,false,
CNT-060,motivo_revision_normalizado,,,FREE_TEXT,copy_verbatim,Alta,false,
CNT-060,personaje_principal_normalizado,Fantasma,Fantasma,FREE_TEXT,copy_verbatim,Alta,false,
CNT-060,personajes_secundarios_normalizados,Ninguno,Ninguno,FREE_TEXT,copy_verbatim,Alta,false,
CNT-060,rol_narrativo,Protagonista,Protagonista,FREE_TEXT,copy_verbatim,Alta,false,
CNT-060,tipo_humor_normalizado,No determinado,No determinado,FREE_TEXT,copy_verbatim,Alta,false,
CNT-060,potencial_etiquetado,Medio,Medio,FREE_TEXT,copy_verbatim,Alta,false,
CNT-060,confianza_taxonomia,Alta,Alta,FREE_TEXT,copy_verbatim,Alta,false,
CNT-060,fuente_taxonomia,Inventario + reglas taxonómicas,Inventario + reglas taxonómicas,FREE_TEXT,copy_verbatim,Alta,false,
CNT-060,nota_taxonomia,No sustituye canon; revisar si la confianza es Media o Baja.,No sustituye canon; revisar si la confianza es Media o Baja.,FREE_TEXT,copy_verbatim,Alta,false,
CNT-060,es_historico,,,FREE_TEXT,copy_verbatim,Alta,false,
CNT-061,id,CNT-061,CNT-061,FREE_TEXT,copy_verbatim,Alta,false,
CNT-061,titulo,Histórico reuse — 260625.png,Histórico reuse — 260625.png,FREE_TEXT,copy_verbatim,Alta,false,
CNT-061,personaje_principal,,,FREE_TEXT,copy_verbatim,Alta,false,
CNT-061,personajes_secundarios,,,FREE_TEXT,copy_verbatim,Alta,false,
CNT-061,tipo_contenido,Meme / Imagen histórica,,C_REAL,,Baja,true,fuera de enum; requiere decision humana (OVERRIDES)
CNT-061,plataforma,Facebook,Facebook,A,exact_enum_match,Alta,false,
CNT-061,objetivo,Histórico / Reuse / Aprendizaje,Histórico / Reuse / Aprendizaje,FREE_TEXT,copy_verbatim,Alta,false,
CNT-061,hipotesis,,,FREE_TEXT,copy_verbatim,Alta,false,
CNT-061,estado,Histórico reconciliado — pendiente de decisión de reuse,,C_REAL,,Baja,true,fuera de enum; requiere decision humana (OVERRIDES)
CNT-061,prioridad,Alta,Alta,A,exact_enum_match,Alta,false,
CNT-061,dificultad_produccion,Baja,Baja,A,exact_enum_match,Alta,false,
CNT-061,reutilizable,Sí,Sí,A,exact_enum_match,Alta,false,
CNT-061,fecha_ultima_publicacion,2026-05-22,2026-05-22,A,iso_date_parse,Alta,false,
CNT-061,fuente,Operations/Research/2026-08-14_Reuse_Mayo_Ranking.csv,Operations/Research/2026-08-14_Reuse_Mayo_Ranking.csv,FREE_TEXT,copy_verbatim,Alta,false,
CNT-061,formato,Imagen,Imagen,FREE_TEXT,copy_verbatim,Alta,false,
CNT-061,categoria,Reuse / Histórico,,C_REAL,,Baja,true,fuera de enum; requiere decision humana (OVERRIDES)
CNT-061,bloqueado_canon,No evaluado; no modifica canon,,C_REAL,,Baja,true,fuera de enum; requiere decision humana (OVERRIDES)
CNT-061,estado_operacion_normalizado,Historical_Reconciled,,C_REAL,,Baja,true,fuera de enum; requiere decision humana (OVERRIDES)
CNT-061,estado_canon_normalizado,Canon_Clear_or_Unverified,Canon_Clear_or_Unverified,A,exact_enum_match,Alta,false,
CNT-061,asset_ref_confirmado,260625,260625,FREE_TEXT,copy_verbatim,Alta,false,
CNT-061,asset_ref_candidato,,,FREE_TEXT,copy_verbatim,Alta,false,
CNT-061,reconciliacion_estado,Resolved_Historical_Asset,,C_REAL,,Baja,true,fuera de enum; requiere decision humana (OVERRIDES)
CNT-061,reconciliacion_confianza,High,High,A,exact_enum_match,Alta,false,
CNT-061,reconciliacion_fuente,Reuse ranking + Drive 05 Mayo + Meta best_post_id,Reuse ranking + Drive 05 Mayo + Meta best_post_id,FREE_TEXT,copy_verbatim,Alta,false,
CNT-061,reconciliacion_nota,Filename exacto; Drive ID 1Mfx7HRQOxwG0DWmSzGLlEvuxUcwafynW; Meta ID 1036844829507460_122122781583072582; ranking Reuse_Top28. La referencia 260508 comparte código con otra variante histórica y se conserva como CNT separado por filename. CNT creado sin aprobación canónica.,Filename exacto; Drive ID 1Mfx7HRQOxwG0DWmSzGLlEvuxUcwafynW; Meta ID 1036844829507460_122122781583072582; ranking Reuse_Top28. La referencia 260508 comparte código con otra variante histórica y se conserva como CNT separado por filename. CNT creado sin aprobación canónica.,FREE_TEXT,copy_verbatim,Alta,false,
CNT-061,registro_relacionado,,,FREE_TEXT,copy_verbatim,Alta,false,
CNT-061,drive_reference_id,1Mfx7HRQOxwG0DWmSzGLlEvuxUcwafynW,1Mfx7HRQOxwG0DWmSzGLlEvuxUcwafynW,FREE_TEXT,copy_verbatim,Alta,false,
CNT-061,meta_publication_id,1036844829507460_122122781583072582,1036844829507460_122122781583072582,FREE_TEXT,copy_verbatim,Alta,false,
CNT-061,meta_permalink,,,FREE_TEXT,copy_verbatim,Alta,false,
CNT-061,asset_set,,,FREE_TEXT,copy_verbatim,Alta,false,
CNT-061,asset_ref,,,FREE_TEXT,copy_verbatim,Alta,false,
CNT-061,asset_filename,,,FREE_TEXT,copy_verbatim,Alta,false,
CNT-061,drive_id,,,FREE_TEXT,copy_verbatim,Alta,false,
CNT-061,estado_canon,,,FREE_TEXT,copy_verbatim,Alta,false,
CNT-061,estado_produccion,,,FREE_TEXT,copy_verbatim,Alta,false,
CNT-061,estado_publicacion,,,FREE_TEXT,copy_verbatim,Alta,false,
CNT-061,ultima_sincronizacion,,,FREE_TEXT,copy_verbatim,Alta,false,
CNT-061,motivo_revision_normalizado,,,FREE_TEXT,copy_verbatim,Alta,false,
CNT-061,personaje_principal_normalizado,No identificado,No identificado,FREE_TEXT,copy_verbatim,Alta,false,
CNT-061,personajes_secundarios_normalizados,Ninguno,Ninguno,FREE_TEXT,copy_verbatim,Alta,false,
CNT-061,rol_narrativo,No determinado,No determinado,FREE_TEXT,copy_verbatim,Alta,false,
CNT-061,tipo_humor_normalizado,No determinado,No determinado,FREE_TEXT,copy_verbatim,Alta,false,
CNT-061,potencial_etiquetado,Medio,Medio,FREE_TEXT,copy_verbatim,Alta,false,
CNT-061,confianza_taxonomia,Baja,Baja,FREE_TEXT,copy_verbatim,Alta,false,
CNT-061,fuente_taxonomia,Inventario + reglas taxonómicas,Inventario + reglas taxonómicas,FREE_TEXT,copy_verbatim,Alta,false,
CNT-061,nota_taxonomia,No sustituye canon; revisar si la confianza es Media o Baja.,No sustituye canon; revisar si la confianza es Media o Baja.,FREE_TEXT,copy_verbatim,Alta,false,
CNT-061,es_historico,,,FREE_TEXT,copy_verbatim,Alta,false,
CNT-062,id,CNT-062,CNT-062,FREE_TEXT,copy_verbatim,Alta,false,
CNT-062,titulo,Histórico reuse — 260633 - Universe.png,Histórico reuse — 260633 - Universe.png,FREE_TEXT,copy_verbatim,Alta,false,
CNT-062,personaje_principal,@char_USM_universe,@char_USM_universe,FREE_TEXT,copy_verbatim,Alta,false,
CNT-062,personajes_secundarios,,,FREE_TEXT,copy_verbatim,Alta,false,
CNT-062,tipo_contenido,Meme / Imagen histórica,,C_REAL,,Baja,true,fuera de enum; requiere decision humana (OVERRIDES)
CNT-062,plataforma,Facebook,Facebook,A,exact_enum_match,Alta,false,
CNT-062,objetivo,Histórico / Reuse / Aprendizaje,Histórico / Reuse / Aprendizaje,FREE_TEXT,copy_verbatim,Alta,false,
CNT-062,hipotesis,,,FREE_TEXT,copy_verbatim,Alta,false,
CNT-062,estado,Histórico reconciliado — pendiente de decisión de reuse,,C_REAL,,Baja,true,fuera de enum; requiere decision humana (OVERRIDES)
CNT-062,prioridad,Alta,Alta,A,exact_enum_match,Alta,false,
CNT-062,dificultad_produccion,Baja,Baja,A,exact_enum_match,Alta,false,
CNT-062,reutilizable,Sí,Sí,A,exact_enum_match,Alta,false,
CNT-062,fecha_ultima_publicacion,2026-05-23,2026-05-23,A,iso_date_parse,Alta,false,
CNT-062,fuente,Operations/Research/2026-08-14_Reuse_Mayo_Ranking.csv,Operations/Research/2026-08-14_Reuse_Mayo_Ranking.csv,FREE_TEXT,copy_verbatim,Alta,false,
CNT-062,formato,Imagen,Imagen,FREE_TEXT,copy_verbatim,Alta,false,
CNT-062,categoria,Reuse / Histórico,,C_REAL,,Baja,true,fuera de enum; requiere decision humana (OVERRIDES)
CNT-062,bloqueado_canon,No evaluado; no modifica canon,,C_REAL,,Baja,true,fuera de enum; requiere decision humana (OVERRIDES)
CNT-062,estado_operacion_normalizado,Historical_Reconciled,,C_REAL,,Baja,true,fuera de enum; requiere decision humana (OVERRIDES)
CNT-062,estado_canon_normalizado,Canon_Clear_or_Unverified,Canon_Clear_or_Unverified,A,exact_enum_match,Alta,false,
CNT-062,asset_ref_confirmado,260633,260633,FREE_TEXT,copy_verbatim,Alta,false,
CNT-062,asset_ref_candidato,,,FREE_TEXT,copy_verbatim,Alta,false,
CNT-062,reconciliacion_estado,Resolved_Historical_Asset,,C_REAL,,Baja,true,fuera de enum; requiere decision humana (OVERRIDES)
CNT-062,reconciliacion_confianza,High,High,A,exact_enum_match,Alta,false,
CNT-062,reconciliacion_fuente,Reuse ranking + Drive 05 Mayo + Meta best_post_id,Reuse ranking + Drive 05 Mayo + Meta best_post_id,FREE_TEXT,copy_verbatim,Alta,false,
CNT-062,reconciliacion_nota,Filename exacto; Drive ID 1c9vwjclQZ6k-4kkgyMCpV17pnrWzHx9O; Meta ID 1036844829507460_122123199435072582; ranking Reuse_Top28. La referencia 260508 comparte código con otra variante histórica y se conserva como CNT separado por filename. CNT creado sin aprobación canónica.,Filename exacto; Drive ID 1c9vwjclQZ6k-4kkgyMCpV17pnrWzHx9O; Meta ID 1036844829507460_122123199435072582; ranking Reuse_Top28. La referencia 260508 comparte código con otra variante histórica y se conserva como CNT separado por filename. CNT creado sin aprobación canónica.,FREE_TEXT,copy_verbatim,Alta,false,
CNT-062,registro_relacionado,,,FREE_TEXT,copy_verbatim,Alta,false,
CNT-062,drive_reference_id,1c9vwjclQZ6k-4kkgyMCpV17pnrWzHx9O,1c9vwjclQZ6k-4kkgyMCpV17pnrWzHx9O,FREE_TEXT,copy_verbatim,Alta,false,
CNT-062,meta_publication_id,1036844829507460_122123199435072582,1036844829507460_122123199435072582,FREE_TEXT,copy_verbatim,Alta,false,
CNT-062,meta_permalink,,,FREE_TEXT,copy_verbatim,Alta,false,
CNT-062,asset_set,,,FREE_TEXT,copy_verbatim,Alta,false,
CNT-062,asset_ref,,,FREE_TEXT,copy_verbatim,Alta,false,
CNT-062,asset_filename,,,FREE_TEXT,copy_verbatim,Alta,false,
CNT-062,drive_id,,,FREE_TEXT,copy_verbatim,Alta,false,
CNT-062,estado_canon,,,FREE_TEXT,copy_verbatim,Alta,false,
CNT-062,estado_produccion,,,FREE_TEXT,copy_verbatim,Alta,false,
CNT-062,estado_publicacion,,,FREE_TEXT,copy_verbatim,Alta,false,
CNT-062,ultima_sincronizacion,,,FREE_TEXT,copy_verbatim,Alta,false,
CNT-062,motivo_revision_normalizado,,,FREE_TEXT,copy_verbatim,Alta,false,
CNT-062,personaje_principal_normalizado,Universe,Universe,FREE_TEXT,copy_verbatim,Alta,false,
CNT-062,personajes_secundarios_normalizados,Ninguno,Ninguno,FREE_TEXT,copy_verbatim,Alta,false,
CNT-062,rol_narrativo,Protagonista,Protagonista,FREE_TEXT,copy_verbatim,Alta,false,
CNT-062,tipo_humor_normalizado,No determinado,No determinado,FREE_TEXT,copy_verbatim,Alta,false,
CNT-062,potencial_etiquetado,Medio,Medio,FREE_TEXT,copy_verbatim,Alta,false,
CNT-062,confianza_taxonomia,Alta,Alta,FREE_TEXT,copy_verbatim,Alta,false,
CNT-062,fuente_taxonomia,Inventario + reglas taxonómicas,Inventario + reglas taxonómicas,FREE_TEXT,copy_verbatim,Alta,false,
CNT-062,nota_taxonomia,No sustituye canon; revisar si la confianza es Media o Baja.,No sustituye canon; revisar si la confianza es Media o Baja.,FREE_TEXT,copy_verbatim,Alta,false,
CNT-062,es_historico,,,FREE_TEXT,copy_verbatim,Alta,false,
CNT-063,id,CNT-063,CNT-063,FREE_TEXT,copy_verbatim,Alta,false,
CNT-063,titulo,Histórico reuse — 260635 - Universe.png,Histórico reuse — 260635 - Universe.png,FREE_TEXT,copy_verbatim,Alta,false,
CNT-063,personaje_principal,@char_USM_universe,@char_USM_universe,FREE_TEXT,copy_verbatim,Alta,false,
CNT-063,personajes_secundarios,,,FREE_TEXT,copy_verbatim,Alta,false,
CNT-063,tipo_contenido,Meme / Imagen histórica,,C_REAL,,Baja,true,fuera de enum; requiere decision humana (OVERRIDES)
CNT-063,plataforma,Facebook,Facebook,A,exact_enum_match,Alta,false,
CNT-063,objetivo,Histórico / Reuse / Aprendizaje,Histórico / Reuse / Aprendizaje,FREE_TEXT,copy_verbatim,Alta,false,
CNT-063,hipotesis,,,FREE_TEXT,copy_verbatim,Alta,false,
CNT-063,estado,Histórico reconciliado — pendiente de decisión de reuse,,C_REAL,,Baja,true,fuera de enum; requiere decision humana (OVERRIDES)
CNT-063,prioridad,Alta,Alta,A,exact_enum_match,Alta,false,
CNT-063,dificultad_produccion,Baja,Baja,A,exact_enum_match,Alta,false,
CNT-063,reutilizable,Sí,Sí,A,exact_enum_match,Alta,false,
CNT-063,fecha_ultima_publicacion,2026-05-22,2026-05-22,A,iso_date_parse,Alta,false,
CNT-063,fuente,Operations/Research/2026-08-14_Reuse_Mayo_Ranking.csv,Operations/Research/2026-08-14_Reuse_Mayo_Ranking.csv,FREE_TEXT,copy_verbatim,Alta,false,
CNT-063,formato,Imagen,Imagen,FREE_TEXT,copy_verbatim,Alta,false,
CNT-063,categoria,Reuse / Histórico,,C_REAL,,Baja,true,fuera de enum; requiere decision humana (OVERRIDES)
CNT-063,bloqueado_canon,No evaluado; no modifica canon,,C_REAL,,Baja,true,fuera de enum; requiere decision humana (OVERRIDES)
CNT-063,estado_operacion_normalizado,Historical_Reconciled,,C_REAL,,Baja,true,fuera de enum; requiere decision humana (OVERRIDES)
CNT-063,estado_canon_normalizado,Canon_Clear_or_Unverified,Canon_Clear_or_Unverified,A,exact_enum_match,Alta,false,
CNT-063,asset_ref_confirmado,260635,260635,FREE_TEXT,copy_verbatim,Alta,false,
CNT-063,asset_ref_candidato,,,FREE_TEXT,copy_verbatim,Alta,false,
CNT-063,reconciliacion_estado,Resolved_Historical_Asset,,C_REAL,,Baja,true,fuera de enum; requiere decision humana (OVERRIDES)
CNT-063,reconciliacion_confianza,High,High,A,exact_enum_match,Alta,false,
CNT-063,reconciliacion_fuente,Reuse ranking + Drive 05 Mayo + Meta best_post_id,Reuse ranking + Drive 05 Mayo + Meta best_post_id,FREE_TEXT,copy_verbatim,Alta,false,
CNT-063,reconciliacion_nota,Filename exacto; Drive ID 1wYXYPbjEWPmXa2jazcv-q6bqoKCJfYDB; Meta ID 1036844829507460_122124494049072582; ranking Reuse_Top28. La referencia 260508 comparte código con otra variante histórica y se conserva como CNT separado por filename. CNT creado sin aprobación canónica.,Filename exacto; Drive ID 1wYXYPbjEWPmXa2jazcv-q6bqoKCJfYDB; Meta ID 1036844829507460_122124494049072582; ranking Reuse_Top28. La referencia 260508 comparte código con otra variante histórica y se conserva como CNT separado por filename. CNT creado sin aprobación canónica.,FREE_TEXT,copy_verbatim,Alta,false,
CNT-063,registro_relacionado,,,FREE_TEXT,copy_verbatim,Alta,false,
CNT-063,drive_reference_id,1wYXYPbjEWPmXa2jazcv-q6bqoKCJfYDB,1wYXYPbjEWPmXa2jazcv-q6bqoKCJfYDB,FREE_TEXT,copy_verbatim,Alta,false,
CNT-063,meta_publication_id,1036844829507460_122124494049072582,1036844829507460_122124494049072582,FREE_TEXT,copy_verbatim,Alta,false,
CNT-063,meta_permalink,,,FREE_TEXT,copy_verbatim,Alta,false,
CNT-063,asset_set,,,FREE_TEXT,copy_verbatim,Alta,false,
CNT-063,asset_ref,,,FREE_TEXT,copy_verbatim,Alta,false,
CNT-063,asset_filename,,,FREE_TEXT,copy_verbatim,Alta,false,
CNT-063,drive_id,,,FREE_TEXT,copy_verbatim,Alta,false,
CNT-063,estado_canon,,,FREE_TEXT,copy_verbatim,Alta,false,
CNT-063,estado_produccion,,,FREE_TEXT,copy_verbatim,Alta,false,
CNT-063,estado_publicacion,,,FREE_TEXT,copy_verbatim,Alta,false,
CNT-063,ultima_sincronizacion,,,FREE_TEXT,copy_verbatim,Alta,false,
CNT-063,motivo_revision_normalizado,,,FREE_TEXT,copy_verbatim,Alta,false,
CNT-063,personaje_principal_normalizado,Universe,Universe,FREE_TEXT,copy_verbatim,Alta,false,
CNT-063,personajes_secundarios_normalizados,Ninguno,Ninguno,FREE_TEXT,copy_verbatim,Alta,false,
CNT-063,rol_narrativo,Protagonista,Protagonista,FREE_TEXT,copy_verbatim,Alta,false,
CNT-063,tipo_humor_normalizado,No determinado,No determinado,FREE_TEXT,copy_verbatim,Alta,false,
CNT-063,potencial_etiquetado,Medio,Medio,FREE_TEXT,copy_verbatim,Alta,false,
CNT-063,confianza_taxonomia,Alta,Alta,FREE_TEXT,copy_verbatim,Alta,false,
CNT-063,fuente_taxonomia,Inventario + reglas taxonómicas,Inventario + reglas taxonómicas,FREE_TEXT,copy_verbatim,Alta,false,
CNT-063,nota_taxonomia,No sustituye canon; revisar si la confianza es Media o Baja.,No sustituye canon; revisar si la confianza es Media o Baja.,FREE_TEXT,copy_verbatim,Alta,false,
CNT-063,es_historico,,,FREE_TEXT,copy_verbatim,Alta,false,
CNT-064,id,CNT-064,CNT-064,FREE_TEXT,copy_verbatim,Alta,false,
CNT-064,titulo,Histórico reuse — 260642 - Universe+Wilfred.png,Histórico reuse — 260642 - Universe+Wilfred.png,FREE_TEXT,copy_verbatim,Alta,false,
CNT-064,personaje_principal,@char_USM_universe,@char_USM_universe,FREE_TEXT,copy_verbatim,Alta,false,
CNT-064,personajes_secundarios,@char_USM_wilfred,@char_USM_wilfred,FREE_TEXT,copy_verbatim,Alta,false,
CNT-064,tipo_contenido,Meme / Imagen histórica,,C_REAL,,Baja,true,fuera de enum; requiere decision humana (OVERRIDES)
CNT-064,plataforma,Facebook,Facebook,A,exact_enum_match,Alta,false,
CNT-064,objetivo,Histórico / Reuse / Aprendizaje,Histórico / Reuse / Aprendizaje,FREE_TEXT,copy_verbatim,Alta,false,
CNT-064,hipotesis,,,FREE_TEXT,copy_verbatim,Alta,false,
CNT-064,estado,Histórico reconciliado — pendiente de decisión de reuse,,C_REAL,,Baja,true,fuera de enum; requiere decision humana (OVERRIDES)
CNT-064,prioridad,Alta,Alta,A,exact_enum_match,Alta,false,
CNT-064,dificultad_produccion,Baja,Baja,A,exact_enum_match,Alta,false,
CNT-064,reutilizable,Sí,Sí,A,exact_enum_match,Alta,false,
CNT-064,fecha_ultima_publicacion,2026-05-30,2026-05-30,A,iso_date_parse,Alta,false,
CNT-064,fuente,Operations/Research/2026-08-14_Reuse_Mayo_Ranking.csv,Operations/Research/2026-08-14_Reuse_Mayo_Ranking.csv,FREE_TEXT,copy_verbatim,Alta,false,
CNT-064,formato,Imagen,Imagen,FREE_TEXT,copy_verbatim,Alta,false,
CNT-064,categoria,Reuse / Histórico,,C_REAL,,Baja,true,fuera de enum; requiere decision humana (OVERRIDES)
CNT-064,bloqueado_canon,No evaluado; no modifica canon,,C_REAL,,Baja,true,fuera de enum; requiere decision humana (OVERRIDES)
CNT-064,estado_operacion_normalizado,Historical_Reconciled,,C_REAL,,Baja,true,fuera de enum; requiere decision humana (OVERRIDES)
CNT-064,estado_canon_normalizado,Canon_Clear_or_Unverified,Canon_Clear_or_Unverified,A,exact_enum_match,Alta,false,
CNT-064,asset_ref_confirmado,260642,260642,FREE_TEXT,copy_verbatim,Alta,false,
CNT-064,asset_ref_candidato,,,FREE_TEXT,copy_verbatim,Alta,false,
CNT-064,reconciliacion_estado,Resolved_Historical_Asset,,C_REAL,,Baja,true,fuera de enum; requiere decision humana (OVERRIDES)
CNT-064,reconciliacion_confianza,High,High,A,exact_enum_match,Alta,false,
CNT-064,reconciliacion_fuente,Reuse ranking + Drive 05 Mayo + Meta best_post_id,Reuse ranking + Drive 05 Mayo + Meta best_post_id,FREE_TEXT,copy_verbatim,Alta,false,
CNT-064,reconciliacion_nota,Filename exacto; Drive ID 1JD8VkU9IsOZZAZiqwrPDGnJQuVEC5Efj; Meta ID 1036844829507460_122124931461072582; ranking Reuse_Top28. La referencia 260508 comparte código con otra variante histórica y se conserva como CNT separado por filename. CNT creado sin aprobación canónica.,Filename exacto; Drive ID 1JD8VkU9IsOZZAZiqwrPDGnJQuVEC5Efj; Meta ID 1036844829507460_122124931461072582; ranking Reuse_Top28. La referencia 260508 comparte código con otra variante histórica y se conserva como CNT separado por filename. CNT creado sin aprobación canónica.,FREE_TEXT,copy_verbatim,Alta,false,
CNT-064,registro_relacionado,,,FREE_TEXT,copy_verbatim,Alta,false,
CNT-064,drive_reference_id,1JD8VkU9IsOZZAZiqwrPDGnJQuVEC5Efj,1JD8VkU9IsOZZAZiqwrPDGnJQuVEC5Efj,FREE_TEXT,copy_verbatim,Alta,false,
CNT-064,meta_publication_id,1036844829507460_122124931461072582,1036844829507460_122124931461072582,FREE_TEXT,copy_verbatim,Alta,false,
CNT-064,meta_permalink,,,FREE_TEXT,copy_verbatim,Alta,false,
CNT-064,asset_set,,,FREE_TEXT,copy_verbatim,Alta,false,
CNT-064,asset_ref,,,FREE_TEXT,copy_verbatim,Alta,false,
CNT-064,asset_filename,,,FREE_TEXT,copy_verbatim,Alta,false,
CNT-064,drive_id,,,FREE_TEXT,copy_verbatim,Alta,false,
CNT-064,estado_canon,,,FREE_TEXT,copy_verbatim,Alta,false,
CNT-064,estado_produccion,,,FREE_TEXT,copy_verbatim,Alta,false,
CNT-064,estado_publicacion,,,FREE_TEXT,copy_verbatim,Alta,false,
CNT-064,ultima_sincronizacion,,,FREE_TEXT,copy_verbatim,Alta,false,
CNT-064,motivo_revision_normalizado,,,FREE_TEXT,copy_verbatim,Alta,false,
CNT-064,personaje_principal_normalizado,Universe,Universe,FREE_TEXT,copy_verbatim,Alta,false,
CNT-064,personajes_secundarios_normalizados,Wilfred,Wilfred,FREE_TEXT,copy_verbatim,Alta,false,
CNT-064,rol_narrativo,Dúo o pareja,Dúo o pareja,FREE_TEXT,copy_verbatim,Alta,false,
CNT-064,tipo_humor_normalizado,No determinado,No determinado,FREE_TEXT,copy_verbatim,Alta,false,
CNT-064,potencial_etiquetado,Medio,Medio,FREE_TEXT,copy_verbatim,Alta,false,
CNT-064,confianza_taxonomia,Alta,Alta,FREE_TEXT,copy_verbatim,Alta,false,
CNT-064,fuente_taxonomia,Inventario + reglas taxonómicas,Inventario + reglas taxonómicas,FREE_TEXT,copy_verbatim,Alta,false,
CNT-064,nota_taxonomia,No sustituye canon; revisar si la confianza es Media o Baja.,No sustituye canon; revisar si la confianza es Media o Baja.,FREE_TEXT,copy_verbatim,Alta,false,
CNT-064,es_historico,,,FREE_TEXT,copy_verbatim,Alta,false,
CNT-065,id,CNT-065,CNT-065,FREE_TEXT,copy_verbatim,Alta,false,
CNT-065,titulo,Histórico reuse — 260644 - Universe.png,Histórico reuse — 260644 - Universe.png,FREE_TEXT,copy_verbatim,Alta,false,
CNT-065,personaje_principal,@char_USM_universe,@char_USM_universe,FREE_TEXT,copy_verbatim,Alta,false,
CNT-065,personajes_secundarios,,,FREE_TEXT,copy_verbatim,Alta,false,
CNT-065,tipo_contenido,Meme / Imagen histórica,,C_REAL,,Baja,true,fuera de enum; requiere decision humana (OVERRIDES)
CNT-065,plataforma,Facebook,Facebook,A,exact_enum_match,Alta,false,
CNT-065,objetivo,Histórico / Reuse / Aprendizaje,Histórico / Reuse / Aprendizaje,FREE_TEXT,copy_verbatim,Alta,false,
CNT-065,hipotesis,,,FREE_TEXT,copy_verbatim,Alta,false,
CNT-065,estado,Histórico reconciliado — pendiente de decisión de reuse,,C_REAL,,Baja,true,fuera de enum; requiere decision humana (OVERRIDES)
CNT-065,prioridad,Alta,Alta,A,exact_enum_match,Alta,false,
CNT-065,dificultad_produccion,Baja,Baja,A,exact_enum_match,Alta,false,
CNT-065,reutilizable,Sí,Sí,A,exact_enum_match,Alta,false,
CNT-065,fecha_ultima_publicacion,2026-05-30,2026-05-30,A,iso_date_parse,Alta,false,
CNT-065,fuente,Operations/Research/2026-08-14_Reuse_Mayo_Ranking.csv,Operations/Research/2026-08-14_Reuse_Mayo_Ranking.csv,FREE_TEXT,copy_verbatim,Alta,false,
CNT-065,formato,Imagen,Imagen,FREE_TEXT,copy_verbatim,Alta,false,
CNT-065,categoria,Reuse / Histórico,,C_REAL,,Baja,true,fuera de enum; requiere decision humana (OVERRIDES)
CNT-065,bloqueado_canon,No evaluado; no modifica canon,,C_REAL,,Baja,true,fuera de enum; requiere decision humana (OVERRIDES)
CNT-065,estado_operacion_normalizado,Historical_Reconciled,,C_REAL,,Baja,true,fuera de enum; requiere decision humana (OVERRIDES)
CNT-065,estado_canon_normalizado,Canon_Clear_or_Unverified,Canon_Clear_or_Unverified,A,exact_enum_match,Alta,false,
CNT-065,asset_ref_confirmado,260644,260644,FREE_TEXT,copy_verbatim,Alta,false,
CNT-065,asset_ref_candidato,,,FREE_TEXT,copy_verbatim,Alta,false,
CNT-065,reconciliacion_estado,Resolved_Historical_Asset,,C_REAL,,Baja,true,fuera de enum; requiere decision humana (OVERRIDES)
CNT-065,reconciliacion_confianza,High,High,A,exact_enum_match,Alta,false,
CNT-065,reconciliacion_fuente,Reuse ranking + Drive 05 Mayo + Meta best_post_id,Reuse ranking + Drive 05 Mayo + Meta best_post_id,FREE_TEXT,copy_verbatim,Alta,false,
CNT-065,reconciliacion_nota,Filename exacto; Drive ID 1pYa6y0UodlQ00lmGozoCkne19pmKByiw; Meta ID 1036844829507460_122124927519072582; ranking Reuse_Top28. La referencia 260508 comparte código con otra variante histórica y se conserva como CNT separado por filename. CNT creado sin aprobación canónica.,Filename exacto; Drive ID 1pYa6y0UodlQ00lmGozoCkne19pmKByiw; Meta ID 1036844829507460_122124927519072582; ranking Reuse_Top28. La referencia 260508 comparte código con otra variante histórica y se conserva como CNT separado por filename. CNT creado sin aprobación canónica.,FREE_TEXT,copy_verbatim,Alta,false,
CNT-065,registro_relacionado,,,FREE_TEXT,copy_verbatim,Alta,false,
CNT-065,drive_reference_id,1pYa6y0UodlQ00lmGozoCkne19pmKByiw,1pYa6y0UodlQ00lmGozoCkne19pmKByiw,FREE_TEXT,copy_verbatim,Alta,false,
CNT-065,meta_publication_id,1036844829507460_122124927519072582,1036844829507460_122124927519072582,FREE_TEXT,copy_verbatim,Alta,false,
CNT-065,meta_permalink,,,FREE_TEXT,copy_verbatim,Alta,false,
CNT-065,asset_set,,,FREE_TEXT,copy_verbatim,Alta,false,
CNT-065,asset_ref,,,FREE_TEXT,copy_verbatim,Alta,false,
CNT-065,asset_filename,,,FREE_TEXT,copy_verbatim,Alta,false,
CNT-065,drive_id,,,FREE_TEXT,copy_verbatim,Alta,false,
CNT-065,estado_canon,,,FREE_TEXT,copy_verbatim,Alta,false,
CNT-065,estado_produccion,,,FREE_TEXT,copy_verbatim,Alta,false,
CNT-065,estado_publicacion,,,FREE_TEXT,copy_verbatim,Alta,false,
CNT-065,ultima_sincronizacion,,,FREE_TEXT,copy_verbatim,Alta,false,
CNT-065,motivo_revision_normalizado,,,FREE_TEXT,copy_verbatim,Alta,false,
CNT-065,personaje_principal_normalizado,Universe,Universe,FREE_TEXT,copy_verbatim,Alta,false,
CNT-065,personajes_secundarios_normalizados,Ninguno,Ninguno,FREE_TEXT,copy_verbatim,Alta,false,
CNT-065,rol_narrativo,Protagonista,Protagonista,FREE_TEXT,copy_verbatim,Alta,false,
CNT-065,tipo_humor_normalizado,No determinado,No determinado,FREE_TEXT,copy_verbatim,Alta,false,
CNT-065,potencial_etiquetado,Medio,Medio,FREE_TEXT,copy_verbatim,Alta,false,
CNT-065,confianza_taxonomia,Alta,Alta,FREE_TEXT,copy_verbatim,Alta,false,
CNT-065,fuente_taxonomia,Inventario + reglas taxonómicas,Inventario + reglas taxonómicas,FREE_TEXT,copy_verbatim,Alta,false,
CNT-065,nota_taxonomia,No sustituye canon; revisar si la confianza es Media o Baja.,No sustituye canon; revisar si la confianza es Media o Baja.,FREE_TEXT,copy_verbatim,Alta,false,
CNT-065,es_historico,,,FREE_TEXT,copy_verbatim,Alta,false,
CNT-066,id,CNT-066,CNT-066,FREE_TEXT,copy_verbatim,Alta,false,
CNT-066,titulo,Histórico reuse — 260650 - Universe.png,Histórico reuse — 260650 - Universe.png,FREE_TEXT,copy_verbatim,Alta,false,
CNT-066,personaje_principal,@char_USM_universe,@char_USM_universe,FREE_TEXT,copy_verbatim,Alta,false,
CNT-066,personajes_secundarios,,,FREE_TEXT,copy_verbatim,Alta,false,
CNT-066,tipo_contenido,Meme / Imagen histórica,,C_REAL,,Baja,true,fuera de enum; requiere decision humana (OVERRIDES)
CNT-066,plataforma,Facebook,Facebook,A,exact_enum_match,Alta,false,
CNT-066,objetivo,Histórico / Reuse / Aprendizaje,Histórico / Reuse / Aprendizaje,FREE_TEXT,copy_verbatim,Alta,false,
CNT-066,hipotesis,,,FREE_TEXT,copy_verbatim,Alta,false,
CNT-066,estado,Histórico reconciliado — pendiente de decisión de reuse,,C_REAL,,Baja,true,fuera de enum; requiere decision humana (OVERRIDES)
CNT-066,prioridad,Alta,Alta,A,exact_enum_match,Alta,false,
CNT-066,dificultad_produccion,Baja,Baja,A,exact_enum_match,Alta,false,
CNT-066,reutilizable,Sí,Sí,A,exact_enum_match,Alta,false,
CNT-066,fecha_ultima_publicacion,2026-05-31,2026-05-31,A,iso_date_parse,Alta,false,
CNT-066,fuente,Operations/Research/2026-08-14_Reuse_Mayo_Ranking.csv,Operations/Research/2026-08-14_Reuse_Mayo_Ranking.csv,FREE_TEXT,copy_verbatim,Alta,false,
CNT-066,formato,Imagen,Imagen,FREE_TEXT,copy_verbatim,Alta,false,
CNT-066,categoria,Reuse / Histórico,,C_REAL,,Baja,true,fuera de enum; requiere decision humana (OVERRIDES)
CNT-066,bloqueado_canon,No evaluado; no modifica canon,,C_REAL,,Baja,true,fuera de enum; requiere decision humana (OVERRIDES)
CNT-066,estado_operacion_normalizado,Historical_Reconciled,,C_REAL,,Baja,true,fuera de enum; requiere decision humana (OVERRIDES)
CNT-066,estado_canon_normalizado,Canon_Clear_or_Unverified,Canon_Clear_or_Unverified,A,exact_enum_match,Alta,false,
CNT-066,asset_ref_confirmado,260650,260650,FREE_TEXT,copy_verbatim,Alta,false,
CNT-066,asset_ref_candidato,,,FREE_TEXT,copy_verbatim,Alta,false,
CNT-066,reconciliacion_estado,Resolved_Historical_Asset,,C_REAL,,Baja,true,fuera de enum; requiere decision humana (OVERRIDES)
CNT-066,reconciliacion_confianza,High,High,A,exact_enum_match,Alta,false,
CNT-066,reconciliacion_fuente,Reuse ranking + Drive 05 Mayo + Meta best_post_id,Reuse ranking + Drive 05 Mayo + Meta best_post_id,FREE_TEXT,copy_verbatim,Alta,false,
CNT-066,reconciliacion_nota,Filename exacto; Drive ID 1qL6amvdj4Eolwj_oB3VZkLVPa1rwxZ4J; Meta ID 1036844829507460_122124960891072582; ranking Reuse_Top28. La referencia 260508 comparte código con otra variante histórica y se conserva como CNT separado por filename. CNT creado sin aprobación canónica.,Filename exacto; Drive ID 1qL6amvdj4Eolwj_oB3VZkLVPa1rwxZ4J; Meta ID 1036844829507460_122124960891072582; ranking Reuse_Top28. La referencia 260508 comparte código con otra variante histórica y se conserva como CNT separado por filename. CNT creado sin aprobación canónica.,FREE_TEXT,copy_verbatim,Alta,false,
CNT-066,registro_relacionado,,,FREE_TEXT,copy_verbatim,Alta,false,
CNT-066,drive_reference_id,1qL6amvdj4Eolwj_oB3VZkLVPa1rwxZ4J,1qL6amvdj4Eolwj_oB3VZkLVPa1rwxZ4J,FREE_TEXT,copy_verbatim,Alta,false,
CNT-066,meta_publication_id,1036844829507460_122124960891072582,1036844829507460_122124960891072582,FREE_TEXT,copy_verbatim,Alta,false,
CNT-066,meta_permalink,,,FREE_TEXT,copy_verbatim,Alta,false,
CNT-066,asset_set,,,FREE_TEXT,copy_verbatim,Alta,false,
CNT-066,asset_ref,,,FREE_TEXT,copy_verbatim,Alta,false,
CNT-066,asset_filename,,,FREE_TEXT,copy_verbatim,Alta,false,
CNT-066,drive_id,,,FREE_TEXT,copy_verbatim,Alta,false,
CNT-066,estado_canon,,,FREE_TEXT,copy_verbatim,Alta,false,
CNT-066,estado_produccion,,,FREE_TEXT,copy_verbatim,Alta,false,
CNT-066,estado_publicacion,,,FREE_TEXT,copy_verbatim,Alta,false,
CNT-066,ultima_sincronizacion,,,FREE_TEXT,copy_verbatim,Alta,false,
CNT-066,motivo_revision_normalizado,,,FREE_TEXT,copy_verbatim,Alta,false,
CNT-066,personaje_principal_normalizado,Universe,Universe,FREE_TEXT,copy_verbatim,Alta,false,
CNT-066,personajes_secundarios_normalizados,Ninguno,Ninguno,FREE_TEXT,copy_verbatim,Alta,false,
CNT-066,rol_narrativo,Protagonista,Protagonista,FREE_TEXT,copy_verbatim,Alta,false,
CNT-066,tipo_humor_normalizado,No determinado,No determinado,FREE_TEXT,copy_verbatim,Alta,false,
CNT-066,potencial_etiquetado,Medio,Medio,FREE_TEXT,copy_verbatim,Alta,false,
CNT-066,confianza_taxonomia,Alta,Alta,FREE_TEXT,copy_verbatim,Alta,false,
CNT-066,fuente_taxonomia,Inventario + reglas taxonómicas,Inventario + reglas taxonómicas,FREE_TEXT,copy_verbatim,Alta,false,
CNT-066,nota_taxonomia,No sustituye canon; revisar si la confianza es Media o Baja.,No sustituye canon; revisar si la confianza es Media o Baja.,FREE_TEXT,copy_verbatim,Alta,false,
CNT-066,es_historico,,,FREE_TEXT,copy_verbatim,Alta,false,
CNT-067,id,CNT-067,CNT-067,FREE_TEXT,copy_verbatim,Alta,false,
CNT-067,titulo,Histórico reuse — 260659 - Universe.png,Histórico reuse — 260659 - Universe.png,FREE_TEXT,copy_verbatim,Alta,false,
CNT-067,personaje_principal,@char_USM_universe,@char_USM_universe,FREE_TEXT,copy_verbatim,Alta,false,
CNT-067,personajes_secundarios,,,FREE_TEXT,copy_verbatim,Alta,false,
CNT-067,tipo_contenido,Meme / Imagen histórica,,C_REAL,,Baja,true,fuera de enum; requiere decision humana (OVERRIDES)
CNT-067,plataforma,Facebook,Facebook,A,exact_enum_match,Alta,false,
CNT-067,objetivo,Histórico / Reuse / Aprendizaje,Histórico / Reuse / Aprendizaje,FREE_TEXT,copy_verbatim,Alta,false,
CNT-067,hipotesis,,,FREE_TEXT,copy_verbatim,Alta,false,
CNT-067,estado,Histórico reconciliado — pendiente de decisión de reuse,,C_REAL,,Baja,true,fuera de enum; requiere decision humana (OVERRIDES)
CNT-067,prioridad,Alta,Alta,A,exact_enum_match,Alta,false,
CNT-067,dificultad_produccion,Baja,Baja,A,exact_enum_match,Alta,false,
CNT-067,reutilizable,Sí,Sí,A,exact_enum_match,Alta,false,
CNT-067,fecha_ultima_publicacion,2026-05-31,2026-05-31,A,iso_date_parse,Alta,false,
CNT-067,fuente,Operations/Research/2026-08-14_Reuse_Mayo_Ranking.csv,Operations/Research/2026-08-14_Reuse_Mayo_Ranking.csv,FREE_TEXT,copy_verbatim,Alta,false,
CNT-067,formato,Imagen,Imagen,FREE_TEXT,copy_verbatim,Alta,false,
CNT-067,categoria,Reuse / Histórico,,C_REAL,,Baja,true,fuera de enum; requiere decision humana (OVERRIDES)
CNT-067,bloqueado_canon,No evaluado; no modifica canon,,C_REAL,,Baja,true,fuera de enum; requiere decision humana (OVERRIDES)
CNT-067,estado_operacion_normalizado,Historical_Reconciled,,C_REAL,,Baja,true,fuera de enum; requiere decision humana (OVERRIDES)
CNT-067,estado_canon_normalizado,Canon_Clear_or_Unverified,Canon_Clear_or_Unverified,A,exact_enum_match,Alta,false,
CNT-067,asset_ref_confirmado,260659,260659,FREE_TEXT,copy_verbatim,Alta,false,
CNT-067,asset_ref_candidato,,,FREE_TEXT,copy_verbatim,Alta,false,
CNT-067,reconciliacion_estado,Resolved_Historical_Asset,,C_REAL,,Baja,true,fuera de enum; requiere decision humana (OVERRIDES)
CNT-067,reconciliacion_confianza,High,High,A,exact_enum_match,Alta,false,
CNT-067,reconciliacion_fuente,Reuse ranking + Drive 05 Mayo + Meta best_post_id,Reuse ranking + Drive 05 Mayo + Meta best_post_id,FREE_TEXT,copy_verbatim,Alta,false,
CNT-067,reconciliacion_nota,Filename exacto; Drive ID 1Q6tj-xKLWDPvxSsIRVPk17Q8D60LsAPK; Meta ID 1036844829507460_122125167639072582; ranking Reuse_Top28. La referencia 260508 comparte código con otra variante histórica y se conserva como CNT separado por filename. CNT creado sin aprobación canónica.,Filename exacto; Drive ID 1Q6tj-xKLWDPvxSsIRVPk17Q8D60LsAPK; Meta ID 1036844829507460_122125167639072582; ranking Reuse_Top28. La referencia 260508 comparte código con otra variante histórica y se conserva como CNT separado por filename. CNT creado sin aprobación canónica.,FREE_TEXT,copy_verbatim,Alta,false,
CNT-067,registro_relacionado,,,FREE_TEXT,copy_verbatim,Alta,false,
CNT-067,drive_reference_id,1Q6tj-xKLWDPvxSsIRVPk17Q8D60LsAPK,1Q6tj-xKLWDPvxSsIRVPk17Q8D60LsAPK,FREE_TEXT,copy_verbatim,Alta,false,
CNT-067,meta_publication_id,1036844829507460_122125167639072582,1036844829507460_122125167639072582,FREE_TEXT,copy_verbatim,Alta,false,
CNT-067,meta_permalink,,,FREE_TEXT,copy_verbatim,Alta,false,
CNT-067,asset_set,,,FREE_TEXT,copy_verbatim,Alta,false,
CNT-067,asset_ref,,,FREE_TEXT,copy_verbatim,Alta,false,
CNT-067,asset_filename,,,FREE_TEXT,copy_verbatim,Alta,false,
CNT-067,drive_id,,,FREE_TEXT,copy_verbatim,Alta,false,
CNT-067,estado_canon,,,FREE_TEXT,copy_verbatim,Alta,false,
CNT-067,estado_produccion,,,FREE_TEXT,copy_verbatim,Alta,false,
CNT-067,estado_publicacion,,,FREE_TEXT,copy_verbatim,Alta,false,
CNT-067,ultima_sincronizacion,,,FREE_TEXT,copy_verbatim,Alta,false,
CNT-067,motivo_revision_normalizado,,,FREE_TEXT,copy_verbatim,Alta,false,
CNT-067,personaje_principal_normalizado,Universe,Universe,FREE_TEXT,copy_verbatim,Alta,false,
CNT-067,personajes_secundarios_normalizados,Ninguno,Ninguno,FREE_TEXT,copy_verbatim,Alta,false,
CNT-067,rol_narrativo,Protagonista,Protagonista,FREE_TEXT,copy_verbatim,Alta,false,
CNT-067,tipo_humor_normalizado,No determinado,No determinado,FREE_TEXT,copy_verbatim,Alta,false,
CNT-067,potencial_etiquetado,Medio,Medio,FREE_TEXT,copy_verbatim,Alta,false,
CNT-067,confianza_taxonomia,Alta,Alta,FREE_TEXT,copy_verbatim,Alta,false,
CNT-067,fuente_taxonomia,Inventario + reglas taxonómicas,Inventario + reglas taxonómicas,FREE_TEXT,copy_verbatim,Alta,false,
CNT-067,nota_taxonomia,No sustituye canon; revisar si la confianza es Media o Baja.,No sustituye canon; revisar si la confianza es Media o Baja.,FREE_TEXT,copy_verbatim,Alta,false,
CNT-067,es_historico,,,FREE_TEXT,copy_verbatim,Alta,false,
CNT-068,id,CNT-068,CNT-068,FREE_TEXT,copy_verbatim,Alta,false,
CNT-068,titulo,Histórico junio — Universe - Existencial 260724.png,Histórico junio — Universe - Existencial 260724.png,FREE_TEXT,copy_verbatim,Alta,false,
CNT-068,personaje_principal,@char_USM_universe,@char_USM_universe,FREE_TEXT,copy_verbatim,Alta,false,
CNT-068,personajes_secundarios,,,FREE_TEXT,copy_verbatim,Alta,false,
CNT-068,tipo_contenido,Meme / Imagen histórica,,C_REAL,,Baja,true,fuera de enum; requiere decision humana (OVERRIDES)
CNT-068,plataforma,Facebook,Facebook,A,exact_enum_match,Alta,false,
CNT-068,objetivo,Histórico / Reuse / Aprendizaje,Histórico / Reuse / Aprendizaje,FREE_TEXT,copy_verbatim,Alta,false,
CNT-068,hipotesis,,,FREE_TEXT,copy_verbatim,Alta,false,
CNT-068,estado,Histórico reconciliado — pendiente de decisión de reuse,,C_REAL,,Baja,true,fuera de enum; requiere decision humana (OVERRIDES)
CNT-068,prioridad,Alta,Alta,A,exact_enum_match,Alta,false,
CNT-068,dificultad_produccion,Baja,Baja,A,exact_enum_match,Alta,false,
CNT-068,reutilizable,Sí,Sí,A,exact_enum_match,Alta,false,
CNT-068,fecha_ultima_publicacion,2026-06-07,2026-06-07,A,iso_date_parse,Alta,false,
CNT-068,fuente,Operations/Research/2026-08-14_Comparativo_Desempeno_Junio_Julio_Agosto_Datos.csv,Operations/Research/2026-08-14_Comparativo_Desempeno_Junio_Julio_Agosto_Datos.csv,FREE_TEXT,copy_verbatim,Alta,false,
CNT-068,formato,Imagen,Imagen,FREE_TEXT,copy_verbatim,Alta,false,
CNT-068,categoria,Reuse / Histórico,,C_REAL,,Baja,true,fuera de enum; requiere decision humana (OVERRIDES)
CNT-068,bloqueado_canon,No evaluado; no modifica canon,,C_REAL,,Baja,true,fuera de enum; requiere decision humana (OVERRIDES)
CNT-068,estado_operacion_normalizado,Historical_Reconciled,,C_REAL,,Baja,true,fuera de enum; requiere decision humana (OVERRIDES)
CNT-068,estado_canon_normalizado,Canon_Clear_or_Unverified,Canon_Clear_or_Unverified,A,exact_enum_match,Alta,false,
CNT-068,asset_ref_confirmado,260724,260724,FREE_TEXT,copy_verbatim,Alta,false,
CNT-068,asset_ref_candidato,,,FREE_TEXT,copy_verbatim,Alta,false,
CNT-068,reconciliacion_estado,Resolved_Historical_Asset,,C_REAL,,Baja,true,fuera de enum; requiere decision humana (OVERRIDES)
CNT-068,reconciliacion_confianza,High,High,A,exact_enum_match,Alta,false,
CNT-068,reconciliacion_fuente,Visual match Top screenshot + Drive 06 Junio + Meta historical dataset,Visual match Top screenshot + Drive 06 Junio + Meta historical dataset,FREE_TEXT,copy_verbatim,Alta,false,
CNT-068,reconciliacion_nota,"Coincidencia visual exacta con captura Top: texto “No conoces a nadie por accidente”, “El Universo:” y “A ver cojan”; captura muestra caption ✨✨✨ del 2026-06-07. Dataset Meta: post ID 1036844829507460_122127939543072582, local 18:43:18, 25 reacciones, 1 comentario, 6 shares, 32 interacciones. La captura contiene métricas lifetime posteriores y no se mezclan con el dataset.","Coincidencia visual exacta con captura Top: texto “No conoces a nadie por accidente”, “El Universo:” y “A ver cojan”; captura muestra caption ✨✨✨ del 2026-06-07. Dataset Meta: post ID 1036844829507460_122127939543072582, local 18:43:18, 25 reacciones, 1 comentario, 6 shares, 32 interacciones. La captura contiene métricas lifetime posteriores y no se mezclan con el dataset.",FREE_TEXT,copy_verbatim,Alta,false,
CNT-068,registro_relacionado,,,FREE_TEXT,copy_verbatim,Alta,false,
CNT-068,drive_reference_id,1smMni1etHda5lhATT0XGtjE1EcAvIFYw,1smMni1etHda5lhATT0XGtjE1EcAvIFYw,FREE_TEXT,copy_verbatim,Alta,false,
CNT-068,meta_publication_id,1036844829507460_122127939543072582,1036844829507460_122127939543072582,FREE_TEXT,copy_verbatim,Alta,false,
CNT-068,meta_permalink,,,FREE_TEXT,copy_verbatim,Alta,false,
CNT-068,asset_set,,,FREE_TEXT,copy_verbatim,Alta,false,
CNT-068,asset_ref,,,FREE_TEXT,copy_verbatim,Alta,false,
CNT-068,asset_filename,,,FREE_TEXT,copy_verbatim,Alta,false,
CNT-068,drive_id,,,FREE_TEXT,copy_verbatim,Alta,false,
CNT-068,estado_canon,,,FREE_TEXT,copy_verbatim,Alta,false,
CNT-068,estado_produccion,,,FREE_TEXT,copy_verbatim,Alta,false,
CNT-068,estado_publicacion,,,FREE_TEXT,copy_verbatim,Alta,false,
CNT-068,ultima_sincronizacion,,,FREE_TEXT,copy_verbatim,Alta,false,
CNT-068,motivo_revision_normalizado,,,FREE_TEXT,copy_verbatim,Alta,false,
CNT-068,personaje_principal_normalizado,Universe,Universe,FREE_TEXT,copy_verbatim,Alta,false,
CNT-068,personajes_secundarios_normalizados,Ninguno,Ninguno,FREE_TEXT,copy_verbatim,Alta,false,
CNT-068,rol_narrativo,Protagonista,Protagonista,FREE_TEXT,copy_verbatim,Alta,false,
CNT-068,tipo_humor_normalizado,Existencial o absurdo,Existencial o absurdo,FREE_TEXT,copy_verbatim,Alta,false,
CNT-068,potencial_etiquetado,Medio,Medio,FREE_TEXT,copy_verbatim,Alta,false,
CNT-068,confianza_taxonomia,Alta,Alta,FREE_TEXT,copy_verbatim,Alta,false,
CNT-068,fuente_taxonomia,Inventario + reglas taxonómicas,Inventario + reglas taxonómicas,FREE_TEXT,copy_verbatim,Alta,false,
CNT-068,nota_taxonomia,No sustituye canon; revisar si la confianza es Media o Baja.,No sustituye canon; revisar si la confianza es Media o Baja.,FREE_TEXT,copy_verbatim,Alta,false,
CNT-068,es_historico,,,FREE_TEXT,copy_verbatim,Alta,false,
CNT-069,id,CNT-069,CNT-069,FREE_TEXT,copy_verbatim,Alta,false,
CNT-069,titulo,Histórico junio — 2607792 - fantasma+Universe - El gato ;o (21-jun-26).jpeg,Histórico junio — 2607792 - fantasma+Universe - El gato ;o (21-jun-26).jpeg,FREE_TEXT,copy_verbatim,Alta,false,
CNT-069,personaje_principal,@char_USM_fantasma,@char_USM_fantasma,FREE_TEXT,copy_verbatim,Alta,false,
CNT-069,personajes_secundarios,@char_USM_universe,@char_USM_universe,FREE_TEXT,copy_verbatim,Alta,false,
CNT-069,tipo_contenido,Meme / Imagen histórica,,C_REAL,,Baja,true,fuera de enum; requiere decision humana (OVERRIDES)
CNT-069,plataforma,Facebook,Facebook,A,exact_enum_match,Alta,false,
CNT-069,objetivo,Histórico / Reuse / Aprendizaje,Histórico / Reuse / Aprendizaje,FREE_TEXT,copy_verbatim,Alta,false,
CNT-069,hipotesis,,,FREE_TEXT,copy_verbatim,Alta,false,
CNT-069,estado,Histórico reconciliado — pendiente de decisión de reuse,,C_REAL,,Baja,true,fuera de enum; requiere decision humana (OVERRIDES)
CNT-069,prioridad,Alta,Alta,A,exact_enum_match,Alta,false,
CNT-069,dificultad_produccion,Baja,Baja,A,exact_enum_match,Alta,false,
CNT-069,reutilizable,Sí,Sí,A,exact_enum_match,Alta,false,
CNT-069,fecha_ultima_publicacion,2026-06-21,2026-06-21,A,iso_date_parse,Alta,false,
CNT-069,fuente,Operations/Research/2026-08-16_Manifiesto_Movimiento_35_Memes_Agosto.json + Meta historical dataset,Operations/Research/2026-08-16_Manifiesto_Movimiento_35_Memes_Agosto.json + Meta historical dataset,FREE_TEXT,copy_verbatim,Alta,false,
CNT-069,formato,Imagen,Imagen,FREE_TEXT,copy_verbatim,Alta,false,
CNT-069,categoria,Reuse / Histórico,,C_REAL,,Baja,true,fuera de enum; requiere decision humana (OVERRIDES)
CNT-069,bloqueado_canon,No evaluado; no modifica canon,,C_REAL,,Baja,true,fuera de enum; requiere decision humana (OVERRIDES)
CNT-069,estado_operacion_normalizado,Historical_Reconciled,,C_REAL,,Baja,true,fuera de enum; requiere decision humana (OVERRIDES)
CNT-069,estado_canon_normalizado,Canon_Clear_or_Unverified,Canon_Clear_or_Unverified,A,exact_enum_match,Alta,false,
CNT-069,asset_ref_confirmado,2607792,2607792,FREE_TEXT,copy_verbatim,Alta,false,
CNT-069,asset_ref_candidato,,,FREE_TEXT,copy_verbatim,Alta,false,
CNT-069,reconciliacion_estado,Resolved_Historical_Asset,,C_REAL,,Baja,true,fuera de enum; requiere decision humana (OVERRIDES)
CNT-069,reconciliacion_confianza,High,High,A,exact_enum_match,Alta,false,
CNT-069,reconciliacion_fuente,Meta visual + Drive 08 Agosto + manifest movement + historical ledger,Meta visual + Drive 08 Agosto + manifest movement + historical ledger,FREE_TEXT,copy_verbatim,Alta,false,
CNT-069,reconciliacion_nota,"Coincidencia visual exacta entre captura/post Meta y el archivo movido a 08 Agosto; no se infiere por similitud temática. CNT creado con evidencia de filename, Drive ID y Meta ID.","Coincidencia visual exacta entre captura/post Meta y el archivo movido a 08 Agosto; no se infiere por similitud temática. CNT creado con evidencia de filename, Drive ID y Meta ID.",FREE_TEXT,copy_verbatim,Alta,false,
CNT-069,registro_relacionado,,,FREE_TEXT,copy_verbatim,Alta,false,
CNT-069,drive_reference_id,1dYQ2ymvaqEC3P1S96TqrFBOXexYXDT8E,1dYQ2ymvaqEC3P1S96TqrFBOXexYXDT8E,FREE_TEXT,copy_verbatim,Alta,false,
CNT-069,meta_publication_id,1036844829507460_122132599809072582,1036844829507460_122132599809072582,FREE_TEXT,copy_verbatim,Alta,false,
CNT-069,meta_permalink,,,FREE_TEXT,copy_verbatim,Alta,false,
CNT-069,asset_set,08 Agosto,08 Agosto,FREE_TEXT,copy_verbatim,Alta,false,
CNT-069,asset_ref,,,FREE_TEXT,copy_verbatim,Alta,false,
CNT-069,asset_filename,,,FREE_TEXT,copy_verbatim,Alta,false,
CNT-069,drive_id,,,FREE_TEXT,copy_verbatim,Alta,false,
CNT-069,estado_canon,,,FREE_TEXT,copy_verbatim,Alta,false,
CNT-069,estado_produccion,,,FREE_TEXT,copy_verbatim,Alta,false,
CNT-069,estado_publicacion,,,FREE_TEXT,copy_verbatim,Alta,false,
CNT-069,ultima_sincronizacion,,,FREE_TEXT,copy_verbatim,Alta,false,
CNT-069,motivo_revision_normalizado,,,FREE_TEXT,copy_verbatim,Alta,false,
CNT-069,personaje_principal_normalizado,Universe,Universe,FREE_TEXT,copy_verbatim,Alta,false,
CNT-069,personajes_secundarios_normalizados,Fantasma,Fantasma,FREE_TEXT,copy_verbatim,Alta,false,
CNT-069,rol_narrativo,Dúo o pareja,Dúo o pareja,FREE_TEXT,copy_verbatim,Alta,false,
CNT-069,tipo_humor_normalizado,No determinado,No determinado,FREE_TEXT,copy_verbatim,Alta,false,
CNT-069,potencial_etiquetado,Medio,Medio,FREE_TEXT,copy_verbatim,Alta,false,
CNT-069,confianza_taxonomia,Alta,Alta,FREE_TEXT,copy_verbatim,Alta,false,
CNT-069,fuente_taxonomia,Inventario + reglas taxonómicas,Inventario + reglas taxonómicas,FREE_TEXT,copy_verbatim,Alta,false,
CNT-069,nota_taxonomia,No sustituye canon; revisar si la confianza es Media o Baja.,No sustituye canon; revisar si la confianza es Media o Baja.,FREE_TEXT,copy_verbatim,Alta,false,
CNT-069,es_historico,,,FREE_TEXT,copy_verbatim,Alta,false,
CNT-070,id,CNT-070,CNT-070,FREE_TEXT,copy_verbatim,Alta,false,
CNT-070,titulo,Histórico junio — 2607794 - Universe - Aver.. A ver... (22-jun-26).png,Histórico junio — 2607794 - Universe - Aver.. A ver... (22-jun-26).png,FREE_TEXT,copy_verbatim,Alta,false,
CNT-070,personaje_principal,@char_USM_universe,@char_USM_universe,FREE_TEXT,copy_verbatim,Alta,false,
CNT-070,personajes_secundarios,,,FREE_TEXT,copy_verbatim,Alta,false,
CNT-070,tipo_contenido,Meme / Imagen histórica,,C_REAL,,Baja,true,fuera de enum; requiere decision humana (OVERRIDES)
CNT-070,plataforma,Facebook,Facebook,A,exact_enum_match,Alta,false,
CNT-070,objetivo,Histórico / Reuse / Aprendizaje,Histórico / Reuse / Aprendizaje,FREE_TEXT,copy_verbatim,Alta,false,
CNT-070,hipotesis,,,FREE_TEXT,copy_verbatim,Alta,false,
CNT-070,estado,Histórico reconciliado — pendiente de decisión de reuse,,C_REAL,,Baja,true,fuera de enum; requiere decision humana (OVERRIDES)
CNT-070,prioridad,Alta,Alta,A,exact_enum_match,Alta,false,
CNT-070,dificultad_produccion,Baja,Baja,A,exact_enum_match,Alta,false,
CNT-070,reutilizable,Sí,Sí,A,exact_enum_match,Alta,false,
CNT-070,fecha_ultima_publicacion,2026-06-22,2026-06-22,A,iso_date_parse,Alta,false,
CNT-070,fuente,Operations/Research/2026-08-16_Manifiesto_Movimiento_35_Memes_Agosto.json + Meta historical dataset,Operations/Research/2026-08-16_Manifiesto_Movimiento_35_Memes_Agosto.json + Meta historical dataset,FREE_TEXT,copy_verbatim,Alta,false,
CNT-070,formato,Imagen,Imagen,FREE_TEXT,copy_verbatim,Alta,false,
CNT-070,categoria,Reuse / Histórico,,C_REAL,,Baja,true,fuera de enum; requiere decision humana (OVERRIDES)
CNT-070,bloqueado_canon,No evaluado; no modifica canon,,C_REAL,,Baja,true,fuera de enum; requiere decision humana (OVERRIDES)
CNT-070,estado_operacion_normalizado,Historical_Reconciled,,C_REAL,,Baja,true,fuera de enum; requiere decision humana (OVERRIDES)
CNT-070,estado_canon_normalizado,Canon_Clear_or_Unverified,Canon_Clear_or_Unverified,A,exact_enum_match,Alta,false,
CNT-070,asset_ref_confirmado,2607794,2607794,FREE_TEXT,copy_verbatim,Alta,false,
CNT-070,asset_ref_candidato,,,FREE_TEXT,copy_verbatim,Alta,false,
CNT-070,reconciliacion_estado,Resolved_Historical_Asset,,C_REAL,,Baja,true,fuera de enum; requiere decision humana (OVERRIDES)
CNT-070,reconciliacion_confianza,High,High,A,exact_enum_match,Alta,false,
CNT-070,reconciliacion_fuente,Meta visual + Drive 08 Agosto + manifest movement + historical ledger,Meta visual + Drive 08 Agosto + manifest movement + historical ledger,FREE_TEXT,copy_verbatim,Alta,false,
CNT-070,reconciliacion_nota,"Coincidencia visual exacta entre captura/post Meta y el archivo movido a 08 Agosto; no se infiere por similitud temática. CNT creado con evidencia de filename, Drive ID y Meta ID.","Coincidencia visual exacta entre captura/post Meta y el archivo movido a 08 Agosto; no se infiere por similitud temática. CNT creado con evidencia de filename, Drive ID y Meta ID.",FREE_TEXT,copy_verbatim,Alta,false,
CNT-070,registro_relacionado,,,FREE_TEXT,copy_verbatim,Alta,false,
CNT-070,drive_reference_id,1NzGQgxa38avO_jp14x7eRTzoaRutv9IW,1NzGQgxa38avO_jp14x7eRTzoaRutv9IW,FREE_TEXT,copy_verbatim,Alta,false,
CNT-070,meta_publication_id,1036844829507460_122132690157072582,1036844829507460_122132690157072582,FREE_TEXT,copy_verbatim,Alta,false,
CNT-070,meta_permalink,,,FREE_TEXT,copy_verbatim,Alta,false,
CNT-070,asset_set,08 Agosto,08 Agosto,FREE_TEXT,copy_verbatim,Alta,false,
CNT-070,asset_ref,,,FREE_TEXT,copy_verbatim,Alta,false,
CNT-070,asset_filename,,,FREE_TEXT,copy_verbatim,Alta,false,
CNT-070,drive_id,,,FREE_TEXT,copy_verbatim,Alta,false,
CNT-070,estado_canon,,,FREE_TEXT,copy_verbatim,Alta,false,
CNT-070,estado_produccion,,,FREE_TEXT,copy_verbatim,Alta,false,
CNT-070,estado_publicacion,,,FREE_TEXT,copy_verbatim,Alta,false,
CNT-070,ultima_sincronizacion,,,FREE_TEXT,copy_verbatim,Alta,false,
CNT-070,motivo_revision_normalizado,,,FREE_TEXT,copy_verbatim,Alta,false,
CNT-070,personaje_principal_normalizado,Universe,Universe,FREE_TEXT,copy_verbatim,Alta,false,
CNT-070,personajes_secundarios_normalizados,Ninguno,Ninguno,FREE_TEXT,copy_verbatim,Alta,false,
CNT-070,rol_narrativo,Protagonista,Protagonista,FREE_TEXT,copy_verbatim,Alta,false,
CNT-070,tipo_humor_normalizado,No determinado,No determinado,FREE_TEXT,copy_verbatim,Alta,false,
CNT-070,potencial_etiquetado,Medio,Medio,FREE_TEXT,copy_verbatim,Alta,false,
CNT-070,confianza_taxonomia,Alta,Alta,FREE_TEXT,copy_verbatim,Alta,false,
CNT-070,fuente_taxonomia,Inventario + reglas taxonómicas,Inventario + reglas taxonómicas,FREE_TEXT,copy_verbatim,Alta,false,
CNT-070,nota_taxonomia,No sustituye canon; revisar si la confianza es Media o Baja.,No sustituye canon; revisar si la confianza es Media o Baja.,FREE_TEXT,copy_verbatim,Alta,false,
CNT-070,es_historico,,,FREE_TEXT,copy_verbatim,Alta,false,
CNT-071,id,CNT-071,CNT-071,FREE_TEXT,copy_verbatim,Alta,false,
CNT-071,titulo,Histórico junio — 260733 - Evan - Yo aura fuerte (10-jun-26).png,Histórico junio — 260733 - Evan - Yo aura fuerte (10-jun-26).png,FREE_TEXT,copy_verbatim,Alta,false,
CNT-071,personaje_principal,@char_USM_evan,@char_USM_evan,FREE_TEXT,copy_verbatim,Alta,false,
CNT-071,personajes_secundarios,,,FREE_TEXT,copy_verbatim,Alta,false,
CNT-071,tipo_contenido,Meme / Imagen histórica,,C_REAL,,Baja,true,fuera de enum; requiere decision humana (OVERRIDES)
CNT-071,plataforma,Facebook,Facebook,A,exact_enum_match,Alta,false,
CNT-071,objetivo,Histórico / Reuse / Aprendizaje,Histórico / Reuse / Aprendizaje,FREE_TEXT,copy_verbatim,Alta,false,
CNT-071,hipotesis,,,FREE_TEXT,copy_verbatim,Alta,false,
CNT-071,estado,Histórico reconciliado — pendiente de decisión de reuse,,C_REAL,,Baja,true,fuera de enum; requiere decision humana (OVERRIDES)
CNT-071,prioridad,Alta,Alta,A,exact_enum_match,Alta,false,
CNT-071,dificultad_produccion,Baja,Baja,A,exact_enum_match,Alta,false,
CNT-071,reutilizable,Sí,Sí,A,exact_enum_match,Alta,false,
CNT-071,fecha_ultima_publicacion,2026-06-09,2026-06-09,A,iso_date_parse,Alta,false,
CNT-071,fuente,Operations/Research/2026-08-16_Manifiesto_Movimiento_35_Memes_Agosto.json + Meta historical dataset,Operations/Research/2026-08-16_Manifiesto_Movimiento_35_Memes_Agosto.json + Meta historical dataset,FREE_TEXT,copy_verbatim,Alta,false,
CNT-071,formato,Imagen,Imagen,FREE_TEXT,copy_verbatim,Alta,false,
CNT-071,categoria,Reuse / Histórico,,C_REAL,,Baja,true,fuera de enum; requiere decision humana (OVERRIDES)
CNT-071,bloqueado_canon,No evaluado; no modifica canon,,C_REAL,,Baja,true,fuera de enum; requiere decision humana (OVERRIDES)
CNT-071,estado_operacion_normalizado,Historical_Reconciled,,C_REAL,,Baja,true,fuera de enum; requiere decision humana (OVERRIDES)
CNT-071,estado_canon_normalizado,Canon_Clear_or_Unverified,Canon_Clear_or_Unverified,A,exact_enum_match,Alta,false,
CNT-071,asset_ref_confirmado,260733,260733,FREE_TEXT,copy_verbatim,Alta,false,
CNT-071,asset_ref_candidato,,,FREE_TEXT,copy_verbatim,Alta,false,
CNT-071,reconciliacion_estado,Resolved_Historical_Asset,,C_REAL,,Baja,true,fuera de enum; requiere decision humana (OVERRIDES)
CNT-071,reconciliacion_confianza,High,High,A,exact_enum_match,Alta,false,
CNT-071,reconciliacion_fuente,Meta visual + Drive 08 Agosto + manifest movement + historical ledger,Meta visual + Drive 08 Agosto + manifest movement + historical ledger,FREE_TEXT,copy_verbatim,Alta,false,
CNT-071,reconciliacion_nota,"Coincidencia visual exacta entre captura/post Meta y el archivo movido a 08 Agosto; no se infiere por similitud temática. CNT creado con evidencia de filename, Drive ID y Meta ID.","Coincidencia visual exacta entre captura/post Meta y el archivo movido a 08 Agosto; no se infiere por similitud temática. CNT creado con evidencia de filename, Drive ID y Meta ID.",FREE_TEXT,copy_verbatim,Alta,false,
CNT-071,registro_relacionado,,,FREE_TEXT,copy_verbatim,Alta,false,
CNT-071,drive_reference_id,1H5FGtTmz9rJtVWZqzmyR12gnb7LlBDUO,1H5FGtTmz9rJtVWZqzmyR12gnb7LlBDUO,FREE_TEXT,copy_verbatim,Alta,false,
CNT-071,meta_publication_id,1036844829507460_122128723341072582,1036844829507460_122128723341072582,FREE_TEXT,copy_verbatim,Alta,false,
CNT-071,meta_permalink,,,FREE_TEXT,copy_verbatim,Alta,false,
CNT-071,asset_set,08 Agosto,08 Agosto,FREE_TEXT,copy_verbatim,Alta,false,
CNT-071,asset_ref,,,FREE_TEXT,copy_verbatim,Alta,false,
CNT-071,asset_filename,,,FREE_TEXT,copy_verbatim,Alta,false,
CNT-071,drive_id,,,FREE_TEXT,copy_verbatim,Alta,false,
CNT-071,estado_canon,,,FREE_TEXT,copy_verbatim,Alta,false,
CNT-071,estado_produccion,,,FREE_TEXT,copy_verbatim,Alta,false,
CNT-071,estado_publicacion,,,FREE_TEXT,copy_verbatim,Alta,false,
CNT-071,ultima_sincronizacion,,,FREE_TEXT,copy_verbatim,Alta,false,
CNT-071,motivo_revision_normalizado,,,FREE_TEXT,copy_verbatim,Alta,false,
CNT-071,personaje_principal_normalizado,Evan,Evan,FREE_TEXT,copy_verbatim,Alta,false,
CNT-071,personajes_secundarios_normalizados,Ninguno,Ninguno,FREE_TEXT,copy_verbatim,Alta,false,
CNT-071,rol_narrativo,Protagonista,Protagonista,FREE_TEXT,copy_verbatim,Alta,false,
CNT-071,tipo_humor_normalizado,No determinado,No determinado,FREE_TEXT,copy_verbatim,Alta,false,
CNT-071,potencial_etiquetado,Medio,Medio,FREE_TEXT,copy_verbatim,Alta,false,
CNT-071,confianza_taxonomia,Alta,Alta,FREE_TEXT,copy_verbatim,Alta,false,
CNT-071,fuente_taxonomia,Inventario + reglas taxonómicas,Inventario + reglas taxonómicas,FREE_TEXT,copy_verbatim,Alta,false,
CNT-071,nota_taxonomia,No sustituye canon; revisar si la confianza es Media o Baja.,No sustituye canon; revisar si la confianza es Media o Baja.,FREE_TEXT,copy_verbatim,Alta,false,
CNT-071,es_historico,,,FREE_TEXT,copy_verbatim,Alta,false,
CNT-072,id,CNT-072,CNT-072,FREE_TEXT,copy_verbatim,Alta,false,
CNT-072,titulo,Histórico junio — 2607825 - Kael - Ser el malo de la historia (28-jun-26).png,Histórico junio — 2607825 - Kael - Ser el malo de la historia (28-jun-26).png,FREE_TEXT,copy_verbatim,Alta,false,
CNT-072,personaje_principal,@char_USM_kael,@char_USM_kael,FREE_TEXT,copy_verbatim,Alta,false,
CNT-072,personajes_secundarios,,,FREE_TEXT,copy_verbatim,Alta,false,
CNT-072,tipo_contenido,Meme / Imagen histórica,,C_REAL,,Baja,true,fuera de enum; requiere decision humana (OVERRIDES)
CNT-072,plataforma,Facebook,Facebook,A,exact_enum_match,Alta,false,
CNT-072,objetivo,Histórico / Reuse / Aprendizaje,Histórico / Reuse / Aprendizaje,FREE_TEXT,copy_verbatim,Alta,false,
CNT-072,hipotesis,,,FREE_TEXT,copy_verbatim,Alta,false,
CNT-072,estado,Histórico reconciliado — pendiente de decisión de reuse,,C_REAL,,Baja,true,fuera de enum; requiere decision humana (OVERRIDES)
CNT-072,prioridad,Alta,Alta,A,exact_enum_match,Alta,false,
CNT-072,dificultad_produccion,Baja,Baja,A,exact_enum_match,Alta,false,
CNT-072,reutilizable,Sí,Sí,A,exact_enum_match,Alta,false,
CNT-072,fecha_ultima_publicacion,2026-06-28,2026-06-28,A,iso_date_parse,Alta,false,
CNT-072,fuente,Operations/Research/2026-08-16_Manifiesto_Movimiento_35_Memes_Agosto.json + Meta historical dataset,Operations/Research/2026-08-16_Manifiesto_Movimiento_35_Memes_Agosto.json + Meta historical dataset,FREE_TEXT,copy_verbatim,Alta,false,
CNT-072,formato,Imagen,Imagen,FREE_TEXT,copy_verbatim,Alta,false,
CNT-072,categoria,Reuse / Histórico,,C_REAL,,Baja,true,fuera de enum; requiere decision humana (OVERRIDES)
CNT-072,bloqueado_canon,No evaluado; no modifica canon,,C_REAL,,Baja,true,fuera de enum; requiere decision humana (OVERRIDES)
CNT-072,estado_operacion_normalizado,Historical_Reconciled,,C_REAL,,Baja,true,fuera de enum; requiere decision humana (OVERRIDES)
CNT-072,estado_canon_normalizado,Canon_Clear_or_Unverified,Canon_Clear_or_Unverified,A,exact_enum_match,Alta,false,
CNT-072,asset_ref_confirmado,2607825,2607825,FREE_TEXT,copy_verbatim,Alta,false,
CNT-072,asset_ref_candidato,,,FREE_TEXT,copy_verbatim,Alta,false,
CNT-072,reconciliacion_estado,Resolved_Historical_Asset,,C_REAL,,Baja,true,fuera de enum; requiere decision humana (OVERRIDES)
CNT-072,reconciliacion_confianza,High,High,A,exact_enum_match,Alta,false,
CNT-072,reconciliacion_fuente,Meta visual + Drive 08 Agosto + manifest movement + historical ledger,Meta visual + Drive 08 Agosto + manifest movement + historical ledger,FREE_TEXT,copy_verbatim,Alta,false,
CNT-072,reconciliacion_nota,"Coincidencia visual exacta entre captura/post Meta y el archivo movido a 08 Agosto; no se infiere por similitud temática. CNT creado con evidencia de filename, Drive ID y Meta ID.","Coincidencia visual exacta entre captura/post Meta y el archivo movido a 08 Agosto; no se infiere por similitud temática. CNT creado con evidencia de filename, Drive ID y Meta ID.",FREE_TEXT,copy_verbatim,Alta,false,
CNT-072,registro_relacionado,,,FREE_TEXT,copy_verbatim,Alta,false,
CNT-072,drive_reference_id,1sJxr-1-NnLFn4Q2Tl1lUB-_QJQmUB5n3,1sJxr-1-NnLFn4Q2Tl1lUB-_QJQmUB5n3,FREE_TEXT,copy_verbatim,Alta,false,
CNT-072,meta_publication_id,1036844829507460_122134136793072582,1036844829507460_122134136793072582,FREE_TEXT,copy_verbatim,Alta,false,
CNT-072,meta_permalink,,,FREE_TEXT,copy_verbatim,Alta,false,
CNT-072,asset_set,08 Agosto,08 Agosto,FREE_TEXT,copy_verbatim,Alta,false,
CNT-072,asset_ref,,,FREE_TEXT,copy_verbatim,Alta,false,
CNT-072,asset_filename,,,FREE_TEXT,copy_verbatim,Alta,false,
CNT-072,drive_id,,,FREE_TEXT,copy_verbatim,Alta,false,
CNT-072,estado_canon,,,FREE_TEXT,copy_verbatim,Alta,false,
CNT-072,estado_produccion,,,FREE_TEXT,copy_verbatim,Alta,false,
CNT-072,estado_publicacion,,,FREE_TEXT,copy_verbatim,Alta,false,
CNT-072,ultima_sincronizacion,,,FREE_TEXT,copy_verbatim,Alta,false,
CNT-072,motivo_revision_normalizado,,,FREE_TEXT,copy_verbatim,Alta,false,
CNT-072,personaje_principal_normalizado,Kael,Kael,FREE_TEXT,copy_verbatim,Alta,false,
CNT-072,personajes_secundarios_normalizados,Ninguno,Ninguno,FREE_TEXT,copy_verbatim,Alta,false,
CNT-072,rol_narrativo,Protagonista,Protagonista,FREE_TEXT,copy_verbatim,Alta,false,
CNT-072,tipo_humor_normalizado,Humor ácido o negro,Humor ácido o negro,FREE_TEXT,copy_verbatim,Alta,false,
CNT-072,potencial_etiquetado,Medio,Medio,FREE_TEXT,copy_verbatim,Alta,false,
CNT-072,confianza_taxonomia,Alta,Alta,FREE_TEXT,copy_verbatim,Alta,false,
CNT-072,fuente_taxonomia,Inventario + reglas taxonómicas,Inventario + reglas taxonómicas,FREE_TEXT,copy_verbatim,Alta,false,
CNT-072,nota_taxonomia,No sustituye canon; revisar si la confianza es Media o Baja.,No sustituye canon; revisar si la confianza es Media o Baja.,FREE_TEXT,copy_verbatim,Alta,false,
CNT-072,es_historico,,,FREE_TEXT,copy_verbatim,Alta,false,
CNT-073,id,CNT-073,CNT-073,FREE_TEXT,copy_verbatim,Alta,false,
CNT-073,titulo,Histórico junio — 260735 - Universe - dentro de ti hay dos payasos (10-jun-26).png,Histórico junio — 260735 - Universe - dentro de ti hay dos payasos (10-jun-26).png,FREE_TEXT,copy_verbatim,Alta,false,
CNT-073,personaje_principal,@char_USM_universe,@char_USM_universe,FREE_TEXT,copy_verbatim,Alta,false,
CNT-073,personajes_secundarios,,,FREE_TEXT,copy_verbatim,Alta,false,
CNT-073,tipo_contenido,Meme / Imagen histórica,,C_REAL,,Baja,true,fuera de enum; requiere decision humana (OVERRIDES)
CNT-073,plataforma,Facebook,Facebook,A,exact_enum_match,Alta,false,
CNT-073,objetivo,Histórico / Reuse / Aprendizaje,Histórico / Reuse / Aprendizaje,FREE_TEXT,copy_verbatim,Alta,false,
CNT-073,hipotesis,,,FREE_TEXT,copy_verbatim,Alta,false,
CNT-073,estado,Histórico reconciliado — pendiente de decisión de reuse,,C_REAL,,Baja,true,fuera de enum; requiere decision humana (OVERRIDES)
CNT-073,prioridad,Alta,Alta,A,exact_enum_match,Alta,false,
CNT-073,dificultad_produccion,Baja,Baja,A,exact_enum_match,Alta,false,
CNT-073,reutilizable,Sí,Sí,A,exact_enum_match,Alta,false,
CNT-073,fecha_ultima_publicacion,2026-06-10,2026-06-10,A,iso_date_parse,Alta,false,
CNT-073,fuente,Operations/Research/2026-08-16_Manifiesto_Movimiento_35_Memes_Agosto.json + Meta historical dataset,Operations/Research/2026-08-16_Manifiesto_Movimiento_35_Memes_Agosto.json + Meta historical dataset,FREE_TEXT,copy_verbatim,Alta,false,
CNT-073,formato,Imagen,Imagen,FREE_TEXT,copy_verbatim,Alta,false,
CNT-073,categoria,Reuse / Histórico,,C_REAL,,Baja,true,fuera de enum; requiere decision humana (OVERRIDES)
CNT-073,bloqueado_canon,No evaluado; no modifica canon,,C_REAL,,Baja,true,fuera de enum; requiere decision humana (OVERRIDES)
CNT-073,estado_operacion_normalizado,Historical_Reconciled,,C_REAL,,Baja,true,fuera de enum; requiere decision humana (OVERRIDES)
CNT-073,estado_canon_normalizado,Canon_Clear_or_Unverified,Canon_Clear_or_Unverified,A,exact_enum_match,Alta,false,
CNT-073,asset_ref_confirmado,260735,260735,FREE_TEXT,copy_verbatim,Alta,false,
CNT-073,asset_ref_candidato,,,FREE_TEXT,copy_verbatim,Alta,false,
CNT-073,reconciliacion_estado,Resolved_Historical_Asset,,C_REAL,,Baja,true,fuera de enum; requiere decision humana (OVERRIDES)
CNT-073,reconciliacion_confianza,High,High,A,exact_enum_match,Alta,false,
CNT-073,reconciliacion_fuente,Meta visual + Drive 08 Agosto + manifest movement + historical ledger,Meta visual + Drive 08 Agosto + manifest movement + historical ledger,FREE_TEXT,copy_verbatim,Alta,false,
CNT-073,reconciliacion_nota,"Coincidencia visual exacta entre captura/post Meta y el archivo movido a 08 Agosto; no se infiere por similitud temática. CNT creado con evidencia de filename, Drive ID y Meta ID.","Coincidencia visual exacta entre captura/post Meta y el archivo movido a 08 Agosto; no se infiere por similitud temática. CNT creado con evidencia de filename, Drive ID y Meta ID.",FREE_TEXT,copy_verbatim,Alta,false,
CNT-073,registro_relacionado,,,FREE_TEXT,copy_verbatim,Alta,false,
CNT-073,drive_reference_id,1ZmJrhaJFpF3_R9prrCV6u8wyOt9GkWH0,1ZmJrhaJFpF3_R9prrCV6u8wyOt9GkWH0,FREE_TEXT,copy_verbatim,Alta,false,
CNT-073,meta_publication_id,1036844829507460_122129013585072582,1036844829507460_122129013585072582,FREE_TEXT,copy_verbatim,Alta,false,
CNT-073,meta_permalink,,,FREE_TEXT,copy_verbatim,Alta,false,
CNT-073,asset_set,08 Agosto,08 Agosto,FREE_TEXT,copy_verbatim,Alta,false,
CNT-073,asset_ref,,,FREE_TEXT,copy_verbatim,Alta,false,
CNT-073,asset_filename,,,FREE_TEXT,copy_verbatim,Alta,false,
CNT-073,drive_id,,,FREE_TEXT,copy_verbatim,Alta,false,
CNT-073,estado_canon,,,FREE_TEXT,copy_verbatim,Alta,false,
CNT-073,estado_produccion,,,FREE_TEXT,copy_verbatim,Alta,false,
CNT-073,estado_publicacion,,,FREE_TEXT,copy_verbatim,Alta,false,
CNT-073,ultima_sincronizacion,,,FREE_TEXT,copy_verbatim,Alta,false,
CNT-073,motivo_revision_normalizado,,,FREE_TEXT,copy_verbatim,Alta,false,
CNT-073,personaje_principal_normalizado,Universe,Universe,FREE_TEXT,copy_verbatim,Alta,false,
CNT-073,personajes_secundarios_normalizados,Ninguno,Ninguno,FREE_TEXT,copy_verbatim,Alta,false,
CNT-073,rol_narrativo,Protagonista,Protagonista,FREE_TEXT,copy_verbatim,Alta,false,
CNT-073,tipo_humor_normalizado,No determinado,No determinado,FREE_TEXT,copy_verbatim,Alta,false,
CNT-073,potencial_etiquetado,Medio,Medio,FREE_TEXT,copy_verbatim,Alta,false,
CNT-073,confianza_taxonomia,Alta,Alta,FREE_TEXT,copy_verbatim,Alta,false,
CNT-073,fuente_taxonomia,Inventario + reglas taxonómicas,Inventario + reglas taxonómicas,FREE_TEXT,copy_verbatim,Alta,false,
CNT-073,nota_taxonomia,No sustituye canon; revisar si la confianza es Media o Baja.,No sustituye canon; revisar si la confianza es Media o Baja.,FREE_TEXT,copy_verbatim,Alta,false,
CNT-073,es_historico,,,FREE_TEXT,copy_verbatim,Alta,false,
CNT-074,id,CNT-074,CNT-074,FREE_TEXT,copy_verbatim,Alta,false,
CNT-074,titulo,Histórico julio — Universe - Existencial 260604.png,Histórico julio — Universe - Existencial 260604.png,FREE_TEXT,copy_verbatim,Alta,false,
CNT-074,personaje_principal,@char_USM_universe,@char_USM_universe,FREE_TEXT,copy_verbatim,Alta,false,
CNT-074,personajes_secundarios,,,FREE_TEXT,copy_verbatim,Alta,false,
CNT-074,tipo_contenido,Meme / Imagen histórica,,C_REAL,,Baja,true,fuera de enum; requiere decision humana (OVERRIDES)
CNT-074,plataforma,Facebook,Facebook,A,exact_enum_match,Alta,false,
CNT-074,objetivo,Histórico / Reuse / Aprendizaje,Histórico / Reuse / Aprendizaje,FREE_TEXT,copy_verbatim,Alta,false,
CNT-074,hipotesis,,,FREE_TEXT,copy_verbatim,Alta,false,
CNT-074,estado,Histórico reconciliado — pendiente de decisión de reuse,,C_REAL,,Baja,true,fuera de enum; requiere decision humana (OVERRIDES)
CNT-074,prioridad,Alta,Alta,A,exact_enum_match,Alta,false,
CNT-074,dificultad_produccion,Baja,Baja,A,exact_enum_match,Alta,false,
CNT-074,reutilizable,Sí,Sí,A,exact_enum_match,Alta,false,
CNT-074,fecha_ultima_publicacion,2026-07-18,2026-07-18,A,iso_date_parse,Alta,false,
CNT-074,fuente,Operations/Research/2026-08-17_Lista_Confirmacion_Assets_Julio.csv + Meta visual evidence + Drive 07 Julio,Operations/Research/2026-08-17_Lista_Confirmacion_Assets_Julio.csv + Meta visual evidence + Drive 07 Julio,FREE_TEXT,copy_verbatim,Alta,false,
CNT-074,formato,Imagen,Imagen,FREE_TEXT,copy_verbatim,Alta,false,
CNT-074,categoria,Reuse / Histórico,,C_REAL,,Baja,true,fuera de enum; requiere decision humana (OVERRIDES)
CNT-074,bloqueado_canon,No evaluado; no modifica canon,,C_REAL,,Baja,true,fuera de enum; requiere decision humana (OVERRIDES)
CNT-074,estado_operacion_normalizado,Historical_Reconciled,,C_REAL,,Baja,true,fuera de enum; requiere decision humana (OVERRIDES)
CNT-074,estado_canon_normalizado,Canon_Clear_or_Unverified,Canon_Clear_or_Unverified,A,exact_enum_match,Alta,false,
CNT-074,asset_ref_confirmado,260604,260604,FREE_TEXT,copy_verbatim,Alta,false,
CNT-074,asset_ref_candidato,,,FREE_TEXT,copy_verbatim,Alta,false,
CNT-074,reconciliacion_estado,Resolved_Historical_Asset,,C_REAL,,Baja,true,fuera de enum; requiere decision humana (OVERRIDES)
CNT-074,reconciliacion_confianza,High,High,A,exact_enum_match,Alta,false,
CNT-074,reconciliacion_fuente,Meta visual + Drive filename/ID + July confirmation CSV,Meta visual + Drive filename/ID + July confirmation CSV,FREE_TEXT,copy_verbatim,Alta,false,
CNT-074,reconciliacion_nota,"Visual match exacto confirmado en Facebook: imagen con el texto ""¿Por qué estás tan callado? ¿Qué tienes en mente?"" y personaje dentro de una burbuja. CNT creado con evidencia conjunta; no se infiere por caption solamente.","Visual match exacto confirmado en Facebook: imagen con el texto ""¿Por qué estás tan callado? ¿Qué tienes en mente?"" y personaje dentro de una burbuja. CNT creado con evidencia conjunta; no se infiere por caption solamente.",FREE_TEXT,copy_verbatim,Alta,false,
CNT-074,registro_relacionado,,,FREE_TEXT,copy_verbatim,Alta,false,
CNT-074,drive_reference_id,1WXH7_KH4jdhFcqnGDYRGrHtKRNI6VD77,1WXH7_KH4jdhFcqnGDYRGrHtKRNI6VD77,FREE_TEXT,copy_verbatim,Alta,false,
CNT-074,meta_publication_id,1036844829507460_122140003413072582,1036844829507460_122140003413072582,FREE_TEXT,copy_verbatim,Alta,false,
CNT-074,meta_permalink,,,FREE_TEXT,copy_verbatim,Alta,false,
CNT-074,asset_set,07 Julio,07 Julio,FREE_TEXT,copy_verbatim,Alta,false,
CNT-074,asset_ref,,,FREE_TEXT,copy_verbatim,Alta,false,
CNT-074,asset_filename,,,FREE_TEXT,copy_verbatim,Alta,false,
CNT-074,drive_id,,,FREE_TEXT,copy_verbatim,Alta,false,
CNT-074,estado_canon,,,FREE_TEXT,copy_verbatim,Alta,false,
CNT-074,estado_produccion,,,FREE_TEXT,copy_verbatim,Alta,false,
CNT-074,estado_publicacion,,,FREE_TEXT,copy_verbatim,Alta,false,
CNT-074,ultima_sincronizacion,,,FREE_TEXT,copy_verbatim,Alta,false,
CNT-074,motivo_revision_normalizado,,,FREE_TEXT,copy_verbatim,Alta,false,
CNT-074,personaje_principal_normalizado,No identificado,No identificado,FREE_TEXT,copy_verbatim,Alta,false,
CNT-074,personajes_secundarios_normalizados,Ninguno,Ninguno,FREE_TEXT,copy_verbatim,Alta,false,
CNT-074,rol_narrativo,Protagonista,Protagonista,FREE_TEXT,copy_verbatim,Alta,false,
CNT-074,tipo_humor_normalizado,Relatable cotidiano;Existencial o absurdo,Relatable cotidiano;Existencial o absurdo,FREE_TEXT,copy_verbatim,Alta,false,
CNT-074,potencial_etiquetado,Alto,Alto,FREE_TEXT,copy_verbatim,Alta,false,
CNT-074,confianza_taxonomia,Alta,Alta,FREE_TEXT,copy_verbatim,Alta,false,
CNT-074,fuente_taxonomia,Revisión visual,Revisión visual,FREE_TEXT,copy_verbatim,Alta,false,
CNT-074,nota_taxonomia,Figura humana en escena de pensamiento; el asset no permite asignar personaje canónico.,Figura humana en escena de pensamiento; el asset no permite asignar personaje canónico.,FREE_TEXT,copy_verbatim,Alta,false,
CNT-074,es_historico,,,FREE_TEXT,copy_verbatim,Alta,false,
CNT-075,id,CNT-075,CNT-075,FREE_TEXT,copy_verbatim,Alta,false,
CNT-075,titulo,Histórico julio — Universe - Existencial 2607987.jpeg,Histórico julio — Universe - Existencial 2607987.jpeg,FREE_TEXT,copy_verbatim,Alta,false,
CNT-075,personaje_principal,@char_USM_universe,@char_USM_universe,FREE_TEXT,copy_verbatim,Alta,false,
CNT-075,personajes_secundarios,,,FREE_TEXT,copy_verbatim,Alta,false,
CNT-075,tipo_contenido,Meme / Imagen histórica,,C_REAL,,Baja,true,fuera de enum; requiere decision humana (OVERRIDES)
CNT-075,plataforma,Facebook,Facebook,A,exact_enum_match,Alta,false,
CNT-075,objetivo,Histórico / Reuse / Aprendizaje,Histórico / Reuse / Aprendizaje,FREE_TEXT,copy_verbatim,Alta,false,
CNT-075,hipotesis,,,FREE_TEXT,copy_verbatim,Alta,false,
CNT-075,estado,Histórico reconciliado — pendiente de decisión de reuse,,C_REAL,,Baja,true,fuera de enum; requiere decision humana (OVERRIDES)
CNT-075,prioridad,Alta,Alta,A,exact_enum_match,Alta,false,
CNT-075,dificultad_produccion,Baja,Baja,A,exact_enum_match,Alta,false,
CNT-075,reutilizable,Sí,Sí,A,exact_enum_match,Alta,false,
CNT-075,fecha_ultima_publicacion,2026-07-28,2026-07-28,A,iso_date_parse,Alta,false,
CNT-075,fuente,Operations/Research/2026-08-17_Lista_Confirmacion_Assets_Julio.csv + Meta visual evidence + Drive 07 Julio,Operations/Research/2026-08-17_Lista_Confirmacion_Assets_Julio.csv + Meta visual evidence + Drive 07 Julio,FREE_TEXT,copy_verbatim,Alta,false,
CNT-075,formato,Imagen,Imagen,FREE_TEXT,copy_verbatim,Alta,false,
CNT-075,categoria,Reuse / Histórico,,C_REAL,,Baja,true,fuera de enum; requiere decision humana (OVERRIDES)
CNT-075,bloqueado_canon,No evaluado; no modifica canon,,C_REAL,,Baja,true,fuera de enum; requiere decision humana (OVERRIDES)
CNT-075,estado_operacion_normalizado,Historical_Reconciled,,C_REAL,,Baja,true,fuera de enum; requiere decision humana (OVERRIDES)
CNT-075,estado_canon_normalizado,Canon_Clear_or_Unverified,Canon_Clear_or_Unverified,A,exact_enum_match,Alta,false,
CNT-075,asset_ref_confirmado,2607987,2607987,FREE_TEXT,copy_verbatim,Alta,false,
CNT-075,asset_ref_candidato,,,FREE_TEXT,copy_verbatim,Alta,false,
CNT-075,reconciliacion_estado,Resolved_Historical_Asset,,C_REAL,,Baja,true,fuera de enum; requiere decision humana (OVERRIDES)
CNT-075,reconciliacion_confianza,High,High,A,exact_enum_match,Alta,false,
CNT-075,reconciliacion_fuente,Meta visual + Drive filename/ID + July confirmation CSV,Meta visual + Drive filename/ID + July confirmation CSV,FREE_TEXT,copy_verbatim,Alta,false,
CNT-075,reconciliacion_nota,"Visual match exacto confirmado en Facebook: Fantasma sentado en un bosque con el texto ""No es desinterés, ya se me olvidan las cosas bien feo."" CNT creado con evidencia conjunta; no se infiere por caption solamente.","Visual match exacto confirmado en Facebook: Fantasma sentado en un bosque con el texto ""No es desinterés, ya se me olvidan las cosas bien feo."" CNT creado con evidencia conjunta; no se infiere por caption solamente.",FREE_TEXT,copy_verbatim,Alta,false,
CNT-075,registro_relacionado,,,FREE_TEXT,copy_verbatim,Alta,false,
CNT-075,drive_reference_id,1CeJ4UYYlU1I7ecJtYtgLOYBzHXyVc9sm,1CeJ4UYYlU1I7ecJtYtgLOYBzHXyVc9sm,FREE_TEXT,copy_verbatim,Alta,false,
CNT-075,meta_publication_id,1036844829507460_122142779757072582,1036844829507460_122142779757072582,FREE_TEXT,copy_verbatim,Alta,false,
CNT-075,meta_permalink,,,FREE_TEXT,copy_verbatim,Alta,false,
CNT-075,asset_set,07 Julio,07 Julio,FREE_TEXT,copy_verbatim,Alta,false,
CNT-075,asset_ref,,,FREE_TEXT,copy_verbatim,Alta,false,
CNT-075,asset_filename,,,FREE_TEXT,copy_verbatim,Alta,false,
CNT-075,drive_id,,,FREE_TEXT,copy_verbatim,Alta,false,
CNT-075,estado_canon,,,FREE_TEXT,copy_verbatim,Alta,false,
CNT-075,estado_produccion,,,FREE_TEXT,copy_verbatim,Alta,false,
CNT-075,estado_publicacion,,,FREE_TEXT,copy_verbatim,Alta,false,
CNT-075,ultima_sincronizacion,,,FREE_TEXT,copy_verbatim,Alta,false,
CNT-075,motivo_revision_normalizado,,,FREE_TEXT,copy_verbatim,Alta,false,
CNT-075,personaje_principal_normalizado,Fantasma,Fantasma,FREE_TEXT,copy_verbatim,Alta,false,
CNT-075,personajes_secundarios_normalizados,Ninguno,Ninguno,FREE_TEXT,copy_verbatim,Alta,false,
CNT-075,rol_narrativo,Protagonista,Protagonista,FREE_TEXT,copy_verbatim,Alta,false,
CNT-075,tipo_humor_normalizado,Relatable cotidiano;Existencial o absurdo,Relatable cotidiano;Existencial o absurdo,FREE_TEXT,copy_verbatim,Alta,false,
CNT-075,potencial_etiquetado,Medio,Medio,FREE_TEXT,copy_verbatim,Alta,false,
CNT-075,confianza_taxonomia,Alta,Alta,FREE_TEXT,copy_verbatim,Alta,false,
CNT-075,fuente_taxonomia,Revisión visual,Revisión visual,FREE_TEXT,copy_verbatim,Alta,false,
CNT-075,nota_taxonomia,Fantasma aparece explícitamente en el bosque; el remate trata el olvido/desinterés.,Fantasma aparece explícitamente en el bosque; el remate trata el olvido/desinterés.,FREE_TEXT,copy_verbatim,Alta,false,
CNT-075,es_historico,,,FREE_TEXT,copy_verbatim,Alta,false,
CNT-076,id,CNT-076,CNT-076,FREE_TEXT,copy_verbatim,Alta,false,
CNT-076,titulo,Histórico julio — Universe - Existencial 729.png,Histórico julio — Universe - Existencial 729.png,FREE_TEXT,copy_verbatim,Alta,false,
CNT-076,personaje_principal,@char_USM_universe,@char_USM_universe,FREE_TEXT,copy_verbatim,Alta,false,
CNT-076,personajes_secundarios,,,FREE_TEXT,copy_verbatim,Alta,false,
CNT-076,tipo_contenido,Meme / Imagen histórica,,C_REAL,,Baja,true,fuera de enum; requiere decision humana (OVERRIDES)
CNT-076,plataforma,Facebook,Facebook,A,exact_enum_match,Alta,false,
CNT-076,objetivo,Histórico / Reuse / Aprendizaje,Histórico / Reuse / Aprendizaje,FREE_TEXT,copy_verbatim,Alta,false,
CNT-076,hipotesis,,,FREE_TEXT,copy_verbatim,Alta,false,
CNT-076,estado,Histórico reconciliado — pendiente de decisión de reuse,,C_REAL,,Baja,true,fuera de enum; requiere decision humana (OVERRIDES)
CNT-076,prioridad,Alta,Alta,A,exact_enum_match,Alta,false,
CNT-076,dificultad_produccion,Baja,Baja,A,exact_enum_match,Alta,false,
CNT-076,reutilizable,Sí,Sí,A,exact_enum_match,Alta,false,
CNT-076,fecha_ultima_publicacion,2026-07-27,2026-07-27,A,iso_date_parse,Alta,false,
CNT-076,fuente,Operations/Research/2026-08-17_Lista_Confirmacion_Assets_Julio.csv + Meta visual evidence + Drive 07 Julio,Operations/Research/2026-08-17_Lista_Confirmacion_Assets_Julio.csv + Meta visual evidence + Drive 07 Julio,FREE_TEXT,copy_verbatim,Alta,false,
CNT-076,formato,Imagen,Imagen,FREE_TEXT,copy_verbatim,Alta,false,
CNT-076,categoria,Reuse / Histórico,,C_REAL,,Baja,true,fuera de enum; requiere decision humana (OVERRIDES)
CNT-076,bloqueado_canon,No evaluado; no modifica canon,,C_REAL,,Baja,true,fuera de enum; requiere decision humana (OVERRIDES)
CNT-076,estado_operacion_normalizado,Historical_Reconciled,,C_REAL,,Baja,true,fuera de enum; requiere decision humana (OVERRIDES)
CNT-076,estado_canon_normalizado,Canon_Clear_or_Unverified,Canon_Clear_or_Unverified,A,exact_enum_match,Alta,false,
CNT-076,asset_ref_confirmado,729,729,FREE_TEXT,copy_verbatim,Alta,false,
CNT-076,asset_ref_candidato,,,FREE_TEXT,copy_verbatim,Alta,false,
CNT-076,reconciliacion_estado,Resolved_Historical_Asset,,C_REAL,,Baja,true,fuera de enum; requiere decision humana (OVERRIDES)
CNT-076,reconciliacion_confianza,High,High,A,exact_enum_match,Alta,false,
CNT-076,reconciliacion_fuente,Meta visual + Drive filename/ID + July confirmation CSV,Meta visual + Drive filename/ID + July confirmation CSV,FREE_TEXT,copy_verbatim,Alta,false,
CNT-076,reconciliacion_nota,"Visual match exacto confirmado en Facebook: dos parejas de esqueletos con el texto ""Ni ella le habló y él no la buscó..."" CNT creado con evidencia conjunta; no se infiere por caption solamente.","Visual match exacto confirmado en Facebook: dos parejas de esqueletos con el texto ""Ni ella le habló y él no la buscó..."" CNT creado con evidencia conjunta; no se infiere por caption solamente.",FREE_TEXT,copy_verbatim,Alta,false,
CNT-076,registro_relacionado,,,FREE_TEXT,copy_verbatim,Alta,false,
CNT-076,drive_reference_id,1n9mj2FnGRv0kbEbEHk2RV1KKJDeSQTxk,1n9mj2FnGRv0kbEbEHk2RV1KKJDeSQTxk,FREE_TEXT,copy_verbatim,Alta,false,
CNT-076,meta_publication_id,1036844829507460_122142627051072582,1036844829507460_122142627051072582,FREE_TEXT,copy_verbatim,Alta,false,
CNT-076,meta_permalink,,,FREE_TEXT,copy_verbatim,Alta,false,
CNT-076,asset_set,07 Julio,07 Julio,FREE_TEXT,copy_verbatim,Alta,false,
CNT-076,asset_ref,,,FREE_TEXT,copy_verbatim,Alta,false,
CNT-076,asset_filename,,,FREE_TEXT,copy_verbatim,Alta,false,
CNT-076,drive_id,,,FREE_TEXT,copy_verbatim,Alta,false,
CNT-076,estado_canon,,,FREE_TEXT,copy_verbatim,Alta,false,
CNT-076,estado_produccion,,,FREE_TEXT,copy_verbatim,Alta,false,
CNT-076,estado_publicacion,,,FREE_TEXT,copy_verbatim,Alta,false,
CNT-076,ultima_sincronizacion,,,FREE_TEXT,copy_verbatim,Alta,false,
CNT-076,motivo_revision_normalizado,,,FREE_TEXT,copy_verbatim,Alta,false,
CNT-076,personaje_principal_normalizado,No identificado,No identificado,FREE_TEXT,copy_verbatim,Alta,false,
CNT-076,personajes_secundarios_normalizados,Ninguno,Ninguno,FREE_TEXT,copy_verbatim,Alta,false,
CNT-076,rol_narrativo,Dúo o pareja,Dúo o pareja,FREE_TEXT,copy_verbatim,Alta,false,
CNT-076,tipo_humor_normalizado,Humor ácido o negro;Relatable cotidiano,Humor ácido o negro;Relatable cotidiano,FREE_TEXT,copy_verbatim,Alta,false,
CNT-076,potencial_etiquetado,Alto,Alto,FREE_TEXT,copy_verbatim,Alta,false,
CNT-076,confianza_taxonomia,Alta,Alta,FREE_TEXT,copy_verbatim,Alta,false,
CNT-076,fuente_taxonomia,Revisión visual,Revisión visual,FREE_TEXT,copy_verbatim,Alta,false,
CNT-076,nota_taxonomia,Dos parejas humanas/esqueletos; no asignar personajes canónicos por apariencia.,Dos parejas humanas/esqueletos; no asignar personajes canónicos por apariencia.,FREE_TEXT,copy_verbatim,Alta,false,
CNT-076,es_historico,,,FREE_TEXT,copy_verbatim,Alta,false,
CNT-077,id,CNT-077,CNT-077,FREE_TEXT,copy_verbatim,Alta,false,
CNT-077,titulo,Histórico julio — Universe - Existencial 260504.png,Histórico julio — Universe - Existencial 260504.png,FREE_TEXT,copy_verbatim,Alta,false,
CNT-077,personaje_principal,@char_USM_universe,@char_USM_universe,FREE_TEXT,copy_verbatim,Alta,false,
CNT-077,personajes_secundarios,,,FREE_TEXT,copy_verbatim,Alta,false,
CNT-077,tipo_contenido,Meme / Imagen histórica,,C_REAL,,Baja,true,fuera de enum; requiere decision humana (OVERRIDES)
CNT-077,plataforma,Facebook,Facebook,A,exact_enum_match,Alta,false,
CNT-077,objetivo,Histórico / Reuse / Aprendizaje,Histórico / Reuse / Aprendizaje,FREE_TEXT,copy_verbatim,Alta,false,
CNT-077,hipotesis,,,FREE_TEXT,copy_verbatim,Alta,false,
CNT-077,estado,Histórico reconciliado — pendiente de decisión de reuse,,C_REAL,,Baja,true,fuera de enum; requiere decision humana (OVERRIDES)
CNT-077,prioridad,Alta,Alta,A,exact_enum_match,Alta,false,
CNT-077,dificultad_produccion,Baja,Baja,A,exact_enum_match,Alta,false,
CNT-077,reutilizable,Sí,Sí,A,exact_enum_match,Alta,false,
CNT-077,fecha_ultima_publicacion,2026-07-21,2026-07-21,A,iso_date_parse,Alta,false,
CNT-077,fuente,Operations/Research/2026-08-17_Lista_Confirmacion_Assets_Julio.csv + Meta visual evidence + Drive 07 Julio,Operations/Research/2026-08-17_Lista_Confirmacion_Assets_Julio.csv + Meta visual evidence + Drive 07 Julio,FREE_TEXT,copy_verbatim,Alta,false,
CNT-077,formato,Imagen,Imagen,FREE_TEXT,copy_verbatim,Alta,false,
CNT-077,categoria,Reuse / Histórico,,C_REAL,,Baja,true,fuera de enum; requiere decision humana (OVERRIDES)
CNT-077,bloqueado_canon,No evaluado; no modifica canon,,C_REAL,,Baja,true,fuera de enum; requiere decision humana (OVERRIDES)
CNT-077,estado_operacion_normalizado,Historical_Reconciled,,C_REAL,,Baja,true,fuera de enum; requiere decision humana (OVERRIDES)
CNT-077,estado_canon_normalizado,Canon_Clear_or_Unverified,Canon_Clear_or_Unverified,A,exact_enum_match,Alta,false,
CNT-077,asset_ref_confirmado,260504,260504,FREE_TEXT,copy_verbatim,Alta,false,
CNT-077,asset_ref_candidato,,,FREE_TEXT,copy_verbatim,Alta,false,
CNT-077,reconciliacion_estado,Resolved_Historical_Asset,,C_REAL,,Baja,true,fuera de enum; requiere decision humana (OVERRIDES)
CNT-077,reconciliacion_confianza,High,High,A,exact_enum_match,Alta,false,
CNT-077,reconciliacion_fuente,Meta visual + Drive filename/ID + July confirmation CSV,Meta visual + Drive filename/ID + July confirmation CSV,FREE_TEXT,copy_verbatim,Alta,false,
CNT-077,reconciliacion_nota,"Visual match exacto confirmado en Facebook: collage con múltiples personajes/temas y el texto ""Los cambios de tema que tengo en una sola conversación:"" CNT creado con evidencia conjunta; no se infiere por caption solamente.","Visual match exacto confirmado en Facebook: collage con múltiples personajes/temas y el texto ""Los cambios de tema que tengo en una sola conversación:"" CNT creado con evidencia conjunta; no se infiere por caption solamente.",FREE_TEXT,copy_verbatim,Alta,false,
CNT-077,registro_relacionado,,,FREE_TEXT,copy_verbatim,Alta,false,
CNT-077,drive_reference_id,1V6q1qygkALahU-HqNSJP-rmIwI-t0m16,1V6q1qygkALahU-HqNSJP-rmIwI-t0m16,FREE_TEXT,copy_verbatim,Alta,false,
CNT-077,meta_publication_id,1036844829507460_122140844349072582,1036844829507460_122140844349072582,FREE_TEXT,copy_verbatim,Alta,false,
CNT-077,meta_permalink,,,FREE_TEXT,copy_verbatim,Alta,false,
CNT-077,asset_set,07 Julio,07 Julio,FREE_TEXT,copy_verbatim,Alta,false,
CNT-077,asset_ref,,,FREE_TEXT,copy_verbatim,Alta,false,
CNT-077,asset_filename,,,FREE_TEXT,copy_verbatim,Alta,false,
CNT-077,drive_id,,,FREE_TEXT,copy_verbatim,Alta,false,
CNT-077,estado_canon,,,FREE_TEXT,copy_verbatim,Alta,false,
CNT-077,estado_produccion,,,FREE_TEXT,copy_verbatim,Alta,false,
CNT-077,estado_publicacion,,,FREE_TEXT,copy_verbatim,Alta,false,
CNT-077,ultima_sincronizacion,,,FREE_TEXT,copy_verbatim,Alta,false,
CNT-077,motivo_revision_normalizado,,,FREE_TEXT,copy_verbatim,Alta,false,
CNT-077,personaje_principal_normalizado,No identificado,No identificado,FREE_TEXT,copy_verbatim,Alta,false,
CNT-077,personajes_secundarios_normalizados,Ninguno,Ninguno,FREE_TEXT,copy_verbatim,Alta,false,
CNT-077,rol_narrativo,Reparto coral,Reparto coral,FREE_TEXT,copy_verbatim,Alta,false,
CNT-077,tipo_humor_normalizado,Observacional social,Observacional social,FREE_TEXT,copy_verbatim,Alta,false,
CNT-077,potencial_etiquetado,Alto,Alto,FREE_TEXT,copy_verbatim,Alta,false,
CNT-077,confianza_taxonomia,Alta,Alta,FREE_TEXT,copy_verbatim,Alta,false,
CNT-077,fuente_taxonomia,Revisión visual,Revisión visual,FREE_TEXT,copy_verbatim,Alta,false,
CNT-077,nota_taxonomia,Collage coral de múltiples figuras; no asignar personajes canónicos sin evidencia adicional.,Collage coral de múltiples figuras; no asignar personajes canónicos sin evidencia adicional.,FREE_TEXT,copy_verbatim,Alta,false,
CNT-077,es_historico,,,FREE_TEXT,copy_verbatim,Alta,false,
CNT-078,id,CNT-078,CNT-078,FREE_TEXT,copy_verbatim,Alta,false,
CNT-078,titulo,Histórico julio — Universe - Existencial 728.png,Histórico julio — Universe - Existencial 728.png,FREE_TEXT,copy_verbatim,Alta,false,
CNT-078,personaje_principal,@char_USM_universe,@char_USM_universe,FREE_TEXT,copy_verbatim,Alta,false,
CNT-078,personajes_secundarios,,,FREE_TEXT,copy_verbatim,Alta,false,
CNT-078,tipo_contenido,Meme / Imagen histórica,,C_REAL,,Baja,true,fuera de enum; requiere decision humana (OVERRIDES)
CNT-078,plataforma,Facebook,Facebook,A,exact_enum_match,Alta,false,
CNT-078,objetivo,Histórico / Reuse / Aprendizaje,Histórico / Reuse / Aprendizaje,FREE_TEXT,copy_verbatim,Alta,false,
CNT-078,hipotesis,,,FREE_TEXT,copy_verbatim,Alta,false,
CNT-078,estado,Histórico reconciliado — pendiente de decisión de reuse,,C_REAL,,Baja,true,fuera de enum; requiere decision humana (OVERRIDES)
CNT-078,prioridad,Alta,Alta,A,exact_enum_match,Alta,false,
CNT-078,dificultad_produccion,Baja,Baja,A,exact_enum_match,Alta,false,
CNT-078,reutilizable,Sí,Sí,A,exact_enum_match,Alta,false,
CNT-078,fecha_ultima_publicacion,2026-07-18,2026-07-18,A,iso_date_parse,Alta,false,
CNT-078,fuente,Operations/Research/2026-08-17_Lista_Confirmacion_Assets_Julio.csv + Meta visual evidence + Drive 07 Julio,Operations/Research/2026-08-17_Lista_Confirmacion_Assets_Julio.csv + Meta visual evidence + Drive 07 Julio,FREE_TEXT,copy_verbatim,Alta,false,
CNT-078,formato,Imagen,Imagen,FREE_TEXT,copy_verbatim,Alta,false,
CNT-078,categoria,Reuse / Histórico,,C_REAL,,Baja,true,fuera de enum; requiere decision humana (OVERRIDES)
CNT-078,bloqueado_canon,No evaluado; no modifica canon,,C_REAL,,Baja,true,fuera de enum; requiere decision humana (OVERRIDES)
CNT-078,estado_operacion_normalizado,Historical_Reconciled,,C_REAL,,Baja,true,fuera de enum; requiere decision humana (OVERRIDES)
CNT-078,estado_canon_normalizado,Canon_Clear_or_Unverified,Canon_Clear_or_Unverified,A,exact_enum_match,Alta,false,
CNT-078,asset_ref_confirmado,728,728,FREE_TEXT,copy_verbatim,Alta,false,
CNT-078,asset_ref_candidato,,,FREE_TEXT,copy_verbatim,Alta,false,
CNT-078,reconciliacion_estado,Resolved_Historical_Asset,,C_REAL,,Baja,true,fuera de enum; requiere decision humana (OVERRIDES)
CNT-078,reconciliacion_confianza,High,High,A,exact_enum_match,Alta,false,
CNT-078,reconciliacion_fuente,Meta visual + Drive filename/ID + July confirmation CSV,Meta visual + Drive filename/ID + July confirmation CSV,FREE_TEXT,copy_verbatim,Alta,false,
CNT-078,reconciliacion_nota,"Visual match exacto confirmado en Facebook: gato gris con gafas en las nubes y el texto ""Adivina kien anda bien caliente"" / ""El planeta invesil, cuídalo"" CNT creado con evidencia conjunta; no se infiere por caption solamente.","Visual match exacto confirmado en Facebook: gato gris con gafas en las nubes y el texto ""Adivina kien anda bien caliente"" / ""El planeta invesil, cuídalo"" CNT creado con evidencia conjunta; no se infiere por caption solamente.",FREE_TEXT,copy_verbatim,Alta,false,
CNT-078,registro_relacionado,,,FREE_TEXT,copy_verbatim,Alta,false,
CNT-078,drive_reference_id,1aV1bNoJpaXjtdZEQExebSj6i4SkXhVWr,1aV1bNoJpaXjtdZEQExebSj6i4SkXhVWr,FREE_TEXT,copy_verbatim,Alta,false,
CNT-078,meta_publication_id,1036844829507460_122139999861072582,1036844829507460_122139999861072582,FREE_TEXT,copy_verbatim,Alta,false,
CNT-078,meta_permalink,,,FREE_TEXT,copy_verbatim,Alta,false,
CNT-078,asset_set,07 Julio,07 Julio,FREE_TEXT,copy_verbatim,Alta,false,
CNT-078,asset_ref,,,FREE_TEXT,copy_verbatim,Alta,false,
CNT-078,asset_filename,,,FREE_TEXT,copy_verbatim,Alta,false,
CNT-078,drive_id,,,FREE_TEXT,copy_verbatim,Alta,false,
CNT-078,estado_canon,,,FREE_TEXT,copy_verbatim,Alta,false,
CNT-078,estado_produccion,,,FREE_TEXT,copy_verbatim,Alta,false,
CNT-078,estado_publicacion,,,FREE_TEXT,copy_verbatim,Alta,false,
CNT-078,ultima_sincronizacion,,,FREE_TEXT,copy_verbatim,Alta,false,
CNT-078,motivo_revision_normalizado,,,FREE_TEXT,copy_verbatim,Alta,false,
CNT-078,personaje_principal_normalizado,Universe,Universe,FREE_TEXT,copy_verbatim,Alta,false,
CNT-078,personajes_secundarios_normalizados,Ninguno,Ninguno,FREE_TEXT,copy_verbatim,Alta,false,
CNT-078,rol_narrativo,Protagonista,Protagonista,FREE_TEXT,copy_verbatim,Alta,false,
CNT-078,tipo_humor_normalizado,Sexual o insinuación;Observacional social,Sexual o insinuación;Observacional social,FREE_TEXT,copy_verbatim,Alta,false,
CNT-078,potencial_etiquetado,Medio,Medio,FREE_TEXT,copy_verbatim,Alta,false,
CNT-078,confianza_taxonomia,Alta,Alta,FREE_TEXT,copy_verbatim,Alta,false,
CNT-078,fuente_taxonomia,Revisión visual,Revisión visual,FREE_TEXT,copy_verbatim,Alta,false,
CNT-078,nota_taxonomia,Universe aparece visible; el texto combina insinuación sexual y remate ambiental/insulto.,Universe aparece visible; el texto combina insinuación sexual y remate ambiental/insulto.,FREE_TEXT,copy_verbatim,Alta,false,
CNT-078,es_historico,,,FREE_TEXT,copy_verbatim,Alta,false,
CNT-079,id,CNT-079,CNT-079,FREE_TEXT,copy_verbatim,Alta,false,
CNT-079,titulo,Histórico julio — Universe - Existencial 2607966.jpeg,Histórico julio — Universe - Existencial 2607966.jpeg,FREE_TEXT,copy_verbatim,Alta,false,
CNT-079,personaje_principal,@char_USM_universe,@char_USM_universe,FREE_TEXT,copy_verbatim,Alta,false,
CNT-079,personajes_secundarios,,,FREE_TEXT,copy_verbatim,Alta,false,
CNT-079,tipo_contenido,Meme / Imagen histórica,,C_REAL,,Baja,true,fuera de enum; requiere decision humana (OVERRIDES)
CNT-079,plataforma,Facebook,Facebook,A,exact_enum_match,Alta,false,
CNT-079,objetivo,Histórico / Reuse / Aprendizaje,Histórico / Reuse / Aprendizaje,FREE_TEXT,copy_verbatim,Alta,false,
CNT-079,hipotesis,,,FREE_TEXT,copy_verbatim,Alta,false,
CNT-079,estado,Histórico reconciliado — pendiente de decisión de reuse,,C_REAL,,Baja,true,fuera de enum; requiere decision humana (OVERRIDES)
CNT-079,prioridad,Alta,Alta,A,exact_enum_match,Alta,false,
CNT-079,dificultad_produccion,Baja,Baja,A,exact_enum_match,Alta,false,
CNT-079,reutilizable,Sí,Sí,A,exact_enum_match,Alta,false,
CNT-079,fecha_ultima_publicacion,2026-07-22,2026-07-22,A,iso_date_parse,Alta,false,
CNT-079,fuente,Operations/Research/2026-08-17_Lista_Confirmacion_Assets_Julio.csv + Meta visual evidence + Drive 07 Julio,Operations/Research/2026-08-17_Lista_Confirmacion_Assets_Julio.csv + Meta visual evidence + Drive 07 Julio,FREE_TEXT,copy_verbatim,Alta,false,
CNT-079,formato,Imagen,Imagen,FREE_TEXT,copy_verbatim,Alta,false,
CNT-079,categoria,Reuse / Histórico,,C_REAL,,Baja,true,fuera de enum; requiere decision humana (OVERRIDES)
CNT-079,bloqueado_canon,No evaluado; no modifica canon,,C_REAL,,Baja,true,fuera de enum; requiere decision humana (OVERRIDES)
CNT-079,estado_operacion_normalizado,Historical_Reconciled,,C_REAL,,Baja,true,fuera de enum; requiere decision humana (OVERRIDES)
CNT-079,estado_canon_normalizado,Canon_Clear_or_Unverified,Canon_Clear_or_Unverified,A,exact_enum_match,Alta,false,
CNT-079,asset_ref_confirmado,2607966,2607966,FREE_TEXT,copy_verbatim,Alta,false,
CNT-079,asset_ref_candidato,,,FREE_TEXT,copy_verbatim,Alta,false,
CNT-079,reconciliacion_estado,Resolved_Historical_Asset,,C_REAL,,Baja,true,fuera de enum; requiere decision humana (OVERRIDES)
CNT-079,reconciliacion_confianza,High,High,A,exact_enum_match,Alta,false,
CNT-079,reconciliacion_fuente,Meta visual + Drive filename/ID + July confirmation CSV,Meta visual + Drive filename/ID + July confirmation CSV,FREE_TEXT,copy_verbatim,Alta,false,
CNT-079,reconciliacion_nota,"Visual match exacto confirmado en Facebook: gato con gafas y capa oscura junto a una vela, con el texto ""Quiero aclarar que lo que publico no me define como persona. En realidad estoy más loco."" CNT creado con evidencia conjunta; no se infiere por caption solamente.","Visual match exacto confirmado en Facebook: gato con gafas y capa oscura junto a una vela, con el texto ""Quiero aclarar que lo que publico no me define como persona. En realidad estoy más loco."" CNT creado con evidencia conjunta; no se infiere por caption solamente.",FREE_TEXT,copy_verbatim,Alta,false,
CNT-079,registro_relacionado,,,FREE_TEXT,copy_verbatim,Alta,false,
CNT-079,drive_reference_id,1r6TG0yLNQAlVF8RL0XfqbevmobIVd89m,1r6TG0yLNQAlVF8RL0XfqbevmobIVd89m,FREE_TEXT,copy_verbatim,Alta,false,
CNT-079,meta_publication_id,1036844829507460_122141207841072582,1036844829507460_122141207841072582,FREE_TEXT,copy_verbatim,Alta,false,
CNT-079,meta_permalink,,,FREE_TEXT,copy_verbatim,Alta,false,
CNT-079,asset_set,07 Julio,07 Julio,FREE_TEXT,copy_verbatim,Alta,false,
CNT-079,asset_ref,,,FREE_TEXT,copy_verbatim,Alta,false,
CNT-079,asset_filename,,,FREE_TEXT,copy_verbatim,Alta,false,
CNT-079,drive_id,,,FREE_TEXT,copy_verbatim,Alta,false,
CNT-079,estado_canon,,,FREE_TEXT,copy_verbatim,Alta,false,
CNT-079,estado_produccion,,,FREE_TEXT,copy_verbatim,Alta,false,
CNT-079,estado_publicacion,,,FREE_TEXT,copy_verbatim,Alta,false,
CNT-079,ultima_sincronizacion,,,FREE_TEXT,copy_verbatim,Alta,false,
CNT-079,motivo_revision_normalizado,,,FREE_TEXT,copy_verbatim,Alta,false,
CNT-079,personaje_principal_normalizado,Universe,Universe,FREE_TEXT,copy_verbatim,Alta,false,
CNT-079,personajes_secundarios_normalizados,Ninguno,Ninguno,FREE_TEXT,copy_verbatim,Alta,false,
CNT-079,rol_narrativo,Protagonista,Protagonista,FREE_TEXT,copy_verbatim,Alta,false,
CNT-079,tipo_humor_normalizado,Existencial o absurdo;Relatable cotidiano,Existencial o absurdo;Relatable cotidiano,FREE_TEXT,copy_verbatim,Alta,false,
CNT-079,potencial_etiquetado,Medio,Medio,FREE_TEXT,copy_verbatim,Alta,false,
CNT-079,confianza_taxonomia,Alta,Alta,FREE_TEXT,copy_verbatim,Alta,false,
CNT-079,fuente_taxonomia,Revisión visual,Revisión visual,FREE_TEXT,copy_verbatim,Alta,false,
CNT-079,nota_taxonomia,"Universe aparece de forma visible con gafas, capa y vela.","Universe aparece de forma visible con gafas, capa y vela.",FREE_TEXT,copy_verbatim,Alta,false,
CNT-079,es_historico,,,FREE_TEXT,copy_verbatim,Alta,false,
CNT-080,id,CNT-080,CNT-080,FREE_TEXT,copy_verbatim,Alta,false,
CNT-080,titulo,Universe - Existencial 2607823,Universe - Existencial 2607823,FREE_TEXT,copy_verbatim,Alta,false,
CNT-080,personaje_principal,@char_USM_universe,@char_USM_universe,FREE_TEXT,copy_verbatim,Alta,false,
CNT-080,personajes_secundarios,Ninguno,Ninguno,FREE_TEXT,copy_verbatim,Alta,false,
CNT-080,tipo_contenido,Meme imagen histórica / reuse,,C_REAL,,Baja,true,fuera de enum; requiere decision humana (OVERRIDES)
CNT-080,plataforma,Facebook; potencial Instagram bajo revisión,Facebook,B,conditional_to_primary,Media,false,
CNT-080,objetivo,Reuse selectivo basado en evidencia histórica,Reuse selectivo basado en evidencia histórica,FREE_TEXT,copy_verbatim,Alta,false,
CNT-080,hipotesis,El rendimiento histórico y la legibilidad visual pueden sostener un reuse contextualizado,El rendimiento histórico y la legibilidad visual pueden sostener un reuse contextualizado,FREE_TEXT,copy_verbatim,Alta,false,
CNT-080,estado,Reuse_Candidate,,C_REAL,,Baja,true,fuera de enum; requiere decision humana (OVERRIDES)
CNT-080,prioridad,P1 histórico,Alta,B,p1_historico_to_alta,Media,false,P1 histórico → Alta (prioridad operativa)
CNT-080,dificultad_produccion,Baja (asset existente),,C_REAL,,Baja,true,fuera de enum; requiere decision humana (OVERRIDES)
CNT-080,reutilizable,Sí — pendiente de calendario y distancia de 30 días,Sí,B,reutilizable_flag_strip,Media,false,detalle preservado: pendiente de calendario y distancia de 30 días
CNT-080,fecha_ultima_publicacion,2026-06-27,2026-06-27,A,iso_date_parse,Alta,false,
CNT-080,fuente,Meta Graph API + Drive + revisión visual aprobada,Meta Graph API + Drive + revisión visual aprobada,FREE_TEXT,copy_verbatim,Alta,false,
CNT-080,formato,Imagen,Imagen,FREE_TEXT,copy_verbatim,Alta,false,
CNT-080,categoria,Humor / Meme / Histórico,,C_REAL,,Baja,true,fuera de enum; requiere decision humana (OVERRIDES)
CNT-080,bloqueado_canon,No — revisión editorial separada,No,B,bloqueado_flag_strip,Media,false,detalle preservado: revisión editorial separada
CNT-080,estado_operacion_normalizado,Historical_Integrated,,C_REAL,,Baja,true,fuera de enum; requiere decision humana (OVERRIDES)
CNT-080,estado_canon_normalizado,Canon_Clear_or_Unverified,Canon_Clear_or_Unverified,A,exact_enum_match,Alta,false,
CNT-080,asset_ref_confirmado,2607823,2607823,FREE_TEXT,copy_verbatim,Alta,false,
CNT-080,asset_ref_candidato,,,FREE_TEXT,copy_verbatim,Alta,false,
CNT-080,reconciliacion_estado,Resolved_Historical_Asset,,C_REAL,,Baja,true,fuera de enum; requiere decision humana (OVERRIDES)
CNT-080,reconciliacion_confianza,High,High,A,exact_enum_match,Alta,false,
CNT-080,reconciliacion_fuente,Meta publication + Drive exact filename + visual review,Meta publication + Drive exact filename + visual review,FREE_TEXT,copy_verbatim,Alta,false,
CNT-080,reconciliacion_nota,Approved for CNT creation and reuse proposal; no publication scheduled.,Approved for CNT creation and reuse proposal; no publication scheduled.,FREE_TEXT,copy_verbatim,Alta,false,
CNT-080,registro_relacionado,Historical_Performance_Individuals; 2026-08-18_Junio_Lote_Priorizado_Taxonomia_Visual,Historical_Performance_Individuals; 2026-08-18_Junio_Lote_Priorizado_Taxonomia_Visual,FREE_TEXT,copy_verbatim,Alta,false,
CNT-080,drive_reference_id,12MKuMOEZdxvEsKqQPGXgjzwUP9ymnsRm,12MKuMOEZdxvEsKqQPGXgjzwUP9ymnsRm,FREE_TEXT,copy_verbatim,Alta,false,
CNT-080,meta_publication_id,1036844829507460_122134061121072582,1036844829507460_122134061121072582,FREE_TEXT,copy_verbatim,Alta,false,
CNT-080,meta_permalink,,,FREE_TEXT,copy_verbatim,Alta,false,
CNT-080,asset_set,06 Junio,06 Junio,FREE_TEXT,copy_verbatim,Alta,false,
CNT-080,asset_ref,,,FREE_TEXT,copy_verbatim,Alta,false,
CNT-080,asset_filename,,,FREE_TEXT,copy_verbatim,Alta,false,
CNT-080,drive_id,,,FREE_TEXT,copy_verbatim,Alta,false,
CNT-080,estado_canon,,,FREE_TEXT,copy_verbatim,Alta,false,
CNT-080,estado_produccion,,,FREE_TEXT,copy_verbatim,Alta,false,
CNT-080,estado_publicacion,,,FREE_TEXT,copy_verbatim,Alta,false,
CNT-080,ultima_sincronizacion,,,FREE_TEXT,copy_verbatim,Alta,false,
CNT-080,motivo_revision_normalizado,,,FREE_TEXT,copy_verbatim,Alta,false,
CNT-080,personaje_principal_normalizado,Universe,Universe,FREE_TEXT,copy_verbatim,Alta,false,
CNT-080,personajes_secundarios_normalizados,Ninguno,Ninguno,FREE_TEXT,copy_verbatim,Alta,false,
CNT-080,rol_narrativo,Protagonista,Protagonista,FREE_TEXT,copy_verbatim,Alta,false,
CNT-080,tipo_humor_normalizado,Sexual / relacional,Sexual / relacional,FREE_TEXT,copy_verbatim,Alta,false,
CNT-080,potencial_etiquetado,Alto,Alto,FREE_TEXT,copy_verbatim,Alta,false,
CNT-080,confianza_taxonomia,Alta,Alta,FREE_TEXT,copy_verbatim,Alta,false,
CNT-080,fuente_taxonomia,Visual review 2026-08-18 + Meta/Drive reconciliation,Visual review 2026-08-18 + Meta/Drive reconciliation,FREE_TEXT,copy_verbatim,Alta,false,
CNT-080,nota_taxonomia,La conversación puede favorecer análisis de comentarios.,La conversación puede favorecer análisis de comentarios.,FREE_TEXT,copy_verbatim,Alta,false,
CNT-080,es_historico,,,FREE_TEXT,copy_verbatim,Alta,false,
CNT-081,id,CNT-081,CNT-081,FREE_TEXT,copy_verbatim,Alta,false,
CNT-081,titulo,Universe - Existencial 2607787,Universe - Existencial 2607787,FREE_TEXT,copy_verbatim,Alta,false,
CNT-081,personaje_principal,@char_USM_universe,@char_USM_universe,FREE_TEXT,copy_verbatim,Alta,false,
CNT-081,personajes_secundarios,Fantasma,Fantasma,FREE_TEXT,copy_verbatim,Alta,false,
CNT-081,tipo_contenido,Meme imagen histórica / reuse,,C_REAL,,Baja,true,fuera de enum; requiere decision humana (OVERRIDES)
CNT-081,plataforma,Facebook; potencial Instagram bajo revisión,Facebook,B,conditional_to_primary,Media,false,
CNT-081,objetivo,Reuse selectivo basado en evidencia histórica,Reuse selectivo basado en evidencia histórica,FREE_TEXT,copy_verbatim,Alta,false,
CNT-081,hipotesis,El rendimiento histórico y la legibilidad visual pueden sostener un reuse contextualizado,El rendimiento histórico y la legibilidad visual pueden sostener un reuse contextualizado,FREE_TEXT,copy_verbatim,Alta,false,
CNT-081,estado,Reuse_Candidate,,C_REAL,,Baja,true,fuera de enum; requiere decision humana (OVERRIDES)
CNT-081,prioridad,P1 histórico,Alta,B,p1_historico_to_alta,Media,false,P1 histórico → Alta (prioridad operativa)
CNT-081,dificultad_produccion,Baja (asset existente),,C_REAL,,Baja,true,fuera de enum; requiere decision humana (OVERRIDES)
CNT-081,reutilizable,Sí — pendiente de calendario y distancia de 30 días,Sí,B,reutilizable_flag_strip,Media,false,detalle preservado: pendiente de calendario y distancia de 30 días
CNT-081,fecha_ultima_publicacion,2026-06-20,2026-06-20,A,iso_date_parse,Alta,false,
CNT-081,fuente,Meta Graph API + Drive + revisión visual aprobada,Meta Graph API + Drive + revisión visual aprobada,FREE_TEXT,copy_verbatim,Alta,false,
CNT-081,formato,Imagen,Imagen,FREE_TEXT,copy_verbatim,Alta,false,
CNT-081,categoria,Humor / Meme / Histórico,,C_REAL,,Baja,true,fuera de enum; requiere decision humana (OVERRIDES)
CNT-081,bloqueado_canon,No — revisión editorial separada,No,B,bloqueado_flag_strip,Media,false,detalle preservado: revisión editorial separada
CNT-081,estado_operacion_normalizado,Historical_Integrated,,C_REAL,,Baja,true,fuera de enum; requiere decision humana (OVERRIDES)
CNT-081,estado_canon_normalizado,Canon_Clear_or_Unverified,Canon_Clear_or_Unverified,A,exact_enum_match,Alta,false,
CNT-081,asset_ref_confirmado,2607787,2607787,FREE_TEXT,copy_verbatim,Alta,false,
CNT-081,asset_ref_candidato,,,FREE_TEXT,copy_verbatim,Alta,false,
CNT-081,reconciliacion_estado,Resolved_Historical_Asset,,C_REAL,,Baja,true,fuera de enum; requiere decision humana (OVERRIDES)
CNT-081,reconciliacion_confianza,High,High,A,exact_enum_match,Alta,false,
CNT-081,reconciliacion_fuente,Meta publication + Drive exact filename + visual review,Meta publication + Drive exact filename + visual review,FREE_TEXT,copy_verbatim,Alta,false,
CNT-081,reconciliacion_nota,Approved for CNT creation and reuse proposal; no publication scheduled.,Approved for CNT creation and reuse proposal; no publication scheduled.,FREE_TEXT,copy_verbatim,Alta,false,
CNT-081,registro_relacionado,Historical_Performance_Individuals; 2026-08-18_Junio_Lote_Priorizado_Taxonomia_Visual,Historical_Performance_Individuals; 2026-08-18_Junio_Lote_Priorizado_Taxonomia_Visual,FREE_TEXT,copy_verbatim,Alta,false,
CNT-081,drive_reference_id,1_GbN_fXvFCIrxfHqRoDMMF505injvLTF,1_GbN_fXvFCIrxfHqRoDMMF505injvLTF,FREE_TEXT,copy_verbatim,Alta,false,
CNT-081,meta_publication_id,1036844829507460_122132365443072582,1036844829507460_122132365443072582,FREE_TEXT,copy_verbatim,Alta,false,
CNT-081,meta_permalink,,,FREE_TEXT,copy_verbatim,Alta,false,
CNT-081,asset_set,06 Junio,06 Junio,FREE_TEXT,copy_verbatim,Alta,false,
CNT-081,asset_ref,,,FREE_TEXT,copy_verbatim,Alta,false,
CNT-081,asset_filename,,,FREE_TEXT,copy_verbatim,Alta,false,
CNT-081,drive_id,,,FREE_TEXT,copy_verbatim,Alta,false,
CNT-081,estado_canon,,,FREE_TEXT,copy_verbatim,Alta,false,
CNT-081,estado_produccion,,,FREE_TEXT,copy_verbatim,Alta,false,
CNT-081,estado_publicacion,,,FREE_TEXT,copy_verbatim,Alta,false,
CNT-081,ultima_sincronizacion,,,FREE_TEXT,copy_verbatim,Alta,false,
CNT-081,motivo_revision_normalizado,,,FREE_TEXT,copy_verbatim,Alta,false,
CNT-081,personaje_principal_normalizado,Universe,Universe,FREE_TEXT,copy_verbatim,Alta,false,
CNT-081,personajes_secundarios_normalizados,Fantasma,Fantasma,FREE_TEXT,copy_verbatim,Alta,false,
CNT-081,rol_narrativo,Dúo,Dúo,FREE_TEXT,copy_verbatim,Alta,false,
CNT-081,tipo_humor_normalizado,Conversacional / ácido,Conversacional / ácido,FREE_TEXT,copy_verbatim,Alta,false,
CNT-081,potencial_etiquetado,Alto,Alto,FREE_TEXT,copy_verbatim,Alta,false,
CNT-081,confianza_taxonomia,Alta,Alta,FREE_TEXT,copy_verbatim,Alta,false,
CNT-081,fuente_taxonomia,Visual review 2026-08-18 + Meta/Drive reconciliation,Visual review 2026-08-18 + Meta/Drive reconciliation,FREE_TEXT,copy_verbatim,Alta,false,
CNT-081,nota_taxonomia,Universe y Fantasma dialogan en la misma pieza.,Universe y Fantasma dialogan en la misma pieza.,FREE_TEXT,copy_verbatim,Alta,false,
CNT-081,es_historico,,,FREE_TEXT,copy_verbatim,Alta,false,
CNT-082,id,CNT-082,CNT-082,FREE_TEXT,copy_verbatim,Alta,false,
CNT-082,titulo,Universe - Existencial 2607816,Universe - Existencial 2607816,FREE_TEXT,copy_verbatim,Alta,false,
CNT-082,personaje_principal,@char_USM_universe,@char_USM_universe,FREE_TEXT,copy_verbatim,Alta,false,
CNT-082,personajes_secundarios,Ninguno,Ninguno,FREE_TEXT,copy_verbatim,Alta,false,
CNT-082,tipo_contenido,Meme imagen histórica / reuse,,C_REAL,,Baja,true,fuera de enum; requiere decision humana (OVERRIDES)
CNT-082,plataforma,Facebook; potencial Instagram bajo revisión,Facebook,B,conditional_to_primary,Media,false,
CNT-082,objetivo,Reuse selectivo basado en evidencia histórica,Reuse selectivo basado en evidencia histórica,FREE_TEXT,copy_verbatim,Alta,false,
CNT-082,hipotesis,El rendimiento histórico y la legibilidad visual pueden sostener un reuse contextualizado,El rendimiento histórico y la legibilidad visual pueden sostener un reuse contextualizado,FREE_TEXT,copy_verbatim,Alta,false,
CNT-082,estado,Reuse_Candidate,,C_REAL,,Baja,true,fuera de enum; requiere decision humana (OVERRIDES)
CNT-082,prioridad,P1 histórico,Alta,B,p1_historico_to_alta,Media,false,P1 histórico → Alta (prioridad operativa)
CNT-082,dificultad_produccion,Baja (asset existente),,C_REAL,,Baja,true,fuera de enum; requiere decision humana (OVERRIDES)
CNT-082,reutilizable,Sí — pendiente de calendario y distancia de 30 días,Sí,B,reutilizable_flag_strip,Media,false,detalle preservado: pendiente de calendario y distancia de 30 días
CNT-082,fecha_ultima_publicacion,2026-06-26,2026-06-26,A,iso_date_parse,Alta,false,
CNT-082,fuente,Meta Graph API + Drive + revisión visual aprobada,Meta Graph API + Drive + revisión visual aprobada,FREE_TEXT,copy_verbatim,Alta,false,
CNT-082,formato,Imagen,Imagen,FREE_TEXT,copy_verbatim,Alta,false,
CNT-082,categoria,Humor / Meme / Histórico,,C_REAL,,Baja,true,fuera de enum; requiere decision humana (OVERRIDES)
CNT-082,bloqueado_canon,No — revisión editorial separada,No,B,bloqueado_flag_strip,Media,false,detalle preservado: revisión editorial separada
CNT-082,estado_operacion_normalizado,Historical_Integrated,,C_REAL,,Baja,true,fuera de enum; requiere decision humana (OVERRIDES)
CNT-082,estado_canon_normalizado,Canon_Clear_or_Unverified,Canon_Clear_or_Unverified,A,exact_enum_match,Alta,false,
CNT-082,asset_ref_confirmado,2607816,2607816,FREE_TEXT,copy_verbatim,Alta,false,
CNT-082,asset_ref_candidato,,,FREE_TEXT,copy_verbatim,Alta,false,
CNT-082,reconciliacion_estado,Resolved_Historical_Asset,,C_REAL,,Baja,true,fuera de enum; requiere decision humana (OVERRIDES)
CNT-082,reconciliacion_confianza,High,High,A,exact_enum_match,Alta,false,
CNT-082,reconciliacion_fuente,Meta publication + Drive exact filename + visual review,Meta publication + Drive exact filename + visual review,FREE_TEXT,copy_verbatim,Alta,false,
CNT-082,reconciliacion_nota,Approved for CNT creation and reuse proposal; no publication scheduled.,Approved for CNT creation and reuse proposal; no publication scheduled.,FREE_TEXT,copy_verbatim,Alta,false,
CNT-082,registro_relacionado,Historical_Performance_Individuals; 2026-08-18_Junio_Lote_Priorizado_Taxonomia_Visual,Historical_Performance_Individuals; 2026-08-18_Junio_Lote_Priorizado_Taxonomia_Visual,FREE_TEXT,copy_verbatim,Alta,false,
CNT-082,drive_reference_id,1Vfb08MN_QjWGHghs8dH_ct67QxvKdAwx,1Vfb08MN_QjWGHghs8dH_ct67QxvKdAwx,FREE_TEXT,copy_verbatim,Alta,false,
CNT-082,meta_publication_id,1036844829507460_122133575895072582,1036844829507460_122133575895072582,FREE_TEXT,copy_verbatim,Alta,false,
CNT-082,meta_permalink,,,FREE_TEXT,copy_verbatim,Alta,false,
CNT-082,asset_set,06 Junio,06 Junio,FREE_TEXT,copy_verbatim,Alta,false,
CNT-082,asset_ref,,,FREE_TEXT,copy_verbatim,Alta,false,
CNT-082,asset_filename,,,FREE_TEXT,copy_verbatim,Alta,false,
CNT-082,drive_id,,,FREE_TEXT,copy_verbatim,Alta,false,
CNT-082,estado_canon,,,FREE_TEXT,copy_verbatim,Alta,false,
CNT-082,estado_produccion,,,FREE_TEXT,copy_verbatim,Alta,false,
CNT-082,estado_publicacion,,,FREE_TEXT,copy_verbatim,Alta,false,
CNT-082,ultima_sincronizacion,,,FREE_TEXT,copy_verbatim,Alta,false,
CNT-082,motivo_revision_normalizado,,,FREE_TEXT,copy_verbatim,Alta,false,
CNT-082,personaje_principal_normalizado,Universe,Universe,FREE_TEXT,copy_verbatim,Alta,false,
CNT-082,personajes_secundarios_normalizados,Ninguno,Ninguno,FREE_TEXT,copy_verbatim,Alta,false,
CNT-082,rol_narrativo,Protagonista,Protagonista,FREE_TEXT,copy_verbatim,Alta,false,
CNT-082,tipo_humor_normalizado,Observacional / ácido,Observacional / ácido,FREE_TEXT,copy_verbatim,Alta,false,
CNT-082,potencial_etiquetado,Medio,Medio,FREE_TEXT,copy_verbatim,Alta,false,
CNT-082,confianza_taxonomia,Alta,Alta,FREE_TEXT,copy_verbatim,Alta,false,
CNT-082,fuente_taxonomia,Visual review 2026-08-18 + Meta/Drive reconciliation,Visual review 2026-08-18 + Meta/Drive reconciliation,FREE_TEXT,copy_verbatim,Alta,false,
CNT-082,nota_taxonomia,Universe visible; texto social.,Universe visible; texto social.,FREE_TEXT,copy_verbatim,Alta,false,
CNT-082,es_historico,,,FREE_TEXT,copy_verbatim,Alta,false,
CNT-083,id,CNT-083,CNT-083,FREE_TEXT,copy_verbatim,Alta,false,
CNT-083,titulo,Universe - Existencial 2607828,Universe - Existencial 2607828,FREE_TEXT,copy_verbatim,Alta,false,
CNT-083,personaje_principal,@char_USM_ganso,@char_USM_ganso,FREE_TEXT,copy_verbatim,Alta,false,
CNT-083,personajes_secundarios,Ninguno,Ninguno,FREE_TEXT,copy_verbatim,Alta,false,
CNT-083,tipo_contenido,Meme imagen histórica / reuse,,C_REAL,,Baja,true,fuera de enum; requiere decision humana (OVERRIDES)
CNT-083,plataforma,Facebook; potencial Instagram bajo revisión,Facebook,B,conditional_to_primary,Media,false,
CNT-083,objetivo,Reuse selectivo basado en evidencia histórica,Reuse selectivo basado en evidencia histórica,FREE_TEXT,copy_verbatim,Alta,false,
CNT-083,hipotesis,El rendimiento histórico y la legibilidad visual pueden sostener un reuse contextualizado,El rendimiento histórico y la legibilidad visual pueden sostener un reuse contextualizado,FREE_TEXT,copy_verbatim,Alta,false,
CNT-083,estado,Reuse_Candidate,,C_REAL,,Baja,true,fuera de enum; requiere decision humana (OVERRIDES)
CNT-083,prioridad,P1 histórico,Alta,B,p1_historico_to_alta,Media,false,P1 histórico → Alta (prioridad operativa)
CNT-083,dificultad_produccion,Baja (asset existente),,C_REAL,,Baja,true,fuera de enum; requiere decision humana (OVERRIDES)
CNT-083,reutilizable,Sí — pendiente de calendario y distancia de 30 días,Sí,B,reutilizable_flag_strip,Media,false,detalle preservado: pendiente de calendario y distancia de 30 días
CNT-083,fecha_ultima_publicacion,2026-06-28,2026-06-28,A,iso_date_parse,Alta,false,
CNT-083,fuente,Meta Graph API + Drive + revisión visual aprobada,Meta Graph API + Drive + revisión visual aprobada,FREE_TEXT,copy_verbatim,Alta,false,
CNT-083,formato,Imagen,Imagen,FREE_TEXT,copy_verbatim,Alta,false,
CNT-083,categoria,Humor / Meme / Histórico,,C_REAL,,Baja,true,fuera de enum; requiere decision humana (OVERRIDES)
CNT-083,bloqueado_canon,No — revisión editorial separada,No,B,bloqueado_flag_strip,Media,false,detalle preservado: revisión editorial separada
CNT-083,estado_operacion_normalizado,Historical_Integrated,,C_REAL,,Baja,true,fuera de enum; requiere decision humana (OVERRIDES)
CNT-083,estado_canon_normalizado,Canon_Clear_or_Unverified,Canon_Clear_or_Unverified,A,exact_enum_match,Alta,false,
CNT-083,asset_ref_confirmado,2607828,2607828,FREE_TEXT,copy_verbatim,Alta,false,
CNT-083,asset_ref_candidato,,,FREE_TEXT,copy_verbatim,Alta,false,
CNT-083,reconciliacion_estado,Resolved_Historical_Asset,,C_REAL,,Baja,true,fuera de enum; requiere decision humana (OVERRIDES)
CNT-083,reconciliacion_confianza,High,High,A,exact_enum_match,Alta,false,
CNT-083,reconciliacion_fuente,Meta publication + Drive exact filename + visual review,Meta publication + Drive exact filename + visual review,FREE_TEXT,copy_verbatim,Alta,false,
CNT-083,reconciliacion_nota,Approved for CNT creation and reuse proposal; no publication scheduled.,Approved for CNT creation and reuse proposal; no publication scheduled.,FREE_TEXT,copy_verbatim,Alta,false,
CNT-083,registro_relacionado,Historical_Performance_Individuals; 2026-08-18_Junio_Lote_Priorizado_Taxonomia_Visual,Historical_Performance_Individuals; 2026-08-18_Junio_Lote_Priorizado_Taxonomia_Visual,FREE_TEXT,copy_verbatim,Alta,false,
CNT-083,drive_reference_id,1Uk62iNYZ4mQQyZFe8ULVLCBcr6NzxdoR,1Uk62iNYZ4mQQyZFe8ULVLCBcr6NzxdoR,FREE_TEXT,copy_verbatim,Alta,false,
CNT-083,meta_publication_id,1036844829507460_122134169481072582,1036844829507460_122134169481072582,FREE_TEXT,copy_verbatim,Alta,false,
CNT-083,meta_permalink,,,FREE_TEXT,copy_verbatim,Alta,false,
CNT-083,asset_set,06 Junio,06 Junio,FREE_TEXT,copy_verbatim,Alta,false,
CNT-083,asset_ref,,,FREE_TEXT,copy_verbatim,Alta,false,
CNT-083,asset_filename,,,FREE_TEXT,copy_verbatim,Alta,false,
CNT-083,drive_id,,,FREE_TEXT,copy_verbatim,Alta,false,
CNT-083,estado_canon,,,FREE_TEXT,copy_verbatim,Alta,false,
CNT-083,estado_produccion,,,FREE_TEXT,copy_verbatim,Alta,false,
CNT-083,estado_publicacion,,,FREE_TEXT,copy_verbatim,Alta,false,
CNT-083,ultima_sincronizacion,,,FREE_TEXT,copy_verbatim,Alta,false,
CNT-083,motivo_revision_normalizado,,,FREE_TEXT,copy_verbatim,Alta,false,
CNT-083,personaje_principal_normalizado,Ganso,Ganso,FREE_TEXT,copy_verbatim,Alta,false,
CNT-083,personajes_secundarios_normalizados,Ninguno,Ninguno,FREE_TEXT,copy_verbatim,Alta,false,
CNT-083,rol_narrativo,Protagonista,Protagonista,FREE_TEXT,copy_verbatim,Alta,false,
CNT-083,tipo_humor_normalizado,Absurdo / identidad,Absurdo / identidad,FREE_TEXT,copy_verbatim,Alta,false,
CNT-083,potencial_etiquetado,Medio,Medio,FREE_TEXT,copy_verbatim,Alta,false,
CNT-083,confianza_taxonomia,Alta,Alta,FREE_TEXT,copy_verbatim,Alta,false,
CNT-083,fuente_taxonomia,Visual review 2026-08-18 + Meta/Drive reconciliation,Visual review 2026-08-18 + Meta/Drive reconciliation,FREE_TEXT,copy_verbatim,Alta,false,
CNT-083,nota_taxonomia,Ganso visible; no atribuir a Universe.,Ganso visible; no atribuir a Universe.,FREE_TEXT,copy_verbatim,Alta,false,
CNT-083,es_historico,,,FREE_TEXT,copy_verbatim,Alta,false,
CNT-084,id,CNT-084,CNT-084,FREE_TEXT,copy_verbatim,Alta,false,
CNT-084,titulo,Universe - Existencial 260740,Universe - Existencial 260740,FREE_TEXT,copy_verbatim,Alta,false,
CNT-084,personaje_principal,@char_USM_universe,@char_USM_universe,FREE_TEXT,copy_verbatim,Alta,false,
CNT-084,personajes_secundarios,Ninguno,Ninguno,FREE_TEXT,copy_verbatim,Alta,false,
CNT-084,tipo_contenido,Meme imagen histórica / reuse,,C_REAL,,Baja,true,fuera de enum; requiere decision humana (OVERRIDES)
CNT-084,plataforma,Facebook; potencial Instagram bajo revisión,Facebook,B,conditional_to_primary,Media,false,
CNT-084,objetivo,Reuse selectivo basado en evidencia histórica,Reuse selectivo basado en evidencia histórica,FREE_TEXT,copy_verbatim,Alta,false,
CNT-084,hipotesis,El rendimiento histórico y la legibilidad visual pueden sostener un reuse contextualizado,El rendimiento histórico y la legibilidad visual pueden sostener un reuse contextualizado,FREE_TEXT,copy_verbatim,Alta,false,
CNT-084,estado,Reuse_Candidate,,C_REAL,,Baja,true,fuera de enum; requiere decision humana (OVERRIDES)
CNT-084,prioridad,P1 histórico,Alta,B,p1_historico_to_alta,Media,false,P1 histórico → Alta (prioridad operativa)
CNT-084,dificultad_produccion,Baja (asset existente),,C_REAL,,Baja,true,fuera de enum; requiere decision humana (OVERRIDES)
CNT-084,reutilizable,Sí — pendiente de calendario y distancia de 30 días,Sí,B,reutilizable_flag_strip,Media,false,detalle preservado: pendiente de calendario y distancia de 30 días
CNT-084,fecha_ultima_publicacion,2026-06-11,2026-06-11,A,iso_date_parse,Alta,false,
CNT-084,fuente,Meta Graph API + Drive + revisión visual aprobada,Meta Graph API + Drive + revisión visual aprobada,FREE_TEXT,copy_verbatim,Alta,false,
CNT-084,formato,Imagen,Imagen,FREE_TEXT,copy_verbatim,Alta,false,
CNT-084,categoria,Humor / Meme / Histórico,,C_REAL,,Baja,true,fuera de enum; requiere decision humana (OVERRIDES)
CNT-084,bloqueado_canon,No — revisión editorial separada,No,B,bloqueado_flag_strip,Media,false,detalle preservado: revisión editorial separada
CNT-084,estado_operacion_normalizado,Historical_Integrated,,C_REAL,,Baja,true,fuera de enum; requiere decision humana (OVERRIDES)
CNT-084,estado_canon_normalizado,Canon_Clear_or_Unverified,Canon_Clear_or_Unverified,A,exact_enum_match,Alta,false,
CNT-084,asset_ref_confirmado,260740,260740,FREE_TEXT,copy_verbatim,Alta,false,
CNT-084,asset_ref_candidato,,,FREE_TEXT,copy_verbatim,Alta,false,
CNT-084,reconciliacion_estado,Resolved_Historical_Asset,,C_REAL,,Baja,true,fuera de enum; requiere decision humana (OVERRIDES)
CNT-084,reconciliacion_confianza,High,High,A,exact_enum_match,Alta,false,
CNT-084,reconciliacion_fuente,Meta publication + Drive exact filename + visual review,Meta publication + Drive exact filename + visual review,FREE_TEXT,copy_verbatim,Alta,false,
CNT-084,reconciliacion_nota,Approved for CNT creation and reuse proposal; no publication scheduled.,Approved for CNT creation and reuse proposal; no publication scheduled.,FREE_TEXT,copy_verbatim,Alta,false,
CNT-084,registro_relacionado,Historical_Performance_Individuals; 2026-08-18_Junio_Lote_Priorizado_Taxonomia_Visual,Historical_Performance_Individuals; 2026-08-18_Junio_Lote_Priorizado_Taxonomia_Visual,FREE_TEXT,copy_verbatim,Alta,false,
CNT-084,drive_reference_id,16DxglDxYHu6c0WyV9ENjGpIou2Q2_jFU,16DxglDxYHu6c0WyV9ENjGpIou2Q2_jFU,FREE_TEXT,copy_verbatim,Alta,false,
CNT-084,meta_publication_id,1036844829507460_122129214813072582,1036844829507460_122129214813072582,FREE_TEXT,copy_verbatim,Alta,false,
CNT-084,meta_permalink,,,FREE_TEXT,copy_verbatim,Alta,false,
CNT-084,asset_set,06 Junio,06 Junio,FREE_TEXT,copy_verbatim,Alta,false,
CNT-084,asset_ref,,,FREE_TEXT,copy_verbatim,Alta,false,
CNT-084,asset_filename,,,FREE_TEXT,copy_verbatim,Alta,false,
CNT-084,drive_id,,,FREE_TEXT,copy_verbatim,Alta,false,
CNT-084,estado_canon,,,FREE_TEXT,copy_verbatim,Alta,false,
CNT-084,estado_produccion,,,FREE_TEXT,copy_verbatim,Alta,false,
CNT-084,estado_publicacion,,,FREE_TEXT,copy_verbatim,Alta,false,
CNT-084,ultima_sincronizacion,,,FREE_TEXT,copy_verbatim,Alta,false,
CNT-084,motivo_revision_normalizado,,,FREE_TEXT,copy_verbatim,Alta,false,
CNT-084,personaje_principal_normalizado,Universe,Universe,FREE_TEXT,copy_verbatim,Alta,false,
CNT-084,personajes_secundarios_normalizados,Ninguno,Ninguno,FREE_TEXT,copy_verbatim,Alta,false,
CNT-084,rol_narrativo,Protagonista,Protagonista,FREE_TEXT,copy_verbatim,Alta,false,
CNT-084,tipo_humor_normalizado,Observacional oscuro / pieza textual,Observacional oscuro / pieza textual,FREE_TEXT,copy_verbatim,Alta,false,
CNT-084,potencial_etiquetado,Medio,Medio,FREE_TEXT,copy_verbatim,Alta,false,
CNT-084,confianza_taxonomia,Alta,Alta,FREE_TEXT,copy_verbatim,Alta,false,
CNT-084,fuente_taxonomia,Visual review 2026-08-18 + Meta/Drive reconciliation,Visual review 2026-08-18 + Meta/Drive reconciliation,FREE_TEXT,copy_verbatim,Alta,false,
CNT-084,nota_taxonomia,La pieza compara diagnósticos; requiere revisión de sensibilidad y contexto antes de reuse.,La pieza compara diagnósticos; requiere revisión de sensibilidad y contexto antes de reuse.,FREE_TEXT,copy_verbatim,Alta,false,
CNT-084,es_historico,,,FREE_TEXT,copy_verbatim,Alta,false,
CNT-085,id,CNT-085,CNT-085,FREE_TEXT,copy_verbatim,Alta,false,
CNT-085,titulo,Universe - Existencial 2607837,Universe - Existencial 2607837,FREE_TEXT,copy_verbatim,Alta,false,
CNT-085,personaje_principal,@char_USM_universe,@char_USM_universe,FREE_TEXT,copy_verbatim,Alta,false,
CNT-085,personajes_secundarios,Ninguno,Ninguno,FREE_TEXT,copy_verbatim,Alta,false,
CNT-085,tipo_contenido,Meme imagen histórica / reuse,,C_REAL,,Baja,true,fuera de enum; requiere decision humana (OVERRIDES)
CNT-085,plataforma,Facebook; potencial Instagram bajo revisión,Facebook,B,conditional_to_primary,Media,false,
CNT-085,objetivo,Reuse selectivo basado en evidencia histórica,Reuse selectivo basado en evidencia histórica,FREE_TEXT,copy_verbatim,Alta,false,
CNT-085,hipotesis,El rendimiento histórico y la legibilidad visual pueden sostener un reuse contextualizado,El rendimiento histórico y la legibilidad visual pueden sostener un reuse contextualizado,FREE_TEXT,copy_verbatim,Alta,false,
CNT-085,estado,Reuse_Candidate,,C_REAL,,Baja,true,fuera de enum; requiere decision humana (OVERRIDES)
CNT-085,prioridad,P1 histórico,Alta,B,p1_historico_to_alta,Media,false,P1 histórico → Alta (prioridad operativa)
CNT-085,dificultad_produccion,Baja (asset existente),,C_REAL,,Baja,true,fuera de enum; requiere decision humana (OVERRIDES)
CNT-085,reutilizable,Sí — pendiente de calendario y distancia de 30 días,Sí,B,reutilizable_flag_strip,Media,false,detalle preservado: pendiente de calendario y distancia de 30 días
CNT-085,fecha_ultima_publicacion,2026-06-29,2026-06-29,A,iso_date_parse,Alta,false,
CNT-085,fuente,Meta Graph API + Drive + revisión visual aprobada,Meta Graph API + Drive + revisión visual aprobada,FREE_TEXT,copy_verbatim,Alta,false,
CNT-085,formato,Imagen,Imagen,FREE_TEXT,copy_verbatim,Alta,false,
CNT-085,categoria,Humor / Meme / Histórico,,C_REAL,,Baja,true,fuera de enum; requiere decision humana (OVERRIDES)
CNT-085,bloqueado_canon,No — revisión editorial separada,No,B,bloqueado_flag_strip,Media,false,detalle preservado: revisión editorial separada
CNT-085,estado_operacion_normalizado,Historical_Integrated,,C_REAL,,Baja,true,fuera de enum; requiere decision humana (OVERRIDES)
CNT-085,estado_canon_normalizado,Canon_Clear_or_Unverified,Canon_Clear_or_Unverified,A,exact_enum_match,Alta,false,
CNT-085,asset_ref_confirmado,2607837,2607837,FREE_TEXT,copy_verbatim,Alta,false,
CNT-085,asset_ref_candidato,,,FREE_TEXT,copy_verbatim,Alta,false,
CNT-085,reconciliacion_estado,Resolved_Historical_Asset,,C_REAL,,Baja,true,fuera de enum; requiere decision humana (OVERRIDES)
CNT-085,reconciliacion_confianza,High,High,A,exact_enum_match,Alta,false,
CNT-085,reconciliacion_fuente,Meta publication + Drive exact filename + visual review,Meta publication + Drive exact filename + visual review,FREE_TEXT,copy_verbatim,Alta,false,
CNT-085,reconciliacion_nota,Approved for CNT creation and reuse proposal; no publication scheduled.,Approved for CNT creation and reuse proposal; no publication scheduled.,FREE_TEXT,copy_verbatim,Alta,false,
CNT-085,registro_relacionado,Historical_Performance_Individuals; 2026-08-18_Junio_Lote_Priorizado_Taxonomia_Visual,Historical_Performance_Individuals; 2026-08-18_Junio_Lote_Priorizado_Taxonomia_Visual,FREE_TEXT,copy_verbatim,Alta,false,
CNT-085,drive_reference_id,1oFJmvIfqhUiqPZNAjzQd0Kb7VaTsHTVC,1oFJmvIfqhUiqPZNAjzQd0Kb7VaTsHTVC,FREE_TEXT,copy_verbatim,Alta,false,
CNT-085,meta_publication_id,1036844829507460_122134374249072582,1036844829507460_122134374249072582,FREE_TEXT,copy_verbatim,Alta,false,
CNT-085,meta_permalink,,,FREE_TEXT,copy_verbatim,Alta,false,
CNT-085,asset_set,06 Junio,06 Junio,FREE_TEXT,copy_verbatim,Alta,false,
CNT-085,asset_ref,,,FREE_TEXT,copy_verbatim,Alta,false,
CNT-085,asset_filename,,,FREE_TEXT,copy_verbatim,Alta,false,
CNT-085,drive_id,,,FREE_TEXT,copy_verbatim,Alta,false,
CNT-085,estado_canon,,,FREE_TEXT,copy_verbatim,Alta,false,
CNT-085,estado_produccion,,,FREE_TEXT,copy_verbatim,Alta,false,
CNT-085,estado_publicacion,,,FREE_TEXT,copy_verbatim,Alta,false,
CNT-085,ultima_sincronizacion,,,FREE_TEXT,copy_verbatim,Alta,false,
CNT-085,motivo_revision_normalizado,,,FREE_TEXT,copy_verbatim,Alta,false,
CNT-085,personaje_principal_normalizado,Universe,Universe,FREE_TEXT,copy_verbatim,Alta,false,
CNT-085,personajes_secundarios_normalizados,Ninguno,Ninguno,FREE_TEXT,copy_verbatim,Alta,false,
CNT-085,rol_narrativo,Protagonista,Protagonista,FREE_TEXT,copy_verbatim,Alta,false,
CNT-085,tipo_humor_normalizado,Sexual / insinuación,Sexual / insinuación,FREE_TEXT,copy_verbatim,Alta,false,
CNT-085,potencial_etiquetado,Medio,Medio,FREE_TEXT,copy_verbatim,Alta,false,
CNT-085,confianza_taxonomia,Alta,Alta,FREE_TEXT,copy_verbatim,Alta,false,
CNT-085,fuente_taxonomia,Visual review 2026-08-18 + Meta/Drive reconciliation,Visual review 2026-08-18 + Meta/Drive reconciliation,FREE_TEXT,copy_verbatim,Alta,false,
CNT-085,nota_taxonomia,Universe visible en estética oscura.,Universe visible en estética oscura.,FREE_TEXT,copy_verbatim,Alta,false,
CNT-085,es_historico,,,FREE_TEXT,copy_verbatim,Alta,false,
